id,name,nasaJplUrl,absoluteMagnitude,estimatedDiameterMinKm,estimatedDiameterMaxKm,isPotentiallyHazardous,isSentryObject,closeApproachDate,closeApproachVelocityKmh,missDistanceKm,orbitingBody,class,neo,pha,H,diameter,albedo,rot_per,GM,density,e,a,q,i,om,w,ma,n,per,moid,condition_code,n_obs_used
2001620,1620 Geographos (1951 RA),https://ssd.jpl.nasa.gov/tools/sbdb_lookup.html#/?sstr=2001620,15.26,2.35806068,5.2727839755,True,False,1901-08-23,42346.1219923274,5071250.822425447,Earth,APO,Y,Y,15.26,2.56,0.29,5.22204,,,0.3355,1.246,0.828,13.34,337.14,277.02,212.92,0.7088,508.0,0.0294,0.0,9291
2001863,1863 Antinous (1948 EA),https://ssd.jpl.nasa.gov/tools/sbdb_lookup.html#/?sstr=2001863,15.35,2.2623249055,5.058712276,False,False,1907-10-11,65086.2510865704,13378704.031489097,Mars,APO,Y,N,15.35,2.1,0.24,7.453,,,0.6063,2.26,0.89,18.38,345.55,269.07,289.56,0.2901,1240.0,0.187,0.0,1916
2001915,1915 Quetzalcoatl (1953 EA),https://ssd.jpl.nasa.gov/tools/sbdb_lookup.html#/?sstr=2001915,18.38,0.5604733623,1.2532565376,False,False,1906-03-06,54435.5501077667,3789658.286758657,Earth,AMO,Y,N,18.38,0.5,0.21,4.9,,,0.5702,2.545,1.094,20.4,162.92,347.76,21.62,0.2428,1480.0,0.109,0.0,55
2001917,1917 Cuyo (1968 AA),https://ssd.jpl.nasa.gov/tools/sbdb_lookup.html#/?sstr=2001917,14.38,3.536347843,7.907514169,False,False,1926-09-28,54844.1631468403,16872241.42782752,Earth,AMO,Y,N,14.38,5.7,0.195,2.689,,,0.5055,2.149,1.063,23.96,188.27,194.55,160.09,0.3128,1150.0,0.0717,0.0,4260
2002063,2063 Bacchus (1977 HB),https://ssd.jpl.nasa.gov/tools/sbdb_lookup.html#/?sstr=2002063,17.21,0.9606274149,2.1480282008,False,False,1903-03-06,37400.8037755259,9959874.764243584,Venus,APO,Y,N,17.21,1.024,0.203,14.904,,,0.3494,1.078,0.701,9.43,33.04,55.35,234.79,0.8806,409.0,0.0667,0.0,1561
2002100,2100 Ra-Shalom (1978 RA),https://ssd.jpl.nasa.gov/tools/sbdb_lookup.html#/?sstr=2002100,16.24,1.5016024791,3.3576852183,False,False,1906-12-24,64782.4637706833,12234214.413167575,Merc,ATE,Y,N,16.24,2.3,0.13,19.797,,,0.4365,0.832,0.469,15.76,170.76,356.08,249.11,1.299,277.0,0.15,0.0,4167
2002102,2102 Tantalus (1975 YA),https://ssd.jpl.nasa.gov/tools/sbdb_lookup.html#/?sstr=2002102,16.0,1.6770846216,3.750075218,True,False,1912-12-23,122044.0248632747,10979849.692146514,Earth,APO,Y,Y,16.0,1.649,0.245,2.384,,,0.2994,1.29,0.904,64.01,94.35,61.5,347.36,0.6726,535.0,0.0426,0.0,2284
2002201,2201 Oljato (1947 XC),https://ssd.jpl.nasa.gov/tools/sbdb_lookup.html#/?sstr=2002201,15.32,2.29379698,5.1290859738,True,False,1903-06-18,91244.2564079327,25845171.905392267,Earth,APO,Y,Y,15.32,1.8,0.4328,26.0,,,0.7107,2.179,0.63,2.52,74.86,98.37,97.01,0.3065,1170.0,0.00278,0.0,1861
2002340,2340 Hathor (1976 UA),https://ssd.jpl.nasa.gov/tools/sbdb_lookup.html#/?sstr=2002340,20.41,0.2200670271,0.4920848322,True,False,1901-07-04,62969.6371285868,11911205.968456928,Merc,ATE,Y,Y,20.41,0.3,,3.35,,,0.4499,0.8439,0.464,5.86,211.28,40.12,201.98,1.271,283.0,0.00663,0.0,572
2000887,887 Alinda (A918 AA),https://ssd.jpl.nasa.gov/tools/sbdb_lookup.html#/?sstr=2000887,13.82,4.5767266723,10.2338719537,False,False,1974-01-04,25545.5052610523,20461808.703836128,Earth,AMO,Y,N,13.82,4.2,0.31,28.41,,,0.5712,2.474,1.061,9.4,110.41,350.53,81.54,0.2533,1420.0,0.0797,0.0,5886
2001627,1627 Ivar (1929 SH),https://ssd.jpl.nasa.gov/tools/sbdb_lookup.html#/?sstr=2001627,12.79,7.3545308935,16.4452310205,False,False,1929-07-19,23579.5333152807,24911350.704977863,Earth,AMO,Y,N,12.79,9.12,0.15,4.795,,,0.3973,1.863,1.123,8.46,133.07,167.84,311.46,0.3876,929.0,0.109,0.0,14439
2001916,1916 Boreas (1953 RA),https://ssd.jpl.nasa.gov/tools/sbdb_lookup.html#/?sstr=2001916,14.93,2.7450798165,6.1381850734,False,False,,,,,AMO,Y,N,14.93,3.5,,3.4746,,,0.4492,2.273,1.252,12.88,340.6,335.85,35.11,0.2877,1250.0,0.252,0.0,4168
2001943,1943 Anteros (1973 EC),https://ssd.jpl.nasa.gov/tools/sbdb_lookup.html#/?sstr=2001943,15.68,1.9433676839,4.3455022465,False,False,1937-05-28,25928.3276243134,18431534.18003124,Earth,AMO,Y,N,15.68,2.3,0.17,2.86923,,,0.2559,1.431,1.064,8.71,246.29,338.44,260.37,0.576,625.0,0.0609,0.0,6620
2002101,2101 Adonis (1936 CA),https://ssd.jpl.nasa.gov/tools/sbdb_lookup.html#/?sstr=2002101,18.69,0.4859090375,1.0865256386,True,False,1902-07-16,69587.3878906057,28140949.153484065,Earth,APO,Y,Y,18.69,0.6,,,,,0.7641,1.874,0.442,1.32,349.41,43.71,24.48,0.3842,937.0,0.0115,0.0,149
2000433,433 Eros (A898 PA),https://ssd.jpl.nasa.gov/tools/sbdb_lookup.html#/?sstr=2000433,10.39,22.2103282246,49.6638037128,False,False,1900-12-27,20083.0290749201,47112732.928149395,Earth,AMO,Y,N,10.39,16.84,0.25,5.27,0.0004463,2.67,0.2228,1.458,1.133,10.83,304.27,178.93,310.55,0.5598,643.0,0.148,0.0,9130
2001036,1036 Ganymed (A924 UB),https://ssd.jpl.nasa.gov/tools/sbdb_lookup.html#/?sstr=2001036,9.17,38.9542616126,87.1043769791,False,False,1910-02-25,22693.9188072925,292651826.1433621,Juptr,AMO,Y,N,9.17,37.675,0.238,10.297,,,0.5332,2.665,1.244,26.68,215.44,132.5,97.59,0.2266,1590.0,0.343,0.0,13597
2001685,1685 Toro (1948 OA),https://ssd.jpl.nasa.gov/tools/sbdb_lookup.html#/?sstr=2001685,14.28,3.7030107822,8.2801838305,False,False,1908-08-04,58086.2958387757,26483636.825059798,Earth,APO,Y,N,14.28,3.4,0.31,10.1995,,,0.436,1.368,0.771,9.38,274.21,127.28,82.68,0.6161,584.0,0.0511,0.0,5345
2001980,1980 Tezcatlipoca (1950 LA),https://ssd.jpl.nasa.gov/tools/sbdb_lookup.html#/?sstr=2001980,13.8,4.6190746028,10.328564805,False,False,,,,,AMO,Y,N,13.8,4.3,0.25,7.24612,,,0.3647,1.709,1.086,26.87,246.54,115.47,211.5,0.441,816.0,0.245,0.0,8408
2002062,2062 Aten (1976 AA),https://ssd.jpl.nasa.gov/tools/sbdb_lookup.html#/?sstr=2002062,17.11,1.0059003902,2.249261651,False,False,1900-01-19,40567.7550002054,18835343.845160324,Earth,ATE,Y,N,17.11,1.1,0.26,42.15,,,0.1829,0.967,0.79,18.94,108.53,148.08,32.64,1.037,347.0,0.113,0.0,1024
2001221,1221 Amor (1932 EA1),https://ssd.jpl.nasa.gov/tools/sbdb_lookup.html#/?sstr=2001221,17.37,0.8923905787,1.9954459964,False,False,1908-03-14,38772.6266119612,27512874.49403824,Earth,AMO,Y,N,17.37,1.0,,,,,0.4346,1.92,1.085,11.87,171.24,26.76,59.87,0.3705,972.0,0.108,0.0,686
2001566,1566 Icarus (1949 MA),https://ssd.jpl.nasa.gov/tools/sbdb_lookup.html#/?sstr=2001566,16.53,1.313877806,2.9379200884,True,False,1902-06-11,97229.0019638462,12638658.792139495,Earth,APO,Y,Y,16.53,1.0,0.51,2.2726,,,0.827,1.078,0.186,22.8,87.95,31.44,153.08,0.8805,409.0,0.0335,0.0,1792
2001580,1580 Betulia (1950 KA),https://ssd.jpl.nasa.gov/tools/sbdb_lookup.html#/?sstr=2001580,14.54,3.2851482781,7.345814866,False,False,1929-06-09,40887.5570991565,276689988.3141728,Juptr,AMO,Y,N,14.54,5.8,0.08,6.1324,,,0.4876,2.195,1.125,52.19,62.22,159.72,80.27,0.3031,1190.0,0.132,0.0,2249
2001862,1862 Apollo (1932 HA),https://ssd.jpl.nasa.gov/tools/sbdb_lookup.html#/?sstr=2001862,16.09,1.6089960451,3.5978245324,True,False,1911-01-29,41906.5683244585,9839831.898234392,Venus,APO,Y,Y,16.09,1.5,0.25,3.065,,,0.5599,1.471,0.647,6.35,35.54,286.05,113.88,0.5525,652.0,0.026,0.0,3695
2001864,1864 Daedalus (1971 FA),https://ssd.jpl.nasa.gov/tools/sbdb_lookup.html#/?sstr=2001864,14.83,2.8744514425,6.4274688236,False,False,1909-11-13,76038.4445432087,22024825.635174356,Venus,APO,Y,N,14.83,3.7,0.273,8.572,,,0.6144,1.461,0.563,22.22,6.6,325.66,257.57,0.5582,645.0,0.269,0.0,6597
2001865,1865 Cerberus (1971 UA),https://ssd.jpl.nasa.gov/tools/sbdb_lookup.html#/?sstr=2001865,16.77,1.1763998937,2.6305101311,False,False,1905-12-23,74066.4935203014,15819612.516217582,Venus,APO,Y,N,16.77,1.2,0.22,6.8039,,,0.4669,1.08,0.576,16.1,212.88,325.29,319.67,0.8782,410.0,0.157,0.0,2494
2001866,1866 Sisyphus (1972 XA),https://ssd.jpl.nasa.gov/tools/sbdb_lookup.html#/?sstr=2001866,12.48,8.4831076189,18.9688052962,False,False,1959-11-17,83065.5644621533,29534087.88981701,Earth,APO,Y,N,12.48,8.48,0.15,2.4,,,0.5381,1.893,0.875,41.21,63.45,293.1,140.66,0.3783,952.0,0.104,0.0,10280
2001981,1981 Midas (1973 EA),https://ssd.jpl.nasa.gov/tools/sbdb_lookup.html#/?sstr=2001981,15.28,2.3364418497,5.2244428015,True,False,1916-09-24,113050.525394102,23199848.702355426,Earth,APO,Y,Y,15.28,3.4,,5.22,,,0.6505,1.776,0.621,39.82,356.79,267.84,65.35,0.4163,865.0,0.00277,0.0,2498
2002061,2061 Anza (1960 UA),https://ssd.jpl.nasa.gov/tools/sbdb_lookup.html#/?sstr=2002061,16.7,1.214940408,2.7166893409,False,False,1943-09-15,24822.4401869129,10260846.619914943,Earth,AMO,Y,N,16.7,2.6,,6.712,,,0.5356,2.265,1.052,3.8,207.35,157.11,38.89,0.2891,1250.0,0.0558,0.0,2041
2002212,2212 Hephaistos (1978 SB),https://ssd.jpl.nasa.gov/tools/sbdb_lookup.html#/?sstr=2002212,13.45,5.4269394569,12.1350055355,False,False,1905-03-14,105916.1259739172,17637403.95507289,Venus,APO,Y,N,13.45,5.7,0.163,48.0,,,0.8347,2.168,0.358,11.2,26.57,210.46,308.24,0.3088,1170.0,0.112,0.0,5177
2002608,2608 Seneca (1978 DA),https://ssd.jpl.nasa.gov/tools/sbdb_lookup.html#/?sstr=2002608,17.48,0.8483107619,1.8968805296,False,False,1905-03-01,61685.3221529083,25771799.401042502,Earth,AMO,Y,N,17.48,0.9,0.21,8.0,,,0.5647,2.53,1.102,14.43,166.42,38.71,10.72,0.2449,1470.0,0.153,1.0,83
2003122,3122 Florence (1981 ET3),https://ssd.jpl.nasa.gov/tools/sbdb_lookup.html#/?sstr=2003122,14.08,4.0602705828,9.0790410302,True,False,1930-08-29,50235.8172385176,7837812.343010439,Earth,AMO,Y,Y,14.08,4.9,0.231,2.3581,,,0.4232,1.769,1.02,22.14,336.04,27.88,168.26,0.4189,859.0,0.0436,0.0,10204
2003551,3551 Verenia (1983 RD),https://ssd.jpl.nasa.gov/tools/sbdb_lookup.html#/?sstr=2003551,16.72,1.2038017674,2.6917825833,False,False,1983-09-16,28810.4491938201,12754488.563255448,Earth,AMO,Y,N,16.72,0.9,0.37,4.93,,,0.4868,2.093,1.074,9.51,173.77,193.3,333.3,0.3255,1110.0,0.0749,0.0,667
2003691,3691 Bede (1982 FT),https://ssd.jpl.nasa.gov/tools/sbdb_lookup.html#/?sstr=2003691,14.93,2.7450798165,6.1381850734,False,False,,,,,AMO,Y,N,14.93,4.3,0.515,226.8,,,0.2845,1.774,1.27,20.35,348.69,235.06,151.9,0.4171,863.0,0.35,0.0,8370
2003752,3752 Camillo (1985 PA),https://ssd.jpl.nasa.gov/tools/sbdb_lookup.html#/?sstr=2003752,15.14,2.4920398144,5.5723704277,False,False,1934-02-14,104764.5724043333,14064861.365463892,Earth,APO,Y,N,15.14,2.306,0.21,37.846,,,0.3015,1.414,0.987,55.56,147.95,312.23,243.34,0.5864,614.0,0.0778,0.0,3246
2003908,3908 Nyx (1980 PA),https://ssd.jpl.nasa.gov/tools/sbdb_lookup.html#/?sstr=2003908,17.45,0.8601119401,1.9232687664,False,False,1932-12-08,34977.2122420762,13926111.375569925,Mars,AMO,Y,N,17.45,1.0,0.23,4.42601,,,0.459,1.928,1.043,2.19,261.19,126.66,312.97,0.3682,978.0,0.0567,0.0,1985
2004055,4055 Magellan (1985 DO2),https://ssd.jpl.nasa.gov/tools/sbdb_lookup.html#/?sstr=2004055,14.9,2.7832676807,6.2235757337,False,False,,,,,AMO,Y,N,14.9,2.49,0.31,7.475,,,0.326,1.82,1.227,23.25,164.81,154.38,67.87,0.4013,897.0,0.239,0.0,11574
2004197,4197 Morpheus (1982 TA),https://ssd.jpl.nasa.gov/tools/sbdb_lookup.html#/?sstr=2004197,14.97,2.6949764633,6.0261505697,False,False,1913-05-12,102825.7414115641,26640610.812517375,Earth,APO,Y,N,14.97,1.8,0.37,3.538,,,0.7725,2.295,0.522,12.6,6.98,122.58,110.47,0.2834,1270.0,0.0985,0.0,1212
2003102,3102 Krok (1981 QA),https://ssd.jpl.nasa.gov/tools/sbdb_lookup.html#/?sstr=2003102,16.16,1.5579552413,3.4836938254,False,False,1981-08-25,22059.1624440288,29746628.15107251,Earth,AMO,Y,N,16.16,1.6,,149.4,,,0.4492,2.151,1.185,8.44,172.05,154.75,6.75,0.3124,1150.0,0.183,0.0,2950
2003103,3103 Eger (1982 BB),https://ssd.jpl.nasa.gov/tools/sbdb_lookup.html#/?sstr=2003103,15.3,2.3150212221,5.176544822,False,False,1981-08-03,61046.892428621,26405146.921652436,Earth,APO,Y,N,15.3,1.5,0.64,5.7103,,,0.3542,1.404,0.907,20.93,129.73,254.1,181.12,0.5925,608.0,0.0786,0.0,8675
2003199,3199 Nefertiti (1982 RA),https://ssd.jpl.nasa.gov/tools/sbdb_lookup.html#/?sstr=2003199,14.99,2.6702687706,5.9709024892,False,False,1916-03-16,48319.895556135,7046928.885504061,Mars,AMO,Y,N,14.99,2.2,0.42,3.021,,,0.2841,1.575,1.127,32.96,339.97,53.44,278.49,0.4988,722.0,0.215,0.0,4141
2003200,3200 Phaethon (1983 TB),https://ssd.jpl.nasa.gov/tools/sbdb_lookup.html#/?sstr=2003200,14.38,3.536347843,7.907514169,True,False,1924-10-21,121960.0339276838,22346303.065363847,Venus,APO,Y,Y,14.38,6.25,0.1066,3.604,,,0.8897,1.271,0.14,22.31,265.1,322.31,163.98,0.6875,524.0,0.0187,0.0,8543
2003361,3361 Orpheus (1982 HR),https://ssd.jpl.nasa.gov/tools/sbdb_lookup.html#/?sstr=2003361,19.5,0.3346223745,0.7482383761,True,False,1929-11-12,46647.3890555114,22268359.56817666,Earth,APO,Y,Y,19.5,0.3,0.357,3.5327,,,0.3232,1.21,0.819,2.65,188.44,302.65,320.55,0.7404,486.0,0.0146,0.0,3212
2003362,3362 Khufu (1984 QA),https://ssd.jpl.nasa.gov/tools/sbdb_lookup.html#/?sstr=2003362,18.52,0.5254785303,1.1750057146,True,False,1912-09-09,108037.2079069855,72881438.22636627,Earth,ATE,Y,Y,18.52,0.7,0.21,,,,0.4685,0.9895,0.526,9.92,152.4,55.09,40.38,1.001,360.0,0.013,1.0,262
2003552,3552 Don Quixote (1983 SA),https://ssd.jpl.nasa.gov/tools/sbdb_lookup.html#/?sstr=2003552,13.03,6.5849878292,14.7244804171,False,False,1920-12-29,42666.7760156916,90060424.68614566,Juptr,AMO,Y,N,13.03,19.0,0.03,6.665,,,0.7073,4.27,1.25,31.05,349.97,316.49,308.26,0.1117,3220.0,0.342,0.0,1741
2003988,3988 Huma (1986 LA),https://ssd.jpl.nasa.gov/tools/sbdb_lookup.html#/?sstr=2003988,17.94,0.6863647587,1.5347582577,False,False,1900-07-25,26387.9704776766,8206401.04466161,Mars,AMO,Y,N,17.94,0.7,,10.53,,,0.3167,1.545,1.055,10.77,229.78,86.96,161.68,0.5134,701.0,0.177,0.0,714
2004034,4034 Vishnu (1986 PA),https://ssd.jpl.nasa.gov/tools/sbdb_lookup.html#/?sstr=2004034,18.5,0.5303407233,1.1858779086,True,False,1904-12-26,54636.6136850111,10094314.884382213,Venus,APO,Y,Y,18.5,0.42,0.52,44.4,,,0.444,1.059,0.589,11.17,157.86,296.7,261.95,0.9039,398.0,0.0191,0.0,1305
2004179,4179 Toutatis (1989 AC),https://ssd.jpl.nasa.gov/tools/sbdb_lookup.html#/?sstr=2004179,15.29,2.3257068746,5.2004386672,True,False,1906-10-02,44403.6131179945,23118431.871742148,Earth,APO,Y,Y,15.29,5.4,0.405,176.0,,,0.6247,2.543,0.954,0.45,125.37,277.86,76.89,0.243,1480.0,0.00651,0.0,7137
2004183,4183 Cuno (1959 LM),https://ssd.jpl.nasa.gov/tools/sbdb_lookup.html#/?sstr=2004183,14.18,3.8775283038,8.670416872,True,False,1903-09-16,64644.5647769188,11911798.510660212,Mars,APO,Y,Y,14.18,3.651,0.097,3.5595,,,0.6362,1.981,0.721,6.67,294.35,237.02,317.37,0.3535,1020.0,0.0284,0.0,5228
2002368,2368 Beltrovata (1977 RA),https://ssd.jpl.nasa.gov/tools/sbdb_lookup.html#/?sstr=2002368,15.18,2.4465549617,5.4706632051,False,False,,,,,AMO,Y,N,15.18,2.3,0.27,5.786,,,0.4134,2.105,1.235,5.22,287.29,43.05,287.81,0.3228,1120.0,0.231,0.0,2823
2003288,3288 Seleucus (1982 DV),https://ssd.jpl.nasa.gov/tools/sbdb_lookup.html#/?sstr=2003288,15.34,2.2727673228,5.0820622309,False,False,1982-04-12,23403.185142592,20895360.863966495,Earth,AMO,Y,N,15.34,2.8,0.22,75.0,,,0.4545,2.034,1.11,5.93,218.58,349.4,16.88,0.3397,1060.0,0.105,0.0,2815
2003360,3360 Syrinx (1981 VA),https://ssd.jpl.nasa.gov/tools/sbdb_lookup.html#/?sstr=2003360,16.03,1.654074158,3.6986222571,False,False,1950-12-01,81229.6046340457,13338427.213517305,Venus,APO,Y,N,16.03,1.8,0.17,,,,0.7474,2.466,0.623,21.07,242.24,63.71,151.22,0.2545,1410.0,0.11,0.0,674
2003554,3554 Amun (1986 EB),https://ssd.jpl.nasa.gov/tools/sbdb_lookup.html#/?sstr=2003554,15.91,1.7480545317,3.9087687612,False,False,1909-02-03,53593.3830688232,58971083.96452386,Earth,ATE,Y,N,15.91,3.341,0.074,2.53001,,,0.2806,0.974,0.701,23.36,358.6,359.41,276.71,1.025,351.0,0.25,0.0,1979
2003671,3671 Dionysus (1984 KD),https://ssd.jpl.nasa.gov/tools/sbdb_lookup.html#/?sstr=2003671,16.5,1.332155667,2.978790628,True,False,1930-11-15,11968.3484149415,275200658.700942,Juptr,APO,Y,Y,16.5,1.5,0.16,2.7053,,,0.5438,2.197,1.002,13.53,82.02,204.43,252.1,0.3026,1190.0,0.015,0.0,1183
2003753,3753 Cruithne (1986 TO),https://ssd.jpl.nasa.gov/tools/sbdb_lookup.html#/?sstr=2003753,15.42,2.1905591097,4.898239078,False,False,1900-07-17,59753.2386469295,13746248.569927242,Earth,ATE,Y,N,15.42,2.071,0.365,27.3099,,,0.5149,0.9978,0.484,19.8,126.19,43.88,344.36,0.9889,364.0,0.0703,0.0,1681
2003757,3757 Anagolay (1982 XB),https://ssd.jpl.nasa.gov/tools/sbdb_lookup.html#/?sstr=2003757,19.01,0.4193290755,0.9376483177,True,False,1900-11-16,39218.822832244,27345732.085040376,Earth,APO,Y,Y,19.01,0.5,0.18,9.012,,,0.4459,1.835,1.017,3.87,74.93,17.24,92.37,0.3967,908.0,0.0366,0.0,211
2004401,4401 Aditi (1985 TB),https://ssd.jpl.nasa.gov/tools/sbdb_lookup.html#/?sstr=2004401,16.12,1.5869197917,3.5484605292,False,False,,,,,AMO,Y,N,16.12,1.801,0.343,6.67,,,0.5634,2.584,1.128,26.62,22.75,68.19,228.35,0.2373,1520.0,0.335,0.0,1320
2004015,4015 Wilson-Harrington (1979 VA),https://ssd.jpl.nasa.gov/tools/sbdb_lookup.html#/?sstr=2004015,16.19,1.536579294,3.4358957542,True,False,1919-09-30,31701.5588266278,7860397.746795606,Earth,APO,Y,Y,16.19,4.0,0.05,3.5736,,,0.6309,2.626,0.969,2.8,266.72,95.52,274.4,0.2316,1550.0,0.043,0.0,1522
2004341,4341 Poseidon (1987 KF),https://ssd.jpl.nasa.gov/tools/sbdb_lookup.html#/?sstr=2004341,16.08,1.6164228334,3.6144313359,False,False,1902-08-11,66353.2946466034,13539063.702980733,Venus,APO,Y,N,16.08,3.177,0.054,6.262,,,0.6801,1.834,0.587,11.84,108.02,15.83,202.7,0.3968,907.0,0.194,0.0,936
2004769,4769 Castalia (1989 PB),https://ssd.jpl.nasa.gov/tools/sbdb_lookup.html#/?sstr=2004769,17.4,0.8801465209,1.9680674509,True,False,1902-02-18,56391.4069467527,9859362.079680337,Venus,APO,Y,Y,17.4,1.4,0.092,4.095,,,0.4832,1.063,0.549,8.89,325.5,121.45,323.77,0.8992,400.0,0.0203,0.0,690
2005587,5587 (1990 SB),https://ssd.jpl.nasa.gov/tools/sbdb_lookup.html#/?sstr=2005587,13.89,4.431543091,9.9092315966,False,False,1906-09-21,12816.2993705762,294494433.654802,Juptr,AMO,Y,N,13.89,3.57,0.32,5.0522,,,0.5443,2.401,1.094,18.04,189.28,87.61,209.58,0.265,1360.0,0.31,0.0,5086
2005645,5645 (1990 SP),https://ssd.jpl.nasa.gov/tools/sbdb_lookup.html#/?sstr=2005645,17.23,0.9518203298,2.1283349598,False,False,1908-11-10,37859.0106383334,15226197.439282706,Earth,APO,Y,N,17.23,1.668,0.121,30.39,,,0.3873,1.355,0.83,13.51,45.7,48.28,54.55,0.6252,576.0,0.054,0.0,1722
2004486,4486 Mithra (1987 SB),https://ssd.jpl.nasa.gov/tools/sbdb_lookup.html#/?sstr=2004486,15.62,1.9978136523,4.4672471329,True,False,1902-08-23,79937.7174172681,26278354.229668416,Earth,APO,Y,Y,15.62,1.849,0.297,67.5,,,0.66,2.206,0.75,3.03,82.18,169.26,276.29,0.3007,1200.0,0.0459,0.0,2070
2004954,4954 Eric (1990 SQ),https://ssd.jpl.nasa.gov/tools/sbdb_lookup.html#/?sstr=2004954,12.55,8.2140052596,18.3670741281,False,False,1939-10-06,45096.745300232,10542556.253845109,Mars,AMO,Y,N,12.55,10.8,0.176,12.056,,,0.4494,2.001,1.102,17.43,358.4,52.62,127.17,0.3481,1030.0,0.194,0.0,7543
2004957,4957 Brucemurray (1990 XJ),https://ssd.jpl.nasa.gov/tools/sbdb_lookup.html#/?sstr=2004957,15.05,2.5974965333,5.8081788198,False,False,1939-05-07,55183.3322629622,11941824.762901308,Mars,AMO,Y,N,15.05,3.499,0.132,2.892,,,0.2188,1.565,1.223,35.01,254.88,97.46,351.78,0.5032,715.0,0.425,0.0,2654
2005143,5143 Heracles (1991 VL),https://ssd.jpl.nasa.gov/tools/sbdb_lookup.html#/?sstr=2005143,14.04,4.1357566488,9.2478330051,False,False,1903-12-22,21807.3492138222,270323268.9906889,Juptr,APO,Y,N,14.04,4.843,0.227,2.7063,,,0.7712,1.835,0.42,8.98,309.1,228.21,204.12,0.3966,908.0,0.0575,0.0,5208
2005381,5381 Sekhmet (1991 JY),https://ssd.jpl.nasa.gov/tools/sbdb_lookup.html#/?sstr=2005381,16.72,1.2038017674,2.6917825833,False,False,1908-05-16,83186.569010407,19772825.481056824,Earth,ATE,Y,N,16.72,0.935,0.507,2.8233,,,0.2964,0.9474,0.667,48.97,58.53,37.43,266.62,1.069,337.0,0.111,0.0,1221
2004544,4544 Xanthus (1989 FB),https://ssd.jpl.nasa.gov/tools/sbdb_lookup.html#/?sstr=2004544,17.39,0.8842090927,1.9771516375,False,False,1902-07-03,29616.6974335794,9723894.641048845,Venus,APO,Y,N,17.39,1.3,,37.65,,,0.2501,1.042,0.781,14.14,23.94,333.84,5.14,0.9266,389.0,0.173,0.0,2939
2004660,4660 Nereus (1982 DB),https://ssd.jpl.nasa.gov/tools/sbdb_lookup.html#/?sstr=2004660,18.75,0.4726666672,1.0569147985,True,False,1900-01-29,19961.5141789709,3111379.539567199,Earth,APO,Y,Y,18.75,0.33,0.55,15.1749,,,0.3588,1.485,0.952,1.45,313.11,159.54,49.82,0.5446,661.0,0.00416,0.0,4994
2004688,4688 (1980 WF),https://ssd.jpl.nasa.gov/tools/sbdb_lookup.html#/?sstr=2004688,19.6,0.3195618867,0.7145621017,False,False,1940-11-17,57458.0158972366,59574121.70004968,Earth,AMO,Y,N,19.6,0.6,0.18,,,,0.5179,2.233,1.077,6.37,241.23,213.83,163.46,0.2954,1220.0,0.108,0.0,332
2005332,5332 Davidaguilar (1990 DA),https://ssd.jpl.nasa.gov/tools/sbdb_lookup.html#/?sstr=2005332,14.96,2.7074159094,6.0539660169,False,False,,,,,AMO,Y,N,14.96,3.6,,5.803,,,0.4556,2.163,1.178,25.52,142.76,306.09,103.48,0.3097,1160.0,0.305,0.0,7432
2005370,5370 Taranis (1986 RA),https://ssd.jpl.nasa.gov/tools/sbdb_lookup.html#/?sstr=2005370,15.23,2.3908645717,5.3461357073,False,False,2099-09-10,47562.8911118233,19827635.56754146,Earth,AMO,Y,N,15.23,3.6,0.037,,,,0.637,3.318,1.205,19.17,177.78,161.28,156.07,0.1631,2210.0,0.212,0.0,362
2005604,5604 (1992 FE),https://ssd.jpl.nasa.gov/tools/sbdb_lookup.html#/?sstr=2005604,17.36,0.8965096664,2.0046565566,True,False,1901-02-26,53557.6721317981,15099466.710736444,Earth,ATE,Y,Y,17.36,0.55,0.48,5.3375,,,0.4065,0.93,0.552,4.7,311.94,82.77,349.65,1.099,328.0,0.0336,0.0,1531
2005653,5653 Camarillo (1992 WD5),https://ssd.jpl.nasa.gov/tools/sbdb_lookup.html#/?sstr=2005653,16.22,1.5154966357,3.3887534971,False,False,1916-07-19,31398.230853471,14848700.1096741,Mars,AMO,Y,N,16.22,1.537,0.271,4.834,,,0.3044,1.794,1.248,6.87,9.88,122.65,227.98,0.4101,878.0,0.282,0.0,3929
2005828,5828 (1991 AM),https://ssd.jpl.nasa.gov/tools/sbdb_lookup.html#/?sstr=2005828,15.96,1.7082639526,3.8197943216,False,False,,,,,APO,Y,N,15.96,1.457,0.331,2.6666,,,0.6949,1.698,0.518,30.18,125.34,152.87,235.61,0.4453,808.0,0.399,0.0,1696
2005863,5863 Tara (1983 RB),https://ssd.jpl.nasa.gov/tools/sbdb_lookup.html#/?sstr=2005863,15.83,1.813656249,4.0554586606,False,False,1947-04-21,48492.2092224658,7588218.334932516,Mars,AMO,Y,N,15.83,1.345,0.488,5.867,,,0.5073,2.221,1.094,19.51,168.68,115.72,285.95,0.2979,1210.0,0.231,0.0,2203
2006063,6063 Jason (1984 KB),https://ssd.jpl.nasa.gov/tools/sbdb_lookup.html#/?sstr=2006063,16.02,1.6617090174,3.7156943217,False,False,1901-08-24,106963.8267030066,21335020.641375564,Venus,APO,Y,N,16.02,1.4,0.21,48.6,,,0.7625,2.22,0.527,4.96,169.01,337.63,219.06,0.298,1210.0,0.0763,0.0,1328
2006178,6178 (1986 DA),https://ssd.jpl.nasa.gov/tools/sbdb_lookup.html#/?sstr=2006178,15.71,1.9167036797,4.2858797205,False,False,2038-04-07,17488.0173277914,29624429.31048045,Earth,AMO,Y,N,15.71,2.3,0.15,3.5002,,,0.5848,2.814,1.168,4.31,64.48,127.47,138.36,0.2088,1720.0,0.178,0.0,1375
2006455,6455 (1992 HE),https://ssd.jpl.nasa.gov/tools/sbdb_lookup.html#/?sstr=2006455,14.08,4.0602705828,9.0790410302,False,False,,,,,APO,Y,N,14.08,4.626,0.227,2.7361,,,0.5729,2.24,0.957,37.34,26.89,262.74,347.71,0.2939,1220.0,0.287,0.0,5449
2007025,7025 (1993 QA),https://ssd.jpl.nasa.gov/tools/sbdb_lookup.html#/?sstr=2007025,18.08,0.6435095206,1.4389310323,False,False,1900-12-04,51029.2348546453,62034342.86588092,Earth,APO,Y,N,18.08,0.498,0.34,2.5057,,,0.315,1.476,1.011,12.61,146.59,323.48,234.62,0.5498,655.0,0.0622,0.0,963
2007092,7092 Cadmus (1992 LC),https://ssd.jpl.nasa.gov/tools/sbdb_lookup.html#/?sstr=2007092,15.12,2.5150983749,5.6239309364,False,False,1923-12-13,77797.5374791624,19256880.334291864,Earth,APO,Y,N,15.12,6.319,0.046,,,,0.6937,2.545,0.78,17.79,56.7,94.78,127.61,0.2427,1480.0,0.101,0.0,1458
2007341,7341 (1991 VK),https://ssd.jpl.nasa.gov/tools/sbdb_lookup.html#/?sstr=2007341,16.96,1.0778416872,2.4101272816,True,False,1961-11-19,46199.5575159629,19205793.200239196,Earth,APO,Y,Y,16.96,0.982,0.235,4.2096,,,0.5061,1.842,0.91,5.41,294.72,173.51,195.6,0.3944,913.0,0.0481,0.0,2390
2007822,7822 (1991 CS),https://ssd.jpl.nasa.gov/tools/sbdb_lookup.html#/?sstr=2007822,17.34,0.9048049682,2.0232054153,True,False,1915-09-02,68514.9696969829,14008925.001495387,Earth,APO,Y,Y,17.34,1.602,0.075,2.3896,,,0.1646,1.123,0.938,37.12,156.84,249.46,153.76,0.8285,434.0,0.0216,0.0,3809
2005731,5731 Zeus (1988 VP4),https://ssd.jpl.nasa.gov/tools/sbdb_lookup.html#/?sstr=2005731,15.47,2.1406958967,4.7867415442,False,False,1926-01-25,19388.6904120228,265530114.0562068,Juptr,APO,Y,N,15.47,5.231,0.031,,,,0.6524,2.265,0.787,11.2,280.59,218.44,281.87,0.2891,1250.0,0.0647,0.0,1604
2006489,6489 Golevka (1991 JX),https://ssd.jpl.nasa.gov/tools/sbdb_lookup.html#/?sstr=2006489,19.22,0.3806755436,0.8512163929,True,False,1926-08-01,42274.3614137096,12929666.15808696,Mars,APO,Y,Y,19.22,0.53,0.151,6.026,,2.7,0.6188,2.477,0.944,2.26,208.71,69.53,252.42,0.2529,1420.0,0.0225,0.0,1017
2006611,6611 (1993 VW),https://ssd.jpl.nasa.gov/tools/sbdb_lookup.html#/?sstr=2006611,16.82,1.1496217629,2.5706324102,False,False,1918-12-22,48120.1783769207,19339110.573403686,Earth,APO,Y,N,16.82,1.408,0.158,2.5568,,,0.4845,1.696,0.874,8.7,230.76,281.61,133.51,0.4463,807.0,0.0598,0.0,1939
2007335,7335 (1989 JA),https://ssd.jpl.nasa.gov/tools/sbdb_lookup.html#/?sstr=2007335,17.7,0.7665755735,1.7141150923,True,False,1916-05-20,53780.483483662,9668093.438755885,Earth,APO,Y,Y,17.7,1.8,0.448,2.58988,,,0.4845,1.773,0.914,15.16,61.26,232.34,156.19,0.4176,862.0,0.0215,0.0,2578
2005646,5646 (1990 TR),https://ssd.jpl.nasa.gov/tools/sbdb_lookup.html#/?sstr=2005646,15.51,2.1016237932,4.6993736648,False,False,,,,,AMO,Y,N,15.51,4.3,0.223,3.1999,,,0.4358,2.144,1.21,7.91,14.07,335.82,80.51,0.3139,1150.0,0.211,0.0,2653
2005751,5751 Zao (1992 AC),https://ssd.jpl.nasa.gov/tools/sbdb_lookup.html#/?sstr=2005751,14.94,2.7324673204,6.1099826748,False,False,,,,,AMO,Y,N,14.94,2.3,0.36,76.0,,,0.4253,2.101,1.208,16.07,121.63,25.44,23.79,0.3235,1110.0,0.24,0.0,2938
2006050,6050 Miwablock (1992 AE),https://ssd.jpl.nasa.gov/tools/sbdb_lookup.html#/?sstr=2006050,14.94,2.7324673204,6.1099826748,False,False,2011-09-02,24146.6175922729,10870276.193712682,Mars,AMO,Y,N,14.94,2.884,0.257,5.7566,,,0.4372,2.202,1.239,6.41,88.15,285.0,153.91,0.3017,1190.0,0.268,0.0,3294
2006053,6053 (1993 BW3),https://ssd.jpl.nasa.gov/tools/sbdb_lookup.html#/?sstr=2006053,15.1,2.5383702936,5.6759685287,False,False,1964-01-26,56804.5616452664,5710526.697186458,Mars,APO,Y,N,15.1,3.72,0.14,2.573,,,0.5284,2.147,1.013,21.58,318.22,74.95,207.37,0.3133,1150.0,0.222,0.0,3314
2005797,5797 Bivoj (1980 AA),https://ssd.jpl.nasa.gov/tools/sbdb_lookup.html#/?sstr=2005797,18.89,0.4431543091,0.9909231597,False,False,1954-01-22,23566.4196796821,15718713.031401664,Earth,AMO,Y,N,18.89,0.4,,2.706,,,0.4443,1.894,1.052,4.19,298.91,168.66,220.58,0.3782,952.0,0.0698,0.0,458
2005836,5836 (1993 MF),https://ssd.jpl.nasa.gov/tools/sbdb_lookup.html#/?sstr=2005836,14.99,2.6702687706,5.9709024892,False,False,1907-09-11,8910.60044774,263006695.5843496,Juptr,AMO,Y,N,14.99,2.754,0.156,4.9543,,,0.5383,2.439,1.126,7.93,238.59,78.15,162.94,0.2588,1390.0,0.18,0.0,2386
2007088,7088 Ishtar (1992 AA),https://ssd.jpl.nasa.gov/tools/sbdb_lookup.html#/?sstr=2007088,16.84,1.1390819672,2.5470647106,False,False,,,,,AMO,Y,N,16.84,1.298,0.26,2.679,,,0.3903,1.981,1.208,8.3,102.61,354.78,53.18,0.3535,1020.0,0.224,0.0,1473
2007350,7350 (1993 VA),https://ssd.jpl.nasa.gov/tools/sbdb_lookup.html#/?sstr=2007350,17.16,0.9830033019,2.1980622051,False,False,1900-11-03,19877.7825403973,20604719.683685213,Venus,APO,Y,N,17.16,1.921,0.069,3.58264,,,0.3912,1.356,0.826,7.26,133.04,336.71,73.44,0.6242,577.0,0.0811,0.0,2092
2007482,7482 (1994 PC1),https://ssd.jpl.nasa.gov/tools/sbdb_lookup.html#/?sstr=2007482,16.58,1.2839702958,2.8710448625,True,False,1922-01-21,68295.7802544635,12398851.312159315,Earth,APO,Y,Y,16.58,1.052,0.277,2.5999,,,0.3294,1.349,0.904,33.47,117.85,47.49,138.26,0.6292,572.0,0.000726,0.0,2081
2007839,7839 (1994 ND),https://ssd.jpl.nasa.gov/tools/sbdb_lookup.html#/?sstr=2007839,17.83,0.7220295577,1.6145071727,False,False,1927-07-22,53236.3089012617,45954603.350035936,Earth,AMO,Y,N,17.83,0.784,0.181,,,,0.5186,2.165,1.042,27.12,102.5,228.3,291.79,0.3094,1160.0,0.135,0.0,202
2007888,7888 (1993 UC),https://ssd.jpl.nasa.gov/tools/sbdb_lookup.html#/?sstr=2007888,15.19,2.4353140627,5.4455277909,False,False,1906-03-28,82838.2220980585,25081782.606579367,Earth,APO,Y,N,15.19,2.298,0.257,2.337,,,0.6632,2.439,0.821,26.08,165.87,323.04,127.65,0.2588,1390.0,0.0869,0.0,1430
2008013,8013 Gordonmoore (1990 KA),https://ssd.jpl.nasa.gov/tools/sbdb_lookup.html#/?sstr=2008013,17.09,1.0152078719,2.2700738128,False,False,1930-02-06,5008.3179972076,293254201.7287957,Juptr,AMO,Y,N,17.09,2.3,,8.4,,,0.4321,2.2,1.249,7.6,105.34,147.4,311.25,0.3021,1190.0,0.244,0.0,920
2008566,8566 (1996 EN),https://ssd.jpl.nasa.gov/tools/sbdb_lookup.html#/?sstr=2008566,16.47,1.3506877983,3.0202297334,True,False,1911-09-08,83657.1643503005,3837113.752999631,Earth,APO,Y,Y,16.47,1.568,0.217,4.845,,,0.4304,1.506,0.858,37.98,164.09,125.16,303.34,0.5331,675.0,0.0226,0.0,3649
2009856,9856 (1991 EE),https://ssd.jpl.nasa.gov/tools/sbdb_lookup.html#/?sstr=2009856,17.09,1.0152078719,2.2700738128,True,False,1900-08-28,50560.3620813118,9138961.972779986,Earth,APO,Y,Y,17.09,1.0,0.3,3.045,,,0.6258,2.243,0.839,9.83,168.1,116.2,72.0,0.2934,1230.0,0.0222,0.0,1365
2012538,12538 (1998 OH),https://ssd.jpl.nasa.gov/tools/sbdb_lookup.html#/?sstr=2012538,15.96,1.7082639526,3.8197943216,True,False,1910-04-24,53378.5442048744,16101185.028740102,Earth,APO,Y,Y,15.96,1.663,0.232,2.575,,,0.4059,1.542,0.916,24.54,220.69,321.79,163.01,0.5149,699.0,0.0302,0.0,11576
2014402,14402 (1991 DB),https://ssd.jpl.nasa.gov/tools/sbdb_lookup.html#/?sstr=2014402,18.77,0.4683332331,1.0472249454,False,False,1973-03-30,25259.9585457351,23320076.63588959,Earth,AMO,Y,N,18.77,0.6,0.14,2.261,,,0.4017,1.715,1.026,11.41,158.14,51.53,141.06,0.4389,820.0,0.102,0.0,693
2009162,9162 Kwiila (1987 OA),https://ssd.jpl.nasa.gov/tools/sbdb_lookup.html#/?sstr=2009162,18.01,0.6645917971,1.4860724357,False,False,1901-08-10,73803.9400214684,19593715.00310237,Earth,APO,Y,N,18.01,1.127,0.088,15.13,,,0.5955,1.497,0.605,9.01,179.98,235.85,292.6,0.5383,669.0,0.0806,0.0,786
2010115,10115 (1992 SK),https://ssd.jpl.nasa.gov/tools/sbdb_lookup.html#/?sstr=2010115,17.14,0.9920989194,2.2184006242,True,False,1928-07-27,31328.3154339766,7517056.348549021,Mars,APO,Y,Y,17.14,0.938,0.318,7.319,,,0.3249,1.249,0.843,15.32,8.87,233.74,7.08,0.7064,510.0,0.0464,0.0,2899
2011405,11405 (1999 CV3),https://ssd.jpl.nasa.gov/tools/sbdb_lookup.html#/?sstr=2011405,15.22,2.4019003012,5.3708123486,False,False,1909-08-03,56544.5252784892,18442573.96428491,Earth,APO,Y,N,15.22,3.621,0.112,6.504,,,0.3938,1.46,0.885,22.86,141.22,96.45,17.42,0.559,644.0,0.117,0.0,7282
2013651,13651 (1997 BR),https://ssd.jpl.nasa.gov/tools/sbdb_lookup.html#/?sstr=2013651,17.87,0.708851033,1.5850390958,True,False,1906-07-31,51786.3513159274,21090737.567119654,Earth,APO,Y,Y,17.87,0.562,0.511,33.644,,,0.3057,1.336,0.927,17.25,116.63,133.85,158.08,0.6386,564.0,0.0156,0.0,1174
2008201,8201 (1994 AH2),https://ssd.jpl.nasa.gov/tools/sbdb_lookup.html#/?sstr=2008201,15.93,1.7320282714,3.8729329538,False,False,1904-01-26,56344.2208542713,11059358.910560695,Venus,APO,Y,N,15.93,1.859,0.154,23.949,,,0.7061,2.54,0.746,9.54,164.08,25.11,297.03,0.2435,1480.0,0.101,0.0,1010
2008567,8567 (1996 HW1),https://ssd.jpl.nasa.gov/tools/sbdb_lookup.html#/?sstr=2008567,15.36,2.2519304668,5.0354696043,False,False,1967-09-16,22579.5902025194,18277980.912428867,Earth,AMO,Y,N,15.36,2.928,0.156,8.7573,,,0.4491,2.046,1.127,8.45,177.09,177.28,314.32,0.3369,1070.0,0.122,0.0,5530
2009400,9400 (1994 TW1),https://ssd.jpl.nasa.gov/tools/sbdb_lookup.html#/?sstr=2009400,14.84,2.8612445378,6.3979372868,False,False,1932-04-26,71602.856090199,13046609.580626557,Mars,AMO,Y,N,14.84,3.698,0.155,97.1,,,0.5807,2.588,1.085,35.98,3.35,62.17,145.88,0.2367,1520.0,0.285,0.0,2285
2010165,10165 (1995 BL2),https://ssd.jpl.nasa.gov/tools/sbdb_lookup.html#/?sstr=2010165,17.36,0.8965096664,2.0046565566,False,False,1914-09-12,77773.4371511539,17620265.29005613,Venus,APO,Y,N,17.36,0.829,0.372,,,,0.5039,1.235,0.613,23.9,312.42,348.47,19.09,0.7185,501.0,0.376,0.0,1384
2011066,11066 Sigurd (1992 CC1),https://ssd.jpl.nasa.gov/tools/sbdb_lookup.html#/?sstr=2011066,15.17,2.4578477463,5.4959146391,False,False,1917-09-16,79379.79396894,21553474.38675386,Earth,APO,Y,N,15.17,2.104,0.19,8.4958,,,0.3754,1.392,0.869,36.88,349.22,22.02,315.33,0.6004,600.0,0.119,0.0,2680
2011500,11500 Tomaiyowit (1989 UR),https://ssd.jpl.nasa.gov/tools/sbdb_lookup.html#/?sstr=2011500,18.38,0.5604733623,1.2532565376,True,False,1906-11-28,34218.7130853073,13957352.36251542,Earth,APO,Y,Y,18.38,0.738,0.142,73.0,,,0.3558,1.08,0.696,10.31,234.38,289.52,314.93,0.8783,410.0,0.0344,0.0,1235
2007889,7889 (1994 LX),https://ssd.jpl.nasa.gov/tools/sbdb_lookup.html#/?sstr=2007889,15.24,2.3798795468,5.321572445,False,False,1900-03-23,79524.426873456,18765854.333043855,Venus,APO,Y,N,15.24,1.68,0.452,2.741,,,0.3463,1.262,0.825,36.91,111.26,349.2,255.3,0.6956,518.0,0.155,0.0,6483
2008014,8014 (1990 MF),https://ssd.jpl.nasa.gov/tools/sbdb_lookup.html#/?sstr=2008014,18.88,0.4451998164,0.9954970531,True,False,1900-09-27,35954.8104226892,6682919.314814442,Earth,APO,Y,Y,18.88,0.7,,50.09,,,0.456,1.748,0.951,1.87,209.82,114.77,102.14,0.4266,844.0,0.0168,0.0,1297
2009202,9202 (1993 PB),https://ssd.jpl.nasa.gov/tools/sbdb_lookup.html#/?sstr=2009202,16.1,1.6016033798,3.5812940302,False,False,1928-07-21,118404.0027724496,16633120.452472772,Venus,APO,Y,N,16.1,1.617,0.332,,,,0.6078,1.424,0.558,40.8,315.89,212.36,97.11,0.5801,621.0,0.374,0.0,2216
2010636,10636 (1998 QK56),https://ssd.jpl.nasa.gov/tools/sbdb_lookup.html#/?sstr=2010636,17.7,0.7665755735,1.7141150923,False,False,1911-02-17,41798.9812504302,18147211.32562856,Earth,APO,Y,N,17.7,0.533,0.645,9.876,,,0.5128,1.885,0.918,13.57,172.92,286.34,151.61,0.3809,945.0,0.11,0.0,877
2011398,11398 (1998 YP11),https://ssd.jpl.nasa.gov/tools/sbdb_lookup.html#/?sstr=2011398,16.36,1.4208720673,3.1771665298,False,False,1929-03-16,36383.0439246966,29870183.171155047,Earth,AMO,Y,N,16.36,1.316,0.318,38.6,,,0.3891,1.721,1.051,15.02,144.71,74.77,281.68,0.4365,825.0,0.202,0.0,4796
2011885,11885 Summanus (1990 SS),https://ssd.jpl.nasa.gov/tools/sbdb_lookup.html#/?sstr=2011885,18.52,0.5254785303,1.1750057146,False,False,1900-02-20,38581.7433705036,39801430.034287564,Earth,APO,Y,N,18.52,1.298,0.033,7.368,,,0.4745,1.703,0.895,19.43,359.76,116.23,236.65,0.4434,812.0,0.0664,0.0,397
2012923,12923 Zephyr (1999 GK4),https://ssd.jpl.nasa.gov/tools/sbdb_lookup.html#/?sstr=2012923,15.8,1.8388867207,4.1118757104,True,False,2032-09-22,49649.1022485871,27827974.23791432,Earth,APO,Y,Y,15.8,2.06,0.199,3.893,,,0.4927,1.962,0.995,5.31,168.08,147.21,194.88,0.3586,1000.0,0.02,0.0,3008
2014827,14827 Hypnos (1986 JK),https://ssd.jpl.nasa.gov/tools/sbdb_lookup.html#/?sstr=2014827,18.81,0.4597851883,1.028110936,True,False,1919-07-01,25598.7144899843,141189137.52200785,Juptr,APO,Y,Y,18.81,0.9,,,,,0.6643,2.851,0.957,1.97,57.73,238.64,103.4,0.2048,1760.0,0.0158,0.0,378
2017182,17182 (1999 VU),https://ssd.jpl.nasa.gov/tools/sbdb_lookup.html#/?sstr=2017182,17.13,0.99667824,2.2286402963,False,False,1901-12-30,48045.3593163494,29112446.63729712,Earth,APO,Y,N,17.13,2.885,0.028,6.61,,,0.5534,1.387,0.619,9.27,333.48,203.22,267.06,0.6034,597.0,0.144,0.0,1589
2023183,23183 (2000 OY21),https://ssd.jpl.nasa.gov/tools/sbdb_lookup.html#/?sstr=2023183,16.05,1.6389095149,3.6647130844,False,False,,,,,AMO,Y,N,16.05,1.098,0.64,6.9809,,,0.4009,1.824,1.093,40.98,119.63,301.49,39.12,0.4001,900.0,0.256,0.0,1505
2016064,16064 Davidharvey (1999 RH27),https://ssd.jpl.nasa.gov/tools/sbdb_lookup.html#/?sstr=2016064,16.86,1.128638801,2.523713081,False,False,1900-08-18,26948.2064183553,282807827.2862176,Juptr,AMO,Y,N,16.86,4.106,0.02,178.5,,,0.5893,2.851,1.171,4.54,335.53,104.81,125.86,0.2048,1760.0,0.203,0.0,1054
2017274,17274 (2000 LC16),https://ssd.jpl.nasa.gov/tools/sbdb_lookup.html#/?sstr=2017274,16.87,1.1234531767,2.5121176727,False,False,1908-03-03,14997.7891556357,211728114.0764231,Juptr,AMO,Y,N,16.87,3.183,0.037,16.495,,,0.5541,2.731,1.218,5.57,305.7,21.32,216.83,0.2184,1650.0,0.207,0.0,1930
2019356,19356 (1997 GH3),https://ssd.jpl.nasa.gov/tools/sbdb_lookup.html#/?sstr=2019356,17.0,1.0581688593,2.3661375011,False,False,2001-02-14,29134.6217564034,21794151.718508944,Earth,AMO,Y,N,17.0,0.91,0.34,6.714,,,0.5578,2.512,1.111,3.01,186.46,334.14,93.24,0.2475,1450.0,0.121,0.0,575
2020826,20826 (2000 UV13),https://ssd.jpl.nasa.gov/tools/sbdb_lookup.html#/?sstr=2020826,13.85,4.5139316282,10.0934579665,False,False,1915-11-05,31444.323106163,186440801.7537309,Juptr,APO,Y,N,13.85,3.687,0.123,5.313,,,0.6365,2.418,0.879,31.93,347.29,198.69,198.24,0.2622,1370.0,0.093,0.0,3786
2016834,16834 (1997 WU22),https://ssd.jpl.nasa.gov/tools/sbdb_lookup.html#/?sstr=2016834,15.75,1.8817198949,4.2076535996,False,False,1913-06-02,48039.5479906217,28767353.717269,Earth,APO,Y,N,15.75,1.87,0.22,9.345,,,0.4422,1.468,0.819,16.0,260.75,334.4,109.14,0.5542,650.0,0.147,0.0,4979
2019764,19764 (2000 NF5),https://ssd.jpl.nasa.gov/tools/sbdb_lookup.html#/?sstr=2019764,16.11,1.5942446807,3.5648394788,False,False,2001-12-06,3035.1963715394,296722734.33483666,Juptr,AMO,Y,N,16.11,1.572,0.342,59.263,,,0.4447,2.233,1.24,1.33,281.38,9.87,224.5,0.2955,1220.0,0.222,0.0,3231
2022099,22099 (2000 EX106),https://ssd.jpl.nasa.gov/tools/sbdb_lookup.html#/?sstr=2022099,18.09,0.6405528629,1.4323197447,False,False,1903-01-22,29426.1464606237,19308655.12487356,Venus,APO,Y,N,18.09,0.524,0.444,6.334,,,0.2763,1.104,0.799,9.85,136.43,186.57,299.82,0.8491,424.0,0.168,0.0,2345
2017188,17188 (1999 WC2),https://ssd.jpl.nasa.gov/tools/sbdb_lookup.html#/?sstr=2017188,16.42,1.3821493588,3.0905799213,False,False,1914-06-10,67794.147245493,25910777.69224588,Earth,APO,Y,N,16.42,1.819,0.147,5.0638,,,0.6367,2.216,0.805,29.45,269.76,287.22,292.04,0.2987,1210.0,0.0632,0.0,817
2020460,20460 Robwhiteley (1999 LO28),https://ssd.jpl.nasa.gov/tools/sbdb_lookup.html#/?sstr=2020460,15.41,2.2006702711,4.9208483223,False,False,2007-02-28,67006.723338625,12646805.922059268,Mars,AMO,Y,N,15.41,2.716,0.199,2.7209,,,0.4118,1.877,1.104,33.95,279.99,283.74,136.82,0.3834,939.0,0.329,0.0,5537
2021088,21088 Chelyabinsk (1992 BL2),https://ssd.jpl.nasa.gov/tools/sbdb_lookup.html#/?sstr=2021088,14.34,3.602093458,8.0545258335,False,False,2142-08-29,66474.2801883038,14756414.515092144,Mars,AMO,Y,N,14.34,2.793,0.206,11.23,,,0.2387,1.706,1.299,38.46,297.83,27.2,205.19,0.4422,814.0,0.306,0.0,8059
2025330,25330 (1999 KV4),https://ssd.jpl.nasa.gov/tools/sbdb_lookup.html#/?sstr=2025330,16.75,1.1872849879,2.6548499417,False,False,1915-04-04,33414.8512086329,29020106.72372856,Earth,APO,Y,N,16.75,3.21,0.052,4.919,,,0.3709,1.541,0.969,14.33,50.51,86.1,335.29,0.5154,698.0,0.173,0.0,3837
2029075,29075 (1950 DA),https://ssd.jpl.nasa.gov/tools/sbdb_lookup.html#/?sstr=2029075,17.28,0.930154254,2.0798881414,True,False,1919-03-02,56518.8786861685,12513834.04517554,Earth,APO,Y,Y,17.28,1.3,0.07,2.1216,,,0.5075,1.699,0.837,12.15,356.54,224.83,41.32,0.4452,809.0,0.0398,0.0,1177
2035107,35107 (1991 VH),https://ssd.jpl.nasa.gov/tools/sbdb_lookup.html#/?sstr=2035107,16.85,1.133848361,2.5353620113,True,False,1905-07-30,32471.6750620642,15268885.894597195,Earth,APO,Y,Y,16.85,0.929,0.408,2.6236,,,0.1437,1.137,0.973,13.92,139.31,207.03,65.64,0.8134,443.0,0.0271,0.0,6211
2035396,35396 (1997 XF11),https://ssd.jpl.nasa.gov/tools/sbdb_lookup.html#/?sstr=2035396,17.01,1.0533070151,2.3552660868,True,False,1907-05-19,33023.4367099679,14803979.546813104,Venus,APO,Y,Y,17.01,0.704,0.772,3.259,,,0.4838,1.442,0.745,4.1,213.63,103.07,139.72,0.569,633.0,0.000331,0.0,2670
2026760,26760 (2001 KP41),https://ssd.jpl.nasa.gov/tools/sbdb_lookup.html#/?sstr=2026760,15.5,2.1113244479,4.7210649881,False,False,1907-12-01,22735.7049333659,251936308.84240505,Juptr,AMO,Y,N,15.5,5.4,0.042,5.3,,,0.557,2.854,1.264,11.01,146.25,155.14,10.99,0.2044,1760.0,0.26,0.0,2232
2023606,23606 (1996 AS1),https://ssd.jpl.nasa.gov/tools/sbdb_lookup.html#/?sstr=2023606,18.39,0.5578982211,1.2474983468,False,False,1941-07-13,31578.5874201654,20453117.72581976,Earth,AMO,Y,N,18.39,0.866,0.123,,,,0.3609,1.751,1.119,14.36,296.6,357.66,160.53,0.4255,846.0,0.101,0.0,762
2025916,25916 (2001 CP44),https://ssd.jpl.nasa.gov/tools/sbdb_lookup.html#/?sstr=2025916,13.76,4.7049496112,10.5205871614,False,False,1918-06-10,15214.7553673706,276193888.58148545,Juptr,AMO,Y,N,13.76,5.683,0.177,4.6021,,,0.4998,2.558,1.279,15.76,94.64,199.7,282.57,0.2409,1490.0,0.273,0.0,4605
2027346,27346 (2000 DN8),https://ssd.jpl.nasa.gov/tools/sbdb_lookup.html#/?sstr=2027346,15.88,1.7723723926,3.9631451512,False,False,1953-09-18,60683.2966357736,5226200.361747466,Mars,AMO,Y,N,15.88,1.802,0.256,0.068,,,0.399,1.875,1.127,36.95,135.18,269.29,88.67,0.3839,938.0,0.443,0.0,1507
2033342,33342 (1998 WT24),https://ssd.jpl.nasa.gov/tools/sbdb_lookup.html#/?sstr=2033342,18.02,0.6615382752,1.4792445531,True,False,1905-07-17,91401.5414974874,9529365.72398476,Merc,ATE,Y,Y,18.02,0.432,0.654,3.697,,,0.4177,0.7187,0.419,7.37,81.66,167.52,314.57,1.618,223.0,0.0105,0.0,1983
2025143,25143 Itokawa (1998 SF36),https://ssd.jpl.nasa.gov/tools/sbdb_lookup.html#/?sstr=2025143,19.26,0.3737274319,0.8356799428,True,False,1902-04-14,18978.3650928352,5987213.148797547,Earth,APO,Y,Y,19.26,0.33,,12.132,2.1e-09,1.9,0.2802,1.324,0.953,1.62,69.08,162.85,41.26,0.6469,557.0,0.0133,0.0,1025
2026817,26817 (1987 QB),https://ssd.jpl.nasa.gov/tools/sbdb_lookup.html#/?sstr=2026817,19.49,0.3361669212,0.7516920875,False,False,1919-09-03,28871.6195926171,279960546.15085226,Juptr,AMO,Y,N,19.49,1.172,0.027,,,,0.5937,2.806,1.14,3.5,153.16,156.61,60.88,0.2097,1720.0,0.127,0.0,108
2036183,36183 (1999 TX16),https://ssd.jpl.nasa.gov/tools/sbdb_lookup.html#/?sstr=2036183,16.3,1.4606796427,3.2661789745,False,False,1910-11-14,77049.9208160845,20535816.67001808,Earth,AMO,Y,N,16.3,2.339,0.089,5.613,,,0.3323,1.551,1.036,38.22,54.64,311.21,212.53,0.5101,706.0,0.135,0.0,1863
2038091,38091 (1999 JT3),https://ssd.jpl.nasa.gov/tools/sbdb_lookup.html#/?sstr=2038091,16.31,1.4539684294,3.2511722452,False,False,,,,,AMO,Y,N,16.31,2.517,0.092,,,,0.4011,2.17,1.299,9.33,64.82,225.02,69.97,0.3084,1170.0,0.306,0.0,1344
2053430,53430 (1999 TY16),https://ssd.jpl.nasa.gov/tools/sbdb_lookup.html#/?sstr=2053430,16.66,1.2375278366,2.7671963667,False,False,,,,,AMO,Y,N,16.66,1.233,0.266,9.5819,,,0.4032,2.099,1.253,60.41,241.92,156.97,219.87,0.3241,1110.0,0.291,0.0,964
2053789,53789 (2000 ED104),https://ssd.jpl.nasa.gov/tools/sbdb_lookup.html#/?sstr=2053789,17.35,0.900647767,2.0139096308,True,False,1909-09-28,82616.9166600674,21110266.686420724,Earth,APO,Y,Y,17.35,0.843,0.222,43.0,,,0.2692,1.371,1.002,40.78,190.02,218.36,122.59,0.6143,586.0,0.0478,0.0,1198
2039572,39572 (1993 DQ1),https://ssd.jpl.nasa.gov/tools/sbdb_lookup.html#/?sstr=2039572,16.56,1.2958507267,2.8976103136,True,False,1909-07-16,30042.7715512449,12551178.849613843,Earth,AMO,Y,Y,16.56,1.554,0.184,,,,0.4928,2.036,1.033,10.03,313.5,344.84,341.52,0.3392,1060.0,0.0263,0.0,895
2040263,40263 (1999 FQ5),https://ssd.jpl.nasa.gov/tools/sbdb_lookup.html#/?sstr=2040263,17.75,0.7491261831,1.6750970692,False,False,2004-09-20,36813.3630609622,10054612.851346532,Mars,AMO,Y,N,17.75,0.954,0.177,28.0,,,0.161,1.495,1.254,25.84,172.8,198.72,7.53,0.5393,668.0,0.257,0.0,1120
2048603,48603 (1995 BC2),https://ssd.jpl.nasa.gov/tools/sbdb_lookup.html#/?sstr=2048603,17.82,0.7253622947,1.6219593992,False,False,1901-10-09,46909.7807890381,55861580.89087922,Earth,AMO,Y,N,17.82,0.844,0.227,,,,0.4297,1.918,1.094,5.02,328.21,81.84,251.28,0.371,970.0,0.137,0.0,562
2052750,52750 (1998 KK17),https://ssd.jpl.nasa.gov/tools/sbdb_lookup.html#/?sstr=2052750,16.67,1.2318419127,2.7544822542,False,False,1911-04-04,40373.5238556329,18044022.61940697,Venus,APO,Y,N,16.67,1.059,0.471,26.43,,,0.5249,1.427,0.678,11.17,141.31,334.16,98.23,0.5783,623.0,0.163,0.0,2420
2052760,52760 (1998 ML14),https://ssd.jpl.nasa.gov/tools/sbdb_lookup.html#/?sstr=2052760,17.52,0.8328273455,1.8622585581,True,False,1904-09-17,36742.6282874591,13958599.126123788,Earth,APO,Y,Y,17.52,1.0,,14.28,,,0.6236,2.409,0.907,2.43,338.65,20.36,92.55,0.2637,1370.0,0.017,0.0,708
2052762,52762 (1998 MT24),https://ssd.jpl.nasa.gov/tools/sbdb_lookup.html#/?sstr=2052762,14.82,2.8877193076,6.4571366717,False,False,2028-02-09,79415.2991554438,24429190.038063716,Earth,APO,Y,N,14.82,6.742,0.051,12.08,,,0.6532,2.416,0.838,33.87,308.95,254.51,134.2,0.2625,1370.0,0.137,0.0,1324
2052768,52768 (1998 OR2),https://ssd.jpl.nasa.gov/tools/sbdb_lookup.html#/?sstr=2052768,16.02,1.6617090174,3.7156943217,True,False,1904-06-30,13979.6365403596,184008866.8074757,Juptr,APO,Y,Y,16.02,1.75,,4.112,,,0.5757,2.379,1.01,5.88,26.93,174.57,188.66,0.2685,1340.0,0.00584,0.0,6120
2054401,54401 (2000 LM),https://ssd.jpl.nasa.gov/tools/sbdb_lookup.html#/?sstr=2054401,17.22,0.9562137328,2.1381589077,False,False,1924-03-20,34889.3213170642,11073826.819764135,Mars,AMO,Y,N,17.22,1.189,0.181,19.03,,,0.2623,1.711,1.262,18.95,240.84,67.09,113.22,0.4404,817.0,0.354,0.0,1218
2038086,38086 Beowulf (1999 JB),https://ssd.jpl.nasa.gov/tools/sbdb_lookup.html#/?sstr=2038086,17.35,0.900647767,2.0139096308,False,False,,,,,APO,Y,N,17.35,0.643,0.469,2.4104,,,0.5662,1.42,0.616,23.67,165.31,178.96,189.78,0.5824,618.0,0.385,0.0,1237
2040267,40267 (1999 GJ4),https://ssd.jpl.nasa.gov/tools/sbdb_lookup.html#/?sstr=2040267,15.54,2.0727884338,4.6348958409,False,False,1941-02-08,122816.6035757338,29728120.9497812,Earth,APO,Y,N,15.54,1.641,0.214,4.9567,,,0.8084,1.339,0.257,34.48,148.2,211.95,291.0,0.6363,566.0,0.156,0.0,3897
2053319,53319 (1999 JM8),https://ssd.jpl.nasa.gov/tools/sbdb_lookup.html#/?sstr=2053319,15.35,2.2623249055,5.058712276,True,False,1907-11-18,29334.6274331874,274440094.3634268,Juptr,APO,Y,Y,15.35,7.0,,143.7,,,0.6415,2.724,0.976,13.84,133.63,166.79,316.53,0.2192,1640.0,0.0262,0.0,1611
2039796,39796 (1997 TD),https://ssd.jpl.nasa.gov/tools/sbdb_lookup.html#/?sstr=2039796,15.68,1.9433676839,4.3455022465,False,False,,,,,AMO,Y,N,15.68,2.131,0.205,223.5,,,0.4683,2.251,1.197,12.93,158.86,171.09,126.83,0.2918,1230.0,0.188,0.0,2317
2041429,41429 (2000 GE2),https://ssd.jpl.nasa.gov/tools/sbdb_lookup.html#/?sstr=2041429,20.66,0.1961349444,0.4385710684,True,False,1921-12-26,51524.6798833247,12729109.883001428,Venus,APO,Y,Y,20.66,0.204,0.267,,,,0.5556,1.593,0.708,2.17,351.79,297.37,238.87,0.4903,734.0,0.0111,0.0,444
2052387,52387 Huitzilopochtli (1993 OM7),https://ssd.jpl.nasa.gov/tools/sbdb_lookup.html#/?sstr=2052387,17.75,0.7491261831,1.6750970692,False,False,1942-01-18,47101.7702990563,9311030.32548142,Earth,AMO,Y,N,17.75,0.89,0.171,26.0,,,0.1897,1.282,1.039,24.15,297.56,195.56,255.97,0.679,530.0,0.0604,0.0,1745
2066391,66391 Moshup (1999 KW4),https://ssd.jpl.nasa.gov/tools/sbdb_lookup.html#/?sstr=2066391,16.64,1.2489785407,2.7928009194,True,False,1912-05-30,70803.1696416448,24380872.873131752,Earth,ATE,Y,Y,16.64,1.317,,2.7645,,1.974,0.6884,0.6424,0.2,38.88,244.9,192.65,342.6,1.914,188.0,0.0119,0.0,3871
2066400,66400 (1999 LT7),https://ssd.jpl.nasa.gov/tools/sbdb_lookup.html#/?sstr=2066400,19.27,0.3720103103,0.8318403423,False,False,1900-04-08,56777.3690406962,20974468.84593355,Earth,ATE,Y,N,19.27,0.411,0.182,,,,0.5725,0.8554,0.366,9.06,79.79,341.42,25.62,1.246,289.0,0.0589,0.0,835
2054686,54686 (2001 DU8),https://ssd.jpl.nasa.gov/tools/sbdb_lookup.html#/?sstr=2054686,16.61,1.2663535629,2.8316526503,False,False,1963-04-16,57536.9962998682,8718322.008723572,Mars,AMO,Y,N,16.61,1.349,0.244,9.958,,,0.3418,1.777,1.17,33.21,161.68,265.93,213.83,0.4161,865.0,0.434,0.0,1444
2054789,54789 (2001 MZ7),https://ssd.jpl.nasa.gov/tools/sbdb_lookup.html#/?sstr=2054789,15.07,2.5736825419,5.7549291163,False,False,,,,,AMO,Y,N,15.07,1.567,0.856,37.57,,,0.2874,1.776,1.266,24.47,130.05,20.05,231.99,0.4164,864.0,0.292,0.0,9923
2055408,55408 (2001 TC2),https://ssd.jpl.nasa.gov/tools/sbdb_lookup.html#/?sstr=2055408,18.88,0.4451998164,0.9954970531,False,False,1911-09-02,50208.8816802604,9858874.18118712,Mars,APO,Y,N,18.88,0.461,0.342,,,,0.2246,1.1,0.853,30.39,193.82,353.55,188.25,0.8544,421.0,0.147,0.0,560
2065679,65679 (1989 UQ),https://ssd.jpl.nasa.gov/tools/sbdb_lookup.html#/?sstr=2065679,19.62,0.3166321257,0.708010957,True,False,1900-11-17,34303.6755970245,10585375.143542448,Venus,ATE,Y,Y,19.62,0.918,0.033,7.746,,,0.2645,0.9148,0.673,1.3,178.05,15.0,286.53,1.126,320.0,0.014,0.0,1164
2065803,65803 Didymos (1996 GT),https://ssd.jpl.nasa.gov/tools/sbdb_lookup.html#/?sstr=2065803,18.11,0.634680239,1.4191881584,True,False,1901-02-04,32322.1378173849,7802068.953850913,Mars,APO,Y,Y,18.11,0.78,,2.2593,,2.17,0.3832,1.643,1.013,3.41,72.98,319.59,167.22,0.4682,769.0,0.0397,0.0,1869
2055532,55532 (2001 WG2),https://ssd.jpl.nasa.gov/tools/sbdb_lookup.html#/?sstr=2055532,16.16,1.5579552413,3.4836938254,False,False,1915-11-12,108150.9189504959,13727896.26227053,Venus,APO,Y,N,16.16,1.306,0.376,46.08,,,0.6952,1.795,0.547,38.54,81.41,132.37,298.34,0.4099,878.0,0.339,0.0,1350
2066272,66272 (1999 JW6),https://ssd.jpl.nasa.gov/tools/sbdb_lookup.html#/?sstr=2066272,17.22,0.9562137328,2.1381589077,False,False,1997-08-09,74498.754007606,7630653.521053095,Mars,AMO,Y,N,17.22,0.808,0.4,502.0,,,0.1433,1.508,1.291,51.31,66.38,68.43,196.33,0.5325,676.0,0.409,0.0,1221
2066008,66008 (1998 QH2),https://ssd.jpl.nasa.gov/tools/sbdb_lookup.html#/?sstr=2066008,15.93,1.7320282714,3.8729329538,False,False,1916-03-07,122993.628152486,11652389.057216274,Earth,APO,Y,N,15.93,1.484,0.319,7.09,,,0.3627,1.426,0.909,61.01,168.92,14.0,141.74,0.5787,622.0,0.0776,0.0,1950
2066146,66146 (1998 TU3),https://ssd.jpl.nasa.gov/tools/sbdb_lookup.html#/?sstr=2066146,14.36,3.5690692667,7.9806814968,False,False,1900-10-10,88431.3838277647,14347367.398614787,Merc,ATE,Y,N,14.36,2.864,0.224,2.375,,,0.4837,0.7875,0.407,5.42,101.88,84.99,74.77,1.41,255.0,0.0738,0.0,2384
2066251,66251 (1999 GJ2),https://ssd.jpl.nasa.gov/tools/sbdb_lookup.html#/?sstr=2066251,17.0,1.0581688593,2.3661375011,False,False,,,,,AMO,Y,N,17.0,1.222,0.187,2.4629,,,0.1981,1.536,1.231,11.28,196.17,142.55,232.35,0.518,695.0,0.247,0.0,3907
2068267,68267 (2001 EA16),https://ssd.jpl.nasa.gov/tools/sbdb_lookup.html#/?sstr=2068267,17.01,1.0533070151,2.3552660868,False,False,1912-10-04,87012.1459372486,11176669.655710287,Earth,APO,Y,N,17.01,0.875,0.401,3.5,,,0.4273,1.51,0.865,38.82,8.0,317.42,15.8,0.5313,678.0,0.059,0.0,794
2068278,68278 (2001 FC7),https://ssd.jpl.nasa.gov/tools/sbdb_lookup.html#/?sstr=2068278,18.47,0.5377184977,1.2023751136,False,False,1963-01-31,2827.5074398444,9932744.75668526,Mars,AMO,Y,N,18.47,0.942,0.087,3.4523,,,0.1143,1.436,1.272,2.62,99.04,234.53,337.19,0.5728,628.0,0.263,0.0,1829
2068350,68350 (2001 MK3),https://ssd.jpl.nasa.gov/tools/sbdb_lookup.html#/?sstr=2068350,16.11,1.5942446807,3.5648394788,False,False,,,,,AMO,Y,N,16.11,1.794,0.219,3.21082,,,0.2475,1.67,1.256,29.57,128.83,328.58,311.25,0.4568,788.0,0.302,0.0,7565
2085275,85275 (1994 LY),https://ssd.jpl.nasa.gov/tools/sbdb_lookup.html#/?sstr=2085275,16.49,1.3383046182,2.9925401008,False,False,2007-08-29,39463.4694852742,22679138.1304014,Earth,AMO,Y,N,16.49,2.506,0.093,2.6967,,,0.4419,1.891,1.055,17.71,141.13,202.86,359.57,0.379,950.0,0.0637,0.0,10201
2085709,85709 (1998 SG36),https://ssd.jpl.nasa.gov/tools/sbdb_lookup.html#/?sstr=2085709,15.93,1.7320282714,3.8729329538,False,False,,,,,AMO,Y,N,15.93,2.23,0.141,3.573,,,0.3376,1.646,1.09,24.83,186.55,29.83,88.68,0.4667,771.0,0.122,0.0,5998
2085713,85713 (1998 SS49),https://ssd.jpl.nasa.gov/tools/sbdb_lookup.html#/?sstr=2085713,15.77,1.8644681832,4.1690775995,True,False,1902-11-26,64372.1398405063,9872429.528423771,Earth,APO,Y,Y,15.77,3.484,0.076,2.258,,,0.6388,1.923,0.695,10.79,40.95,103.13,27.39,0.3695,974.0,0.00504,0.0,1497
2068063,68063 (2000 YJ66),https://ssd.jpl.nasa.gov/tools/sbdb_lookup.html#/?sstr=2068063,15.57,2.0443487103,4.5713026859,False,False,2007-04-19,29570.7832160061,10503413.91132046,Mars,AMO,Y,N,15.57,2.301,0.211,3.1592,,,0.4577,2.334,1.266,5.72,308.81,50.42,58.75,0.2764,1300.0,0.274,0.0,3492
2068216,68216 (2001 CV26),https://ssd.jpl.nasa.gov/tools/sbdb_lookup.html#/?sstr=2068216,16.57,1.2898968334,2.8842970035,True,False,1915-10-03,48504.744267422,11641190.370105091,Earth,APO,Y,Y,16.57,0.994,0.449,2.429,,,0.3267,1.32,0.889,17.99,18.13,48.76,201.77,0.6499,554.0,0.0242,0.0,3052
2068950,68950 (2002 QF15),https://ssd.jpl.nasa.gov/tools/sbdb_lookup.html#/?sstr=2068950,16.39,1.4013769717,3.1335741707,True,False,1906-05-12,47855.3401403136,28346812.84684167,Earth,APO,Y,Y,16.39,1.65,0.178,45.24,,,0.3443,1.057,0.693,25.15,236.2,255.57,57.35,0.907,397.0,0.00477,0.0,2931
2068346,68346 (2001 KZ66),https://ssd.jpl.nasa.gov/tools/sbdb_lookup.html#/?sstr=2068346,16.92,1.0978802603,2.4549348932,True,False,1903-11-07,48279.3871979243,5545766.140595377,Earth,APO,Y,Y,16.92,0.736,0.291,4.987,,,0.4165,1.507,0.88,16.7,219.37,140.28,346.82,0.5325,676.0,0.0385,0.0,1249
2068348,68348 (2001 LO7),https://ssd.jpl.nasa.gov/tools/sbdb_lookup.html#/?sstr=2068348,14.27,3.7201031034,8.3184034225,False,False,1904-04-02,137580.391164523,10239684.968978142,Merc,APO,Y,N,14.27,3.512,0.299,3.3313,,,0.8409,2.155,0.343,25.36,236.23,181.67,177.38,0.3115,1160.0,0.386,0.0,1609
2068548,68548 (2001 XR31),https://ssd.jpl.nasa.gov/tools/sbdb_lookup.html#/?sstr=2068548,16.57,1.2898968334,2.8842970035,True,False,1916-07-16,56649.9307835272,13312109.597192015,Earth,APO,Y,Y,16.57,1.182,0.289,,,,0.4367,1.707,0.962,22.71,302.02,24.7,3.28,0.4419,815.0,0.0265,0.0,1389
2085182,85182 (1991 AQ),https://ssd.jpl.nasa.gov/tools/sbdb_lookup.html#/?sstr=2085182,17.13,0.99667824,2.2286402963,True,False,1905-05-01,60095.7896735405,7664223.836593214,Merc,APO,Y,Y,17.13,1.1,0.242,,,,0.7776,2.22,0.494,3.12,339.38,243.25,178.5,0.2979,1210.0,0.016,0.0,750
2085628,85628 (1998 KV2),https://ssd.jpl.nasa.gov/tools/sbdb_lookup.html#/?sstr=2085628,17.28,0.930154254,2.0798881414,False,False,2029-12-15,36343.8357644999,28589048.315211736,Earth,AMO,Y,N,17.28,0.775,0.461,2.8228,,,0.3316,1.592,1.064,13.03,66.73,50.6,338.19,0.4906,734.0,0.143,0.0,4579
2086324,86324 (1999 WA2),https://ssd.jpl.nasa.gov/tools/sbdb_lookup.html#/?sstr=2086324,15.83,1.813656249,4.0554586606,False,False,2184-01-14,62255.3198615456,11459548.621391304,Mars,AMO,Y,N,15.83,2.102,0.191,7.161,,,0.4345,1.966,1.112,34.61,293.64,75.31,203.78,0.3574,1010.0,0.341,0.0,3557
2085774,85774 (1998 UT18),https://ssd.jpl.nasa.gov/tools/sbdb_lookup.html#/?sstr=2085774,19.09,0.4041615334,0.9037326626,True,False,1902-01-12,29689.4568429523,32572093.249538306,Earth,APO,Y,Y,19.09,0.939,0.042,55.0,,,0.3289,1.403,0.941,13.59,64.62,50.16,55.93,0.5932,607.0,0.0358,0.0,900
2085953,85953 (1999 FK21),https://ssd.jpl.nasa.gov/tools/sbdb_lookup.html#/?sstr=2085953,18.1,0.6376097899,1.4257388333,False,False,1901-02-15,74059.4536743082,19389271.801359564,Earth,ATE,Y,N,18.1,0.59,0.32,28.08,,,0.703,0.7389,0.219,12.6,180.43,172.43,258.98,1.552,232.0,0.0706,0.0,2135
2086666,86666 (2000 FL10),https://ssd.jpl.nasa.gov/tools/sbdb_lookup.html#/?sstr=2086666,16.88,1.1182913782,2.5005755404,False,False,1969-10-09,58855.8621663389,24662882.31615318,Earth,APO,Y,N,16.88,1.165,0.228,206.0,,,0.427,1.463,0.838,29.01,186.9,258.89,223.95,0.5569,646.0,0.0815,0.0,2114
2086667,86667 (2000 FO10),https://ssd.jpl.nasa.gov/tools/sbdb_lookup.html#/?sstr=2086667,17.54,0.8251919385,1.845185269,False,False,1902-04-03,52215.1200138002,54867303.63076851,Earth,ATE,Y,N,17.54,0.745,0.349,53.756,,,0.5946,0.8594,0.348,14.29,208.3,172.49,229.06,1.237,291.0,0.133,0.0,2444
2086829,86829 (2000 GR146),https://ssd.jpl.nasa.gov/tools/sbdb_lookup.html#/?sstr=2086829,15.81,1.8304378037,4.0929833576,False,False,1904-07-04,50401.6653118126,16223831.70551579,Venus,APO,Y,N,15.81,1.823,0.232,3.0996,,,0.575,1.463,0.622,14.37,78.46,31.43,216.22,0.5571,646.0,0.203,0.0,2093
2088188,88188 (2000 XH44),https://ssd.jpl.nasa.gov/tools/sbdb_lookup.html#/?sstr=2088188,16.08,1.6164228334,3.6144313359,False,False,,,,,AMO,Y,N,16.08,1.371,0.374,2.6906,,,0.3913,2.008,1.222,11.34,340.12,195.36,221.34,0.3464,1040.0,0.232,0.0,3659
2085804,85804 (1998 WQ5),https://ssd.jpl.nasa.gov/tools/sbdb_lookup.html#/?sstr=2085804,15.36,2.2519304668,5.0354696043,False,False,,,,,AMO,Y,N,15.36,2.272,0.167,2.6761,,,0.3544,1.721,1.111,27.66,285.68,269.84,245.9,0.4365,825.0,0.371,0.0,4087
2085818,85818 (1998 XM4),https://ssd.jpl.nasa.gov/tools/sbdb_lookup.html#/?sstr=2085818,15.42,2.1905591097,4.898239078,False,False,1914-05-15,118063.077644444,14838920.717394756,Earth,APO,Y,N,15.42,2.028,0.168,19.451,,,0.416,1.657,0.967,62.72,235.64,301.22,131.4,0.4622,779.0,0.108,0.0,1701
2086039,86039 (1999 NC43),https://ssd.jpl.nasa.gov/tools/sbdb_lookup.html#/?sstr=2086039,15.95,1.7161489408,3.8374256911,True,False,1937-02-05,38117.2279019746,9302986.088976633,Venus,APO,Y,Y,15.95,2.22,0.14,122.2,,,0.5789,1.76,0.741,7.13,311.62,120.82,26.21,0.4222,853.0,0.025,0.0,1815
2086067,86067 (1999 RM28),https://ssd.jpl.nasa.gov/tools/sbdb_lookup.html#/?sstr=2086067,16.45,1.3631855586,3.0481755751,False,False,,,,,AMO,Y,N,16.45,1.245,0.314,9.196,,,0.3234,1.817,1.229,30.55,136.03,301.89,193.92,0.4023,895.0,0.364,0.0,1493
2086819,86819 (2000 GK137),https://ssd.jpl.nasa.gov/tools/sbdb_lookup.html#/?sstr=2086819,17.48,0.8483107619,1.8968805296,True,False,1921-08-30,34715.6468666913,4526812.951184759,Earth,APO,Y,Y,17.48,0.802,0.301,3.0239,,,0.5059,1.996,0.986,10.06,164.87,150.28,352.36,0.3496,1030.0,0.0163,0.0,864
2087309,87309 (2000 QP),https://ssd.jpl.nasa.gov/tools/sbdb_lookup.html#/?sstr=2087309,17.59,0.8064082768,1.8031837245,False,False,,,,,ATE,Y,N,17.59,0.568,0.499,2.1651,,,0.4632,0.8475,0.455,34.74,294.27,188.17,14.58,1.263,285.0,0.201,0.0,1157
2087311,87311 (2000 QJ1),https://ssd.jpl.nasa.gov/tools/sbdb_lookup.html#/?sstr=2087311,16.5,1.332155667,2.978790628,False,False,1905-11-24,37374.5999098271,13174564.139427714,Venus,APO,Y,N,16.5,1.948,0.142,,,,0.5121,1.59,0.776,7.7,191.41,343.51,329.27,0.4915,733.0,0.109,0.0,2530
2085839,85839 (1998 YO4),https://ssd.jpl.nasa.gov/tools/sbdb_lookup.html#/?sstr=2085839,16.58,1.2839702958,2.8710448625,False,False,,,,,AMO,Y,N,16.58,1.14,0.405,2.45,,,0.2481,1.653,1.243,9.32,28.5,199.69,97.04,0.4636,777.0,0.239,0.0,2886
2085989,85989 (1999 JD6),https://ssd.jpl.nasa.gov/tools/sbdb_lookup.html#/?sstr=2085989,17.07,1.0246014747,2.2910785472,True,False,1903-07-24,73217.6209681045,7772475.009534542,Earth,ATE,Y,Y,17.07,1.462,0.056,7.6638,,,0.6329,0.8831,0.324,17.07,130.14,309.26,93.5,1.188,303.0,0.0483,0.0,3850
2085990,85990 (1999 JV6),https://ssd.jpl.nasa.gov/tools/sbdb_lookup.html#/?sstr=2085990,20.27,0.2347226375,0.5248557734,True,False,1907-06-14,24857.6938356625,5090804.281299963,Venus,APO,Y,Y,20.27,0.451,0.095,6.538,,,0.3115,1.009,0.695,5.36,124.2,235.71,341.16,0.9723,370.0,0.0313,0.0,1203
2086326,86326 (1999 WK13),https://ssd.jpl.nasa.gov/tools/sbdb_lookup.html#/?sstr=2086326,17.35,0.900647767,2.0139096308,False,False,,,,,AMO,Y,N,17.35,1.348,0.098,6.36,,,0.3627,1.844,1.175,34.31,78.44,312.59,147.42,0.3935,915.0,0.279,0.0,1143
2088213,88213 (2001 AF2),https://ssd.jpl.nasa.gov/tools/sbdb_lookup.html#/?sstr=2088213,19.48,0.3377185972,0.7551617405,False,False,1903-12-14,66847.8113193254,26939204.929723386,Earth,ATE,Y,N,19.48,0.912,0.028,,,,0.5953,0.9539,0.386,17.81,114.25,194.99,17.42,1.058,340.0,0.172,0.0,364
2088254,88254 (2001 FM129),https://ssd.jpl.nasa.gov/tools/sbdb_lookup.html#/?sstr=2088254,17.77,0.742258153,1.659739687,True,False,1900-09-28,74321.5944764704,74168761.61707614,Earth,APO,Y,Y,17.77,0.8,0.252,38.56,,,0.6295,1.182,0.438,1.52,272.11,140.24,113.21,0.7666,470.0,0.01,0.0,921
2089959,89959 (2002 NT7),https://ssd.jpl.nasa.gov/tools/sbdb_lookup.html#/?sstr=2089959,16.55,1.3018321019,2.9109850751,True,False,,,,,APO,Y,Y,16.55,1.407,0.224,5.527,,,0.5284,1.735,0.818,42.36,132.0,300.72,19.05,0.4312,835.0,0.00088,0.0,1954
2096189,96189 Pygmalion (1991 NT3),https://ssd.jpl.nasa.gov/tools/sbdb_lookup.html#/?sstr=2096189,16.48,1.3444819516,3.0063530383,False,False,1930-01-26,39805.5951224474,4777887.095548249,Mars,AMO,Y,N,16.48,3.605,0.041,,,,0.307,1.821,1.262,14.0,287.17,293.24,35.23,0.4012,897.0,0.332,0.0,1548
2089355,89355 (2001 VS78),https://ssd.jpl.nasa.gov/tools/sbdb_lookup.html#/?sstr=2089355,15.8,1.8388867207,4.1118757104,False,False,2066-05-11,43429.0106786731,10552094.0455644,Mars,AMO,Y,N,15.8,2.038,0.246,40.553,,,0.3083,1.787,1.236,22.66,103.03,85.0,329.87,0.4126,873.0,0.444,0.0,3510
2090075,90075 (2002 VU94),https://ssd.jpl.nasa.gov/tools/sbdb_lookup.html#/?sstr=2090075,15.38,2.2312846442,4.9893041415,True,False,1906-07-14,12793.9067997583,276215778.8039688,Juptr,APO,Y,Y,15.38,2.233,0.294,7.879,,,0.5742,2.138,0.91,8.86,226.5,31.14,254.07,0.3153,1140.0,0.0272,0.0,3624
2099248,99248 (2001 KY66),https://ssd.jpl.nasa.gov/tools/sbdb_lookup.html#/?sstr=2099248,16.54,1.3078410858,2.9244215717,True,False,1917-07-18,42793.1384511445,6358273.371818775,Earth,APO,Y,Y,16.54,1.115,0.429,19.7,,,0.5077,1.866,0.919,10.61,284.11,61.55,154.35,0.3865,931.0,0.0464,0.0,3603
2088263,88263 (2001 KQ1),https://ssd.jpl.nasa.gov/tools/sbdb_lookup.html#/?sstr=2088263,15.69,1.9344387205,4.3255364773,False,False,1915-08-08,77520.1826027675,9149725.12065245,Mars,AMO,Y,N,15.69,5.748,0.037,13.17,,,0.4326,2.097,1.19,38.79,232.82,241.58,89.7,0.3246,1110.0,0.375,0.0,2519
2088710,88710 (2001 SL9),https://ssd.jpl.nasa.gov/tools/sbdb_lookup.html#/?sstr=2088710,17.61,0.7990150812,1.7866520367,False,False,1907-02-21,53836.3319035248,18719700.27851316,Venus,APO,Y,N,17.61,0.76,0.281,2.4004,,,0.2701,1.061,0.775,21.9,202.82,329.36,243.84,0.9013,399.0,0.199,0.0,2319
2096590,96590 (1998 XB),https://ssd.jpl.nasa.gov/tools/sbdb_lookup.html#/?sstr=2096590,16.28,1.474195145,3.2964005564,False,False,1904-02-15,41338.5815850808,15731168.66973616,Venus,ATE,Y,N,16.28,0.882,0.489,520.0,,,0.3512,0.9079,0.589,13.6,75.68,202.72,253.63,1.139,316.0,0.114,0.0,3847
2099907,99907 (1989 VA),https://ssd.jpl.nasa.gov/tools/sbdb_lookup.html#/?sstr=2099907,17.96,0.6800721287,1.5206875095,False,False,1902-11-21,63267.7465179155,28703905.864730347,Earth,ATE,Y,N,17.96,1.4,,2.5246,,,0.5947,0.7284,0.295,28.8,225.58,2.87,155.84,1.586,227.0,0.155,0.0,1591
2089830,89830 (2002 CE),https://ssd.jpl.nasa.gov/tools/sbdb_lookup.html#/?sstr=2089830,14.98,2.6825941712,5.9984629228,True,False,1950-10-04,93652.516879007,27995694.363966543,Earth,AMO,Y,Y,14.98,5.067,0.079,2.6149,,,0.507,2.078,1.024,43.64,19.89,5.85,24.89,0.3291,1090.0,0.0281,0.0,3626
2090367,90367 (2003 LC5),https://ssd.jpl.nasa.gov/tools/sbdb_lookup.html#/?sstr=2090367,17.92,0.6927156136,1.5489592011,False,False,1900-07-12,59400.1933479508,24634322.63167084,Earth,APO,Y,N,17.92,1.748,0.048,39.0,,,0.4262,1.156,0.663,16.88,86.82,313.85,289.53,0.7935,454.0,0.151,0.0,1758
2090403,90403 (2003 YE45),https://ssd.jpl.nasa.gov/tools/sbdb_lookup.html#/?sstr=2090403,17.78,0.7388477866,1.6521138758,True,False,1912-07-18,51012.1117994382,15626011.255545368,Earth,APO,Y,Y,17.78,0.572,0.493,505.0,,,0.28,1.234,0.889,19.01,286.22,306.84,268.53,0.7186,501.0,0.0377,0.0,2216
2090416,90416 (2003 YK118),https://ssd.jpl.nasa.gov/tools/sbdb_lookup.html#/?sstr=2090416,18.83,0.4555698523,1.0186851583,True,False,1909-06-09,42375.4233062544,19889331.479424536,Earth,APO,Y,Y,18.83,0.968,0.062,43.58,,,0.4922,1.695,0.861,7.83,326.75,233.27,295.82,0.4466,806.0,0.00149,0.0,799
2103067,103067 (1999 XA143),https://ssd.jpl.nasa.gov/tools/sbdb_lookup.html#/?sstr=2103067,16.8,1.1602590821,2.5944181791,True,False,,,,,APO,Y,Y,16.8,1.282,0.246,9.849,,,0.5812,1.843,0.772,38.57,116.51,104.1,86.81,0.3938,914.0,0.0403,0.0,1694
2099942,99942 Apophis (2004 MN4),https://ssd.jpl.nasa.gov/tools/sbdb_lookup.html#/?sstr=2099942,19.09,0.4041615334,0.9037326626,True,False,1905-12-26,50965.8329757611,41319790.58025103,Earth,ATE,Y,Y,19.09,0.34,0.35,30.56,,,0.1912,0.9224,0.746,3.34,203.9,126.67,312.81,1.113,324.0,0.000361,0.0,7370
2100926,100926 (1998 MQ),https://ssd.jpl.nasa.gov/tools/sbdb_lookup.html#/?sstr=2100926,16.63,1.2547435637,2.8056919027,False,False,1929-10-30,57020.82618146,23887511.27513837,Earth,AMO,Y,N,16.63,1.174,0.234,2.328,,,0.4075,1.783,1.056,24.24,221.07,138.81,135.12,0.4141,869.0,0.129,0.0,1819
2105141,105141 (2000 NF11),https://ssd.jpl.nasa.gov/tools/sbdb_lookup.html#/?sstr=2105141,19.09,0.4041615334,0.9037326626,False,False,1973-06-27,29173.226272817,12820670.631023875,Mars,AMO,Y,N,19.09,0.352,0.431,,,,0.189,1.421,1.152,14.83,123.7,116.0,35.67,0.5819,619.0,0.212,0.0,516
2111253,111253 (2001 XU10),https://ssd.jpl.nasa.gov/tools/sbdb_lookup.html#/?sstr=2111253,15.24,2.3798795468,5.321572445,True,False,1903-08-08,87501.5535681191,16202723.29646092,Earth,APO,Y,Y,15.24,3.006,0.178,,,,0.4398,1.753,0.982,42.04,310.14,6.97,231.99,0.4245,848.0,0.0314,0.0,2356
2112985,112985 (2002 RS28),https://ssd.jpl.nasa.gov/tools/sbdb_lookup.html#/?sstr=2112985,15.77,1.8644681832,4.1690775995,False,False,1966-04-21,85077.4522454348,13049260.903676566,Mars,AMO,Y,N,15.77,3.618,0.033,4.787,,,0.4922,2.22,1.128,46.99,211.96,105.29,30.89,0.2979,1210.0,0.414,0.0,3031
2136564,136564 (1977 VA),https://ssd.jpl.nasa.gov/tools/sbdb_lookup.html#/?sstr=2136564,19.28,0.3703010782,0.828018383,False,False,1921-10-23,26762.6349444996,48133870.88973285,Earth,AMO,Y,N,19.28,0.4,,,,,0.3942,1.866,1.13,2.98,224.45,172.68,310.87,0.3868,931.0,0.137,0.0,300
2101955,101955 Bennu (1999 RQ36),https://ssd.jpl.nasa.gov/tools/sbdb_lookup.html#/?sstr=2101955,20.21,0.2412986969,0.5395602892,True,False,1900-06-15,23350.1159564919,54606987.210318126,Earth,APO,Y,Y,20.21,0.48444,0.044,4.296061,4.8904e-09,1.194,0.2037,1.126,0.897,6.03,2.06,66.22,101.7,0.8245,437.0,0.00322,0.0,554
2108519,108519 (2001 LF),https://ssd.jpl.nasa.gov/tools/sbdb_lookup.html#/?sstr=2108519,17.94,0.6863647587,1.5347582577,False,False,1938-06-14,31474.7452706397,24174055.3736746,Earth,AMO,Y,N,17.94,1.423,0.06,4.495,,,0.271,1.604,1.169,16.4,267.25,343.93,29.48,0.4854,742.0,0.159,0.0,1083
2100004,100004 (1983 VA),https://ssd.jpl.nasa.gov/tools/sbdb_lookup.html#/?sstr=2100004,16.43,1.3757989593,3.0763799964,False,False,1901-04-26,35525.44543345,274316947.79040873,Juptr,APO,Y,N,16.43,2.7,0.0668,3.1643,,,0.7027,2.59,0.77,15.7,76.29,13.75,347.84,0.2365,1520.0,0.174,0.0,1351
2100756,100756 (1998 FM5),https://ssd.jpl.nasa.gov/tools/sbdb_lookup.html#/?sstr=2100756,16.34,1.4340192346,3.2065644897,False,False,1914-11-21,11711.851844651,272402648.5366081,Juptr,APO,Y,N,16.34,1.809,0.163,6.369,,,0.5546,2.265,1.009,11.57,176.5,312.06,48.9,0.2892,1240.0,0.093,0.0,1686
2105140,105140 (2000 NL10),https://ssd.jpl.nasa.gov/tools/sbdb_lookup.html#/?sstr=2105140,15.75,1.8817198949,4.2076535996,False,False,1913-08-27,204027.7384945829,4923608.794977827,Merc,ATE,Y,N,15.75,1.946,0.223,6.9269,,,0.8169,0.9143,0.167,32.54,237.28,281.68,126.8,1.127,319.0,0.356,0.0,3306
2136874,136874 (1998 FH74),https://ssd.jpl.nasa.gov/tools/sbdb_lookup.html#/?sstr=2136874,15.74,1.8904055193,4.2270752462,False,False,1911-01-09,31327.0680371793,213259195.87173924,Juptr,APO,Y,N,15.74,3.398,0.073,28.55,,,0.884,2.202,0.255,21.14,197.53,193.41,215.32,0.3015,1190.0,0.236,0.0,1525
2137062,137062 (1998 WM),https://ssd.jpl.nasa.gov/tools/sbdb_lookup.html#/?sstr=2137062,16.76,1.1818299089,2.6426520142,False,False,1911-05-07,54265.4738263469,25204163.193623684,Earth,APO,Y,N,16.76,1.265,0.411,2.58,,,0.3153,1.225,0.838,22.52,45.62,172.58,201.77,0.7273,495.0,0.17,0.0,5442
2137084,137084 (1998 XS16),https://ssd.jpl.nasa.gov/tools/sbdb_lookup.html#/?sstr=2137084,16.47,1.3506877983,3.0202297334,False,False,1951-07-12,87415.5588243347,22428045.82485649,Venus,APO,Y,N,16.47,1.228,0.322,5.419,,,0.4966,1.212,0.61,26.56,272.98,358.34,253.9,0.7385,488.0,0.408,0.0,3167
2137032,137032 (1998 UO1),https://ssd.jpl.nasa.gov/tools/sbdb_lookup.html#/?sstr=2137032,16.66,1.2375278366,2.7671963667,False,False,1916-01-07,128410.9297995683,15154570.697196482,Venus,APO,Y,N,16.66,1.055,0.183,2.925,,,0.7634,1.596,0.378,25.47,358.31,252.6,206.04,0.489,736.0,0.0596,0.0,1575
2137099,137099 (1998 YW3),https://ssd.jpl.nasa.gov/tools/sbdb_lookup.html#/?sstr=2137099,18.29,0.5841911542,1.3062911326,False,False,1900-04-30,76604.2021811826,66014255.98375882,Earth,APO,Y,N,18.29,0.564,0.291,,,,0.4628,1.1,0.591,28.79,94.26,194.86,270.77,0.8542,421.0,0.388,0.0,633
2138013,138013 (2000 CN101),https://ssd.jpl.nasa.gov/tools/sbdb_lookup.html#/?sstr=2138013,14.7,3.0517923259,6.824015094,False,False,1901-08-28,66994.8253625387,22174147.9608576,Venus,APO,Y,N,14.7,3.518,0.172,,,,0.6348,1.598,0.584,15.98,183.3,118.76,140.95,0.4878,738.0,0.108,0.0,1593
2138127,138127 (2000 EE14),https://ssd.jpl.nasa.gov/tools/sbdb_lookup.html#/?sstr=2138127,17.11,1.0059003902,2.249261651,True,False,1902-03-05,54051.9207984587,23277150.693956476,Earth,ATE,Y,Y,17.11,0.754,0.449,2.586,,,0.5331,0.6618,0.309,26.46,155.75,197.85,88.53,1.831,197.0,0.0239,0.0,1125
2137805,137805 (1999 YK5),https://ssd.jpl.nasa.gov/tools/sbdb_lookup.html#/?sstr=2137805,16.72,1.2038017674,2.6917825833,False,False,1903-01-04,122644.03499726,7097849.666725289,Merc,ATE,Y,N,16.72,2.243,0.027,3.93,,,0.5583,0.8294,0.366,16.75,349.51,292.88,252.59,1.305,276.0,0.114,0.0,2247
2137924,137924 (2000 BD19),https://ssd.jpl.nasa.gov/tools/sbdb_lookup.html#/?sstr=2137924,17.5,0.8405334021,1.8794898244,False,False,1901-02-14,105195.9257573623,22091846.034446474,Earth,ATE,Y,N,17.5,0.97,0.247,10.57,,,0.895,0.8764,0.092,25.75,333.67,324.37,333.2,1.201,300.0,0.0904,0.0,1293
2138359,138359 (2000 GX127),https://ssd.jpl.nasa.gov/tools/sbdb_lookup.html#/?sstr=2138359,17.97,0.6769474811,1.513700585,False,False,1901-01-08,49634.0272029362,48681729.19659279,Earth,APO,Y,N,17.97,1.085,0.095,3.685,,,0.3613,1.141,0.729,20.24,43.98,4.75,148.8,0.8081,445.0,0.262,0.0,860
2138847,138847 (2000 VE62),https://ssd.jpl.nasa.gov/tools/sbdb_lookup.html#/?sstr=2138847,17.07,1.0246014747,2.2910785472,False,False,1915-04-21,42557.9201894992,29384981.748015705,Earth,AMO,Y,N,17.07,0.965,0.396,7.6,,,0.2877,1.619,1.153,22.18,207.09,16.34,236.96,0.4784,752.0,0.155,0.0,2580
2138883,138883 (2000 YL29),https://ssd.jpl.nasa.gov/tools/sbdb_lookup.html#/?sstr=2138883,16.84,1.1390819672,2.5470647106,False,False,1929-09-14,49401.5721269695,21207419.687059723,Earth,APO,Y,N,16.84,1.222,0.247,10.592,,,0.344,1.536,1.008,21.89,182.72,115.93,211.81,0.5177,695.0,0.138,0.0,1691
2137925,137925 (2000 BJ19),https://ssd.jpl.nasa.gov/tools/sbdb_lookup.html#/?sstr=2137925,16.06,1.6313794097,3.6478752572,False,False,1914-02-01,151359.49648651,12473002.30886477,Merc,APO,Y,N,16.06,1.372,0.373,48.0,,,0.7638,1.292,0.305,31.12,131.22,175.52,54.92,0.6713,536.0,0.39,0.0,3100
2140158,140158 (2001 SX169),https://ssd.jpl.nasa.gov/tools/sbdb_lookup.html#/?sstr=2140158,18.48,0.5352479056,1.1968507018,True,False,1900-07-06,47886.7101778796,8272391.537397714,Mars,APO,Y,Y,18.48,0.566,0.289,3.143,,,0.4609,1.347,0.726,2.52,126.78,42.72,346.51,0.6302,571.0,0.0261,0.0,929
2140288,140288 (2001 SN289),https://ssd.jpl.nasa.gov/tools/sbdb_lookup.html#/?sstr=2140288,16.73,1.1982708007,2.6794149658,True,False,1927-03-14,114883.3630417079,12788940.818078363,Earth,APO,Y,Y,16.73,1.263,0.231,6.58,,,0.5082,1.784,0.877,53.19,357.06,225.63,149.86,0.4136,870.0,0.0189,0.0,535
2138947,138947 (2001 BA40),https://ssd.jpl.nasa.gov/tools/sbdb_lookup.html#/?sstr=2138947,18.82,0.4576726672,1.0233871954,False,False,1910-05-01,36733.8261313433,16498447.782445228,Venus,APO,Y,N,18.82,0.447,0.292,,,,0.2537,1.119,0.835,12.85,270.86,0.09,230.87,0.8327,432.0,0.183,0.0,535
2139056,139056 (2001 FY),https://ssd.jpl.nasa.gov/tools/sbdb_lookup.html#/?sstr=2139056,19.18,0.3877528304,0.8670416872,False,False,1972-06-26,32030.1032184579,3142570.082110932,Mars,AMO,Y,N,19.18,0.32,0.52,5.207,,,0.328,1.885,1.267,4.73,111.15,110.65,171.7,0.3807,946.0,0.271,0.0,293
2139289,139289 (2001 KR1),https://ssd.jpl.nasa.gov/tools/sbdb_lookup.html#/?sstr=2139289,17.8,0.7320739893,1.6369672047,False,False,1905-05-26,151193.6813058588,20726005.37887879,Venus,APO,Y,N,17.8,1.126,0.127,11.3,,,0.8412,1.26,0.2,23.26,102.7,291.49,66.98,0.6972,516.0,0.179,0.0,886
2139345,139345 (2001 KA67),https://ssd.jpl.nasa.gov/tools/sbdb_lookup.html#/?sstr=2139345,16.74,1.1927652464,2.6671041722,False,False,1904-04-13,56374.0489107428,70130244.14697702,Earth,APO,Y,N,16.74,2.586,0.038,44.25,,,0.7019,1.805,0.538,22.28,108.34,38.0,55.76,0.4064,886.0,0.262,0.0,1067
2141531,141531 (2002 GB),https://ssd.jpl.nasa.gov/tools/sbdb_lookup.html#/?sstr=2141531,19.15,0.3931470096,0.8791034386,False,False,1913-03-31,102691.6792459888,72113347.14129819,Earth,ATE,Y,N,19.15,0.303,0.482,73.0,,,0.529,0.9921,0.467,22.55,40.8,8.33,40.9,0.9974,361.0,0.28,0.0,890
2141484,141484 (2002 DB4),https://ssd.jpl.nasa.gov/tools/sbdb_lookup.html#/?sstr=2141484,16.26,1.4878357048,3.3269017752,False,False,1901-12-21,59179.5232574846,29271133.191250883,Earth,ATE,Y,N,16.26,1.034,0.455,,,,0.3695,0.8579,0.541,16.6,234.22,94.16,55.55,1.24,290.0,0.154,0.0,1569
2141432,141432 (2002 CQ11),https://ssd.jpl.nasa.gov/tools/sbdb_lookup.html#/?sstr=2141432,20.06,0.2585562121,0.5781492662,True,False,1905-01-12,36304.3921502174,15479412.882678015,Venus,ATE,Y,Y,20.06,0.239,0.34,2.605,,,0.4275,0.9762,0.559,2.47,81.34,272.64,290.45,1.022,352.0,0.0197,0.0,472
2142563,142563 (2002 TR69),https://ssd.jpl.nasa.gov/tools/sbdb_lookup.html#/?sstr=2142563,17.21,0.9606274149,2.1480282008,False,False,1905-03-07,41729.8670034376,21070785.25040415,Earth,AMO,Y,N,17.21,0.86,0.378,,,,0.3437,1.66,1.089,20.49,341.95,192.29,148.67,0.4609,781.0,0.102,0.0,724
2152563,152563 (1992 BF),https://ssd.jpl.nasa.gov/tools/sbdb_lookup.html#/?sstr=2152563,19.71,0.3037770614,0.6792661593,False,False,1900-12-02,82093.2387520302,71870960.3696424,Earth,ATE,Y,N,19.71,0.272,0.287,32.0,,,0.2717,0.9079,0.661,7.25,315.19,336.57,242.27,1.139,316.0,0.0626,0.0,638
2142040,142040 (2002 QE15),https://ssd.jpl.nasa.gov/tools/sbdb_lookup.html#/?sstr=2142040,16.25,1.4947032424,3.3422580561,False,False,1931-11-08,58390.1869841788,20094546.26210145,Earth,AMO,Y,N,16.25,1.232,0.353,3.853,,,0.3444,1.667,1.093,28.25,226.38,160.54,257.41,0.4579,786.0,0.116,0.0,2560
2142781,142781 (2002 UM11),https://ssd.jpl.nasa.gov/tools/sbdb_lookup.html#/?sstr=2142781,16.14,1.5723708236,3.5159280475,False,False,,,,,AMO,Y,N,16.14,1.595,0.252,6.81,,,0.3878,1.951,1.194,41.02,228.97,229.05,124.85,0.3616,995.0,0.311,0.0,1449
2143624,143624 (2003 HM16),https://ssd.jpl.nasa.gov/tools/sbdb_lookup.html#/?sstr=2143624,15.91,1.7480545317,3.9087687612,False,False,1948-03-29,91712.0236743792,16333331.76635524,Earth,APO,Y,N,15.91,2.137,0.169,32.1,,,0.5774,1.967,0.831,35.54,195.83,47.2,45.48,0.3574,1010.0,0.0529,0.0,1621
2142464,142464 (2002 TC9),https://ssd.jpl.nasa.gov/tools/sbdb_lookup.html#/?sstr=2142464,18.34,0.57089334,1.2765563162,False,False,1910-04-06,31224.0709085365,12968686.982261809,Earth,AMO,Y,N,18.34,0.886,0.118,5.131,,,0.1548,1.234,1.043,16.28,191.81,29.34,112.09,0.7191,501.0,0.058,0.0,4558
2144901,144901 (2004 WG1),https://ssd.jpl.nasa.gov/tools/sbdb_lookup.html#/?sstr=2144901,17.54,0.8251919385,1.845185269,False,False,1903-04-15,60665.3690889028,12148482.117838625,Earth,APO,Y,N,17.54,2.24,0.038,8.06,,,0.5219,1.64,0.784,13.04,41.98,232.49,98.81,0.4693,767.0,0.0562,0.0,724
2152558,152558 (1990 SA),https://ssd.jpl.nasa.gov/tools/sbdb_lookup.html#/?sstr=2152558,16.86,1.128638801,2.523713081,False,False,1902-03-03,70114.9438429996,11974199.866259063,Mars,AMO,Y,N,16.86,1.4,0.146,8.147,,,0.4413,2.014,1.125,38.14,172.14,115.14,138.19,0.3449,1040.0,0.308,0.0,570
2152742,152742 (1998 XE12),https://ssd.jpl.nasa.gov/tools/sbdb_lookup.html#/?sstr=2152742,19.1,0.4023045798,0.8995803882,False,False,1900-11-22,94966.2847546999,26529545.50916412,Earth,ATE,Y,N,19.1,0.413,0.264,,,,0.7392,0.8781,0.229,13.43,280.01,353.17,16.51,1.198,301.0,0.112,0.0,565
2152754,152754 (1999 GS6),https://ssd.jpl.nasa.gov/tools/sbdb_lookup.html#/?sstr=2152754,19.22,0.3806755436,0.8512163929,True,False,1900-02-09,38039.8440169087,12922089.908598894,Mars,APO,Y,Y,19.22,0.414,0.216,8.021,,,0.4974,1.191,0.599,2.02,314.36,135.0,226.74,0.7584,475.0,0.0189,0.0,553
2152564,152564 (1992 HF),https://ssd.jpl.nasa.gov/tools/sbdb_lookup.html#/?sstr=2152564,19.63,0.3151773333,0.7047579421,False,False,1900-10-04,62360.4527455658,54977593.80771815,Earth,APO,Y,N,19.63,0.282,0.169,3.276,,,0.5617,1.391,0.61,13.32,213.36,128.35,108.49,0.6008,599.0,0.12,0.0,132
2152679,152679 (1998 KU2),https://ssd.jpl.nasa.gov/tools/sbdb_lookup.html#/?sstr=2152679,16.55,1.3018321019,2.9109850751,False,False,1907-08-15,28436.6305256581,11870799.957764603,Earth,APO,Y,N,16.55,4.167,0.022,125.0,,,0.5524,2.252,1.008,4.93,205.72,120.3,19.03,0.2917,1230.0,0.0601,0.0,2208
2152671,152671 (1998 HL3),https://ssd.jpl.nasa.gov/tools/sbdb_lookup.html#/?sstr=2152671,20.24,0.2379879547,0.5321572445,True,False,1901-05-18,81609.8856396246,58127161.19556025,Earth,APO,Y,Y,20.24,0.298,0.2,,,,0.366,1.129,0.716,2.68,163.63,188.15,254.92,0.8216,438.0,0.0454,0.0,538
2152889,152889 (2000 CF59),https://ssd.jpl.nasa.gov/tools/sbdb_lookup.html#/?sstr=2152889,16.5,1.332155667,2.978790628,False,False,1930-02-05,119327.3357290128,16409236.693367936,Venus,APO,Y,N,16.5,1.022,0.388,,,,0.6407,1.679,0.603,41.55,141.74,222.47,354.16,0.4529,795.0,0.317,0.0,1278
2152931,152931 (2000 EA107),https://ssd.jpl.nasa.gov/tools/sbdb_lookup.html#/?sstr=2152931,16.3,1.4606796427,3.2661789745,False,False,1901-01-18,76712.1121426756,8448483.399611732,Venus,ATE,Y,N,16.3,1.646,0.237,4.1367,,,0.4557,0.9297,0.506,28.58,52.87,278.02,57.09,1.099,327.0,0.163,0.0,2173
2152941,152941 (2000 FM10),https://ssd.jpl.nasa.gov/tools/sbdb_lookup.html#/?sstr=2152941,17.61,0.7990150812,1.7866520367,False,False,1921-09-12,78249.3885301464,14328782.73554639,Venus,APO,Y,N,17.61,0.82,0.205,,,,0.6807,1.481,0.473,8.73,18.52,343.98,300.53,0.5467,659.0,0.127,0.0,782
2152952,152952 (2000 GC2),https://ssd.jpl.nasa.gov/tools/sbdb_lookup.html#/?sstr=2152952,17.57,0.8138698807,1.819868378,False,False,2163-08-19,87963.1465712144,14763487.741742335,Mars,AMO,Y,N,17.57,0.776,0.353,4.179,,,0.1869,1.384,1.125,55.29,358.68,280.2,187.14,0.6057,594.0,0.279,0.0,1090
2152964,152964 (2000 GP82),https://ssd.jpl.nasa.gov/tools/sbdb_lookup.html#/?sstr=2152964,17.8,0.7320739893,1.6369672047,False,False,1924-02-02,42068.5600295581,13685092.048124235,Earth,APO,Y,N,17.8,0.788,0.342,,,,0.3934,1.397,0.847,13.23,114.85,333.11,261.11,0.5971,603.0,0.0916,0.0,883
2153814,153814 (2001 WN5),https://ssd.jpl.nasa.gov/tools/sbdb_lookup.html#/?sstr=2153814,18.28,0.586887658,1.3123206985,True,False,1916-10-02,40097.58283827,7625252.933227586,Earth,APO,Y,Y,18.28,0.932,0.097,4.253,,,0.4673,1.711,0.912,1.92,277.35,44.65,286.58,0.4402,818.0,0.0019,0.0,1021
2153842,153842 (2001 XT30),https://ssd.jpl.nasa.gov/tools/sbdb_lookup.html#/?sstr=2153842,16.7,1.214940408,2.7166893409,False,False,1921-08-22,13214.7404948487,182987694.2439049,Juptr,AMO,Y,N,16.7,1.759,0.193,17.95,,,0.567,2.749,1.19,9.0,139.83,219.39,124.75,0.2162,1660.0,0.208,0.0,1097
2152978,152978 (2000 GJ147),https://ssd.jpl.nasa.gov/tools/sbdb_lookup.html#/?sstr=2152978,19.57,0.3240074354,0.7245026508,True,False,1901-05-23,49586.7452086012,16046973.124298448,Earth,APO,Y,Y,19.57,0.531,0.109,10.009,,,0.2368,1.162,0.887,25.01,57.84,240.78,88.68,0.7865,458.0,0.027,0.0,864
2153201,153201 (2000 WO107),https://ssd.jpl.nasa.gov/tools/sbdb_lookup.html#/?sstr=2153201,19.3,0.3669061375,0.8204270649,True,False,1900-11-09,136040.9445653414,11611598.594957836,Merc,ATE,Y,Y,19.3,0.51,0.129,5.022,,,0.7808,0.9111,0.2,7.77,69.19,213.76,312.79,1.133,318.0,0.00286,0.0,1137
2153219,153219 (2000 YM29),https://ssd.jpl.nasa.gov/tools/sbdb_lookup.html#/?sstr=2153219,18.54,0.5206609142,1.1642331974,False,False,,,,,AMO,Y,N,18.54,1.289,0.035,,,,0.4356,2.089,1.179,40.34,116.54,1.0,83.99,0.3264,1100.0,0.195,0.0,647
2153271,153271 (2001 CL42),https://ssd.jpl.nasa.gov/tools/sbdb_lookup.html#/?sstr=2153271,17.4,0.8801465209,1.9680674509,False,False,2005-04-22,52836.9541745418,29825400.719655234,Earth,APO,Y,N,17.4,2.441,0.039,,,,0.4024,1.557,0.931,21.65,12.01,270.88,182.2,0.5072,710.0,0.191,0.0,1088
2153195,153195 (2000 WB1),https://ssd.jpl.nasa.gov/tools/sbdb_lookup.html#/?sstr=2153195,17.51,0.8366715019,1.8708543531,False,False,1901-04-11,101680.5051374825,17730403.909403674,Venus,APO,Y,N,17.51,1.327,0.1,,,,0.6192,1.301,0.496,41.1,21.36,262.91,5.15,0.6639,542.0,0.0914,0.0,395
2153249,153249 (2001 BW15),https://ssd.jpl.nasa.gov/tools/sbdb_lookup.html#/?sstr=2153249,15.67,1.9523378616,4.3655601735,False,False,1918-08-20,93074.1478027247,7416349.186754775,Earth,APO,Y,N,15.67,3.16,0.177,,,,0.5907,2.117,0.867,41.28,328.76,298.06,302.81,0.3199,1130.0,0.0561,0.0,1025
2153591,153591 (2001 SN263),https://ssd.jpl.nasa.gov/tools/sbdb_lookup.html#/?sstr=2153591,17.11,1.0059003902,2.249261651,True,False,1913-01-31,24639.1584565967,10634544.477781078,Earth,AMO,Y,Y,17.11,2.0,,3.423,,,0.48,1.988,1.034,6.69,325.71,173.06,124.08,0.3517,1020.0,0.0472,0.0,3654
2154589,154589 (2003 MX2),https://ssd.jpl.nasa.gov/tools/sbdb_lookup.html#/?sstr=2154589,16.62,1.2605351968,2.8186423881,False,False,2049-03-08,25729.8434509214,4087475.123351719,Mars,AMO,Y,N,16.62,1.109,0.395,1.611,,,0.459,2.289,1.238,7.18,58.62,300.61,123.35,0.2846,1270.0,0.263,0.0,1608
2154590,154590 (2003 MA3),https://ssd.jpl.nasa.gov/tools/sbdb_lookup.html#/?sstr=2154590,21.7,0.1214940408,0.2716689341,True,False,1902-08-04,33296.5571342643,3873416.62323317,Venus,APO,Y,Y,21.7,0.086,0.53,,,,0.4021,1.105,0.661,1.42,152.66,228.88,36.33,0.8483,424.0,0.0131,0.0,123
2154029,154029 (2002 CY46),https://ssd.jpl.nasa.gov/tools/sbdb_lookup.html#/?sstr=2154029,16.52,1.3199423904,2.9514809114,False,False,1958-09-02,86360.2469358296,25300608.596337583,Earth,APO,Y,N,16.52,1.119,0.098,2.554,,,0.4624,1.89,1.016,44.2,346.14,319.4,322.74,0.3794,949.0,0.0868,0.0,1164
2154035,154035 (2002 CV59),https://ssd.jpl.nasa.gov/tools/sbdb_lookup.html#/?sstr=2154035,17.38,0.8882904164,1.9862777548,False,False,,,,,APO,Y,N,17.38,1.098,0.149,,,,0.532,1.21,0.566,49.06,13.09,347.15,160.58,0.7405,486.0,0.426,0.0,418
2154276,154276 (2002 SY50),https://ssd.jpl.nasa.gov/tools/sbdb_lookup.html#/?sstr=2154276,17.61,0.7990150812,1.7866520367,True,False,1909-08-08,77252.7991240159,1949842.017256643,Venus,APO,Y,Y,17.61,1.06,0.143,4.823,,,0.6889,1.705,0.53,8.74,34.02,99.71,105.17,0.4426,813.0,0.00394,0.0,1165
2154807,154807 (2004 PP97),https://ssd.jpl.nasa.gov/tools/sbdb_lookup.html#/?sstr=2154807,18.56,0.5158874663,1.1535594433,False,False,1921-10-24,42021.3779133743,26944584.49904816,Earth,APO,Y,N,18.56,0.469,0.319,161.0,,,0.3166,1.484,1.014,15.53,15.07,68.72,182.39,0.5452,660.0,0.146,0.0,1407
2159459,159459 (2000 KB),https://ssd.jpl.nasa.gov/tools/sbdb_lookup.html#/?sstr=2159459,16.31,1.4539684294,3.2511722452,False,False,1909-09-27,43418.7539232455,287892273.8824394,Juptr,APO,Y,N,16.31,1.769,0.187,,,,0.7989,2.337,0.47,56.16,185.35,185.39,27.74,0.2759,1300.0,0.531,0.0,450
2159504,159504 (2000 WO67),https://ssd.jpl.nasa.gov/tools/sbdb_lookup.html#/?sstr=2159504,16.97,1.0728894545,2.3990537526,True,False,1916-07-23,47172.8409875075,5827658.313846513,Earth,APO,Y,Y,16.97,2.324,0.052,2.941,,,0.617,2.433,0.932,9.69,107.56,237.81,242.88,0.2597,1390.0,0.0491,0.0,748
2155110,155110 (2005 TB),https://ssd.jpl.nasa.gov/tools/sbdb_lookup.html#/?sstr=2155110,17.46,0.8561600847,1.9144321491,False,False,1923-04-21,76415.6975068879,27698167.238608524,Earth,APO,Y,N,17.46,0.683,0.379,3.479,,,0.3485,1.261,0.822,30.38,226.17,44.78,118.57,0.6957,517.0,0.113,0.0,1420
2159454,159454 (2000 DJ8),https://ssd.jpl.nasa.gov/tools/sbdb_lookup.html#/?sstr=2159454,18.04,0.6554732558,1.4656827575,False,False,,,,,AMO,Y,N,18.04,0.577,0.367,14.245,,,0.2527,1.411,1.055,37.75,139.52,262.96,223.35,0.588,612.0,0.246,0.0,912
2159518,159518 (2001 FF7),https://ssd.jpl.nasa.gov/tools/sbdb_lookup.html#/?sstr=2159518,18.01,0.6645917971,1.4860724357,False,False,,,,,AMO,Y,N,18.01,1.784,0.038,,,,0.4452,2.104,1.167,47.47,190.08,59.44,9.56,0.3229,1120.0,0.339,0.0,281
2159857,159857 (2004 LJ1),https://ssd.jpl.nasa.gov/tools/sbdb_lookup.html#/?sstr=2159857,15.46,2.1505769,4.8088361393,True,False,1929-11-13,59048.3120184054,8564295.682736684,Earth,APO,Y,Y,15.46,3.07,0.13,2.72627,,,0.5935,2.262,0.92,23.15,235.53,140.02,75.2,0.2896,1240.0,0.0154,0.0,3315
2154993,154993 (2005 EA94),https://ssd.jpl.nasa.gov/tools/sbdb_lookup.html#/?sstr=2154993,17.99,0.6707411893,1.4998228946,False,False,1906-02-27,89466.7563460368,27106124.796929833,Earth,APO,Y,N,17.99,0.828,0.195,13.761,,,0.6637,1.517,0.51,10.32,104.06,309.03,55.64,0.5278,682.0,0.0749,0.0,559
2159686,159686 (2002 LB6),https://ssd.jpl.nasa.gov/tools/sbdb_lookup.html#/?sstr=2159686,16.34,1.4340192346,3.2065644897,False,False,1915-07-19,100829.0610243151,14449835.73125318,Venus,APO,Y,N,16.34,1.845,0.162,,,,0.688,1.804,0.563,24.73,244.73,141.05,206.78,0.4069,885.0,0.283,0.0,886
2159929,159929 (2005 UK),https://ssd.jpl.nasa.gov/tools/sbdb_lookup.html#/?sstr=2159929,17.72,0.7595475664,1.6983999907,False,False,1919-04-30,105629.9249632612,25276850.09093524,Earth,AMO,Y,N,17.72,2.62,0.026,33.4,,,0.4078,1.887,1.117,54.42,222.54,19.59,37.82,0.3803,947.0,0.126,0.0,367
2162000,162000 (1990 OS),https://ssd.jpl.nasa.gov/tools/sbdb_lookup.html#/?sstr=2162000,19.64,0.313729225,0.7015198735,True,False,1909-11-19,41424.361199685,8589928.275455454,Earth,APO,Y,Y,19.64,0.4,,2.536,,,0.4624,1.678,0.902,1.09,346.49,21.62,60.96,0.4533,794.0,0.00902,0.0,427
2159560,159560 (2001 TO103),https://ssd.jpl.nasa.gov/tools/sbdb_lookup.html#/?sstr=2159560,17.14,0.9920989194,2.2184006242,False,False,,,,,AMO,Y,N,17.14,1.156,0.209,,,,0.4348,2.214,1.252,25.7,42.14,261.78,167.2,0.2991,1200.0,0.472,0.0,667
2161989,161989 Cacus (1978 CA),https://ssd.jpl.nasa.gov/tools/sbdb_lookup.html#/?sstr=2161989,17.31,0.9173920592,2.0513510063,True,False,1910-09-09,63670.6525894513,25481760.81594137,Earth,APO,Y,Y,17.31,1.9,0.09,3.7538,,,0.2138,1.123,0.883,26.07,161.2,102.11,310.22,0.8286,434.0,0.0144,0.0,1795
2161999,161999 (1989 RC),https://ssd.jpl.nasa.gov/tools/sbdb_lookup.html#/?sstr=2161999,18.8,0.4619074603,1.0328564805,False,False,1901-08-05,25026.8145627304,18779900.017219007,Earth,AMO,Y,N,18.8,0.458,0.211,,,,0.5126,2.318,1.13,7.38,140.08,181.51,109.11,0.2793,1290.0,0.116,0.0,156
2162173,162173 Ryugu (1999 JU3),https://ssd.jpl.nasa.gov/tools/sbdb_lookup.html#/?sstr=2162173,19.55,0.3270054393,0.7312063912,True,False,1917-02-03,18468.8072255509,16271747.185207015,Earth,APO,Y,Y,19.55,0.896,0.045,7.63262,3e-08,1.19,0.1911,1.191,0.963,5.87,251.29,211.62,270.66,0.7584,475.0,0.000833,0.0,5088
2162116,162116 (1998 SA15),https://ssd.jpl.nasa.gov/tools/sbdb_lookup.html#/?sstr=2162116,19.54,0.3285148278,0.7345814866,True,False,1906-03-03,86370.0864909088,58446366.08450657,Earth,APO,Y,Y,19.54,0.538,0.116,,,,0.5585,1.916,0.846,7.11,114.17,331.45,56.34,0.3717,968.0,0.0473,0.0,91
2162142,162142 (1998 VR),https://ssd.jpl.nasa.gov/tools/sbdb_lookup.html#/?sstr=2162142,18.78,0.4661814374,1.0424133839,False,False,1911-11-23,46588.852949783,25333505.91593993,Earth,ATE,Y,N,18.78,0.462,0.25,8.44,,,0.3179,0.8753,0.597,21.81,46.35,170.74,196.47,1.204,299.0,0.151,0.0,773
2162181,162181 (1999 LF6),https://ssd.jpl.nasa.gov/tools/sbdb_lookup.html#/?sstr=2162181,18.2,0.6089126221,1.3615700154,False,False,1907-10-11,37194.2361145382,24634846.68796924,Earth,APO,Y,N,18.2,0.729,0.175,37.26,,,0.2806,1.41,1.014,18.94,208.49,140.88,237.24,0.5889,611.0,0.0639,0.0,1914
2162038,162038 (1996 DH),https://ssd.jpl.nasa.gov/tools/sbdb_lookup.html#/?sstr=2162038,16.69,1.2205483181,2.7292290091,False,False,,,,,AMO,Y,N,16.69,1.959,0.105,7.16,,,0.2766,1.587,1.148,17.23,309.26,351.6,179.28,0.493,730.0,0.134,0.0,1977
2162058,162058 (1997 AE12),https://ssd.jpl.nasa.gov/tools/sbdb_lookup.html#/?sstr=2162058,17.99,0.6707411893,1.4998228946,False,False,1921-08-20,7851.6729955413,273773808.1294839,Juptr,AMO,Y,N,17.99,0.847,0.186,1880.0,,,0.5542,2.367,1.055,4.85,304.75,60.91,28.71,0.2706,1330.0,0.0875,0.0,887
2162080,162080 (1998 DG16),https://ssd.jpl.nasa.gov/tools/sbdb_lookup.html#/?sstr=2162080,19.93,0.2745079817,0.6138185073,False,False,1908-03-25,39477.4798153615,29631347.82301349,Earth,ATE,Y,N,19.93,0.777,0.035,,,,0.3582,0.8967,0.576,16.21,344.32,356.87,68.1,1.161,310.0,0.187,0.0,723
2162463,162463 (2000 JH5),https://ssd.jpl.nasa.gov/tools/sbdb_lookup.html#/?sstr=2162463,17.97,0.6769474811,1.513700585,False,False,1912-11-24,50379.6024717001,27876436.632458474,Earth,APO,Y,N,17.97,1.048,0.084,3.024,,,0.2382,1.146,0.873,22.21,80.17,353.59,73.41,0.8038,448.0,0.111,0.0,3361
2162269,162269 (1999 VO6),https://ssd.jpl.nasa.gov/tools/sbdb_lookup.html#/?sstr=2162269,16.97,1.0728894545,2.3990537526,False,False,1901-12-10,115328.6518185875,18394414.565266646,Venus,APO,Y,N,16.97,1.01,0.274,,,,0.7378,1.135,0.298,40.13,206.82,302.53,139.06,0.8147,442.0,0.077,0.0,933
2162385,162385 (2000 BM19),https://ssd.jpl.nasa.gov/tools/sbdb_lookup.html#/?sstr=2162385,18.59,0.5088092249,1.1377320144,False,False,1901-01-09,39885.0239125076,17941886.79795422,Earth,ATE,Y,N,18.59,0.812,0.115,9.463,,,0.3587,0.7406,0.475,6.88,70.2,247.73,305.81,1.547,233.0,0.0834,0.0,334
2162903,162903 (2001 JV2),https://ssd.jpl.nasa.gov/tools/sbdb_lookup.html#/?sstr=2162903,18.66,0.4926687055,1.1016407159,False,False,1902-05-14,78137.1678461544,6476398.348255204,Mars,APO,Y,N,18.66,1.086,0.06,,,,0.2373,1.305,0.995,47.49,216.89,301.22,221.2,0.6615,544.0,0.0857,0.0,200
2162567,162567 (2000 RW37),https://ssd.jpl.nasa.gov/tools/sbdb_lookup.html#/?sstr=2162567,19.97,0.2694976463,0.602615057,True,False,1905-11-06,33253.2811942455,12848940.499552662,Mars,APO,Y,Y,19.97,0.335,0.173,2.439,,,0.2501,1.247,0.935,13.75,333.28,133.32,295.18,0.7075,509.0,0.00693,0.0,255
2163243,163243 (2002 FB3),https://ssd.jpl.nasa.gov/tools/sbdb_lookup.html#/?sstr=2163243,16.42,1.3821493588,3.0905799213,True,False,1903-04-13,123916.353132717,3587853.482809891,Merc,ATE,Y,Y,16.42,1.682,0.172,6.231,,,0.6016,0.7616,0.303,20.28,203.56,148.33,342.61,1.483,243.0,0.00394,0.0,1984
2163348,163348 (2002 NN4),https://ssd.jpl.nasa.gov/tools/sbdb_lookup.html#/?sstr=2163348,20.05,0.2597496533,0.580817882,True,False,1904-09-17,69102.9903489358,15886725.755927823,Venus,ATE,Y,Y,20.05,0.735,0.03,14.5,,,0.4346,0.8758,0.495,5.42,259.41,222.21,328.82,1.203,299.0,0.00652,0.0,790
2162483,162483 (2000 PJ5),https://ssd.jpl.nasa.gov/tools/sbdb_lookup.html#/?sstr=2162483,17.53,0.8290008515,1.8537022573,False,False,1903-07-26,92883.7925620366,51057049.08326293,Earth,ATE,Y,N,17.53,0.906,0.236,2.642,,,0.3737,0.8727,0.547,51.18,124.41,7.65,145.73,1.209,298.0,0.174,0.0,874
2162566,162566 (2000 RJ34),https://ssd.jpl.nasa.gov/tools/sbdb_lookup.html#/?sstr=2162566,15.73,1.8991312347,4.246586539,False,False,1913-12-21,19657.7670441201,191337069.6679929,Juptr,AMO,Y,N,15.73,4.299,0.071,50.67,,,0.5761,2.625,1.113,14.29,329.83,145.56,271.86,0.2317,1550.0,0.164,0.0,1145
2162741,162741 (2000 WG6),https://ssd.jpl.nasa.gov/tools/sbdb_lookup.html#/?sstr=2162741,17.47,0.8522263865,1.9056361323,False,False,2041-07-17,8748.0713575452,297826315.7723358,Juptr,AMO,Y,N,17.47,3.945,0.014,,,,0.4994,2.319,1.161,11.85,60.72,330.14,31.44,0.2791,1290.0,0.19,0.0,259
2162998,162998 (2001 SK162),https://ssd.jpl.nasa.gov/tools/sbdb_lookup.html#/?sstr=2162998,18.16,0.620233153,1.3868834919,True,False,1978-02-14,35972.4505401911,21992393.54998792,Earth,APO,Y,Y,18.16,0.875,0.161,68.0,,,0.4745,1.926,1.012,1.68,285.29,186.47,329.01,0.3688,976.0,0.0284,0.0,1611
2163132,163132 (2002 CU11),https://ssd.jpl.nasa.gov/tools/sbdb_lookup.html#/?sstr=2163132,18.61,0.5041444339,1.1273012246,True,False,1921-08-25,91348.8629447844,20190825.775737304,Earth,APO,Y,Y,18.61,0.46,0.408,,,,0.2952,1.22,0.86,48.78,157.74,110.52,161.85,0.7317,492.0,0.00113,0.0,516
2162510,162510 (2000 QW69),https://ssd.jpl.nasa.gov/tools/sbdb_lookup.html#/?sstr=2162510,17.6,0.8027031673,1.7948988478,True,False,1924-02-28,82091.8589077372,20404838.61858593,Earth,APO,Y,Y,17.6,1.406,0.089,,,,0.3023,1.376,0.96,38.14,344.32,220.72,335.64,0.6105,590.0,0.0237,0.0,1756
2162980,162980 (2001 RR17),https://ssd.jpl.nasa.gov/tools/sbdb_lookup.html#/?sstr=2162980,16.77,1.1763998937,2.6305101311,False,False,1923-04-10,79092.6832855897,39921408.154338636,Earth,APO,Y,N,16.77,0.79,0.658,12.71,,,0.4887,1.553,0.794,30.4,177.6,351.49,10.5,0.5091,707.0,0.199,0.0,1244
2163694,163694 (2003 DP13),https://ssd.jpl.nasa.gov/tools/sbdb_lookup.html#/?sstr=2163694,17.5,0.8405334021,1.8794898244,False,False,1909-06-29,45941.6149138253,14427999.857676076,Mars,AMO,Y,N,17.5,0.832,0.276,2.387,,,0.5434,2.641,1.206,9.82,326.68,283.06,83.0,0.2297,1570.0,0.262,0.0,565
2164121,164121 (2003 YT1),https://ssd.jpl.nasa.gov/tools/sbdb_lookup.html#/?sstr=2164121,16.15,1.5651464359,3.4997738255,True,False,1901-04-26,83552.6998102597,7348389.223100334,Earth,APO,Y,Y,16.15,1.717,0.198,2.343,,,0.2921,1.11,0.786,44.06,38.31,91.01,212.29,0.8429,427.0,0.00145,0.0,2597
2168378,168378 (1997 ET30),https://ssd.jpl.nasa.gov/tools/sbdb_lookup.html#/?sstr=2168378,16.91,1.1029478453,2.4662663578,False,False,1988-08-29,31491.8609394061,9389942.513756216,Mars,AMO,Y,N,16.91,0.841,0.509,5.721,,,0.4495,2.137,1.176,6.81,23.21,263.36,352.56,0.3155,1140.0,0.204,0.0,1330
2163691,163691 (2003 BB43),https://ssd.jpl.nasa.gov/tools/sbdb_lookup.html#/?sstr=2163691,17.09,1.0152078719,2.2700738128,False,False,,,,,AMO,Y,N,17.09,3.449,0.021,6.649,,,0.5217,2.418,1.156,40.8,148.79,60.82,11.97,0.2622,1370.0,0.354,0.0,434
2163818,163818 (2003 RX7),https://ssd.jpl.nasa.gov/tools/sbdb_lookup.html#/?sstr=2163818,18.46,0.5402004935,1.207925025,True,False,1903-04-26,49668.6864444775,22534320.495779593,Earth,APO,Y,Y,18.46,0.386,0.516,5.649,,,0.3546,1.229,0.793,10.39,241.0,245.91,357.89,0.723,498.0,0.0265,0.0,942
2164206,164206 (2004 FN18),https://ssd.jpl.nasa.gov/tools/sbdb_lookup.html#/?sstr=2164206,17.69,0.7701139256,1.7220270881,False,False,1903-11-08,42102.8993456348,16730318.556869576,Earth,APO,Y,N,17.69,1.138,0.124,,,,0.4097,1.701,1.004,18.27,214.41,232.89,349.11,0.4443,810.0,0.112,0.0,1598
2164207,164207 Cardea (2004 GU9),https://ssd.jpl.nasa.gov/tools/sbdb_lookup.html#/?sstr=2164207,21.2,0.1529519353,0.3420109247,True,False,1900-10-22,27220.3749133542,21568593.914359447,Earth,APO,Y,Y,21.2,0.163,0.219,,,,0.1359,1.001,0.865,13.65,38.39,279.34,97.33,0.984,366.0,0.00309,0.0,363
2168318,168318 (1989 DA),https://ssd.jpl.nasa.gov/tools/sbdb_lookup.html#/?sstr=2168318,19.03,0.4154846434,0.9290519063,True,False,1914-08-14,9729.1129652918,266464142.389832,Juptr,APO,Y,Y,19.03,0.9,,3.925,,,0.5419,2.162,0.99,6.49,349.05,139.85,206.96,0.31,1160.0,0.0444,0.0,1040
2163760,163760 (2003 OR14),https://ssd.jpl.nasa.gov/tools/sbdb_lookup.html#/?sstr=2163760,16.68,1.2261821132,2.7418265579,False,False,1943-09-24,38145.9286836205,14692652.282629687,Mars,AMO,Y,N,16.68,2.343,0.074,,,,0.5043,2.512,1.245,13.07,211.48,212.02,166.15,0.2476,1450.0,0.279,0.0,987
2163899,163899 (2003 SD220),https://ssd.jpl.nasa.gov/tools/sbdb_lookup.html#/?sstr=2163899,17.56,0.8176265334,1.8282685088,True,False,1901-08-25,32085.4044493254,18083481.750381127,Venus,ATE,Y,Y,17.56,0.791,0.34,285.0,,,0.2094,0.8279,0.655,8.55,273.63,327.02,291.9,1.308,275.0,0.0179,0.0,1935
2163454,163454 (2002 RN129),https://ssd.jpl.nasa.gov/tools/sbdb_lookup.html#/?sstr=2163454,19.11,0.4004561582,0.8954471917,False,False,1902-12-25,71538.0603069492,57016581.95865693,Earth,APO,Y,N,19.11,0.712,0.096,,,,0.3699,1.162,0.732,23.12,332.1,198.65,12.07,0.7867,458.0,0.237,0.0,257
2169352,169352 (2001 UY16),https://ssd.jpl.nasa.gov/tools/sbdb_lookup.html#/?sstr=2169352,19.37,0.3552670883,0.7944013596,False,False,1959-11-04,65753.9433800269,27062650.608722743,Earth,APO,Y,N,19.37,0.316,0.405,,,,0.5197,2.083,1.0,32.28,32.18,48.44,346.46,0.3279,1100.0,0.121,0.0,294
2175921,175921 (2000 DM1),https://ssd.jpl.nasa.gov/tools/sbdb_lookup.html#/?sstr=2175921,18.32,0.5761757511,1.2883681464,False,False,1904-08-08,58071.2272698294,48497334.17388059,Earth,APO,Y,N,18.32,1.039,0.02,,,,0.484,1.369,0.706,20.71,342.73,306.75,309.68,0.6154,585.0,0.143,0.0,619
2173689,173689 (2001 PK9),https://ssd.jpl.nasa.gov/tools/sbdb_lookup.html#/?sstr=2173689,18.25,0.5950520786,1.330576898,False,False,1901-06-02,27395.22327092,18531318.21824908,Earth,AMO,Y,N,18.25,0.724,0.161,,,,0.3951,1.779,1.076,10.43,272.88,314.06,143.16,0.4152,867.0,0.113,0.0,397
2172034,172034 (2001 WR1),https://ssd.jpl.nasa.gov/tools/sbdb_lookup.html#/?sstr=2172034,17.84,0.7187121332,1.607089186,False,False,1900-09-27,55650.0128837458,27896823.127072085,Earth,AMO,Y,N,17.84,0.631,0.336,8.0475,,,0.2025,1.277,1.019,25.03,6.5,48.56,215.91,0.6828,527.0,0.0751,0.0,982
2175706,175706 (1996 FG3),https://ssd.jpl.nasa.gov/tools/sbdb_lookup.html#/?sstr=2175706,18.31,0.5788352575,1.2943149835,True,False,1901-03-20,26494.4450477937,10010279.746968837,Venus,APO,Y,Y,18.31,1.196,0.072,3.5942,,,0.3501,1.055,0.685,1.97,299.47,24.06,36.65,0.9098,396.0,0.0281,0.0,3126
2185716,185716 (1998 SF35),https://ssd.jpl.nasa.gov/tools/sbdb_lookup.html#/?sstr=2185716,17.95,0.6832111991,1.5277066841,False,False,1994-07-13,67454.5122437285,10043128.357504716,Mars,AMO,Y,N,17.95,0.629,0.339,6.864,,,0.2739,1.685,1.224,35.19,218.57,253.75,75.36,0.4505,799.0,0.413,0.0,1540
2194268,194268 (2001 UY4),https://ssd.jpl.nasa.gov/tools/sbdb_lookup.html#/?sstr=2194268,18.34,0.57089334,1.2765563162,True,False,1903-02-09,109920.4131209958,14589163.602759171,Earth,APO,Y,Y,18.34,1.244,0.055,6.802,,,0.7875,1.453,0.309,5.44,160.48,108.05,299.4,0.5629,640.0,0.0258,0.0,749
2206378,206378 (2003 RB),https://ssd.jpl.nasa.gov/tools/sbdb_lookup.html#/?sstr=2206378,18.76,0.4704949611,1.0520587161,True,False,1924-10-18,31124.6205570475,20693650.381474763,Earth,APO,Y,Y,18.76,0.376,0.414,37.5,,,0.439,1.788,1.003,6.72,317.12,44.08,91.85,0.4121,873.0,0.0441,0.0,1445
2211871,211871 (2004 HO),https://ssd.jpl.nasa.gov/tools/sbdb_lookup.html#/?sstr=2211871,18.85,0.4513931628,1.0093457967,False,False,1939-06-05,50466.9309692972,24636286.61234735,Earth,APO,Y,N,18.85,0.411,0.315,,,,0.5115,1.847,0.902,7.88,146.05,163.88,171.86,0.3927,917.0,0.0614,0.0,294
2218017,218017 (2001 XV266),https://ssd.jpl.nasa.gov/tools/sbdb_lookup.html#/?sstr=2218017,19.82,0.2887719308,0.6457136672,False,False,1900-03-30,36626.317607804,29060480.00240693,Earth,APO,Y,N,19.82,0.451,0.115,,,,0.1927,1.196,0.966,12.0,214.07,265.08,41.47,0.7531,478.0,0.105,0.0,271
2219071,219071 (1997 US9),https://ssd.jpl.nasa.gov/tools/sbdb_lookup.html#/?sstr=2219071,17.2,0.9650614696,2.1579430484,False,False,1902-03-30,53479.1920751723,5855179.220639146,Venus,APO,Y,N,17.2,0.657,0.383,3.319,,,0.2821,1.053,0.756,20.02,212.18,357.39,182.28,0.9124,395.0,0.251,0.0,3125
2220124,220124 (2002 TE66),https://ssd.jpl.nasa.gov/tools/sbdb_lookup.html#/?sstr=2220124,18.76,0.4704949611,1.0520587161,False,False,1900-10-11,91751.876554684,56276514.38434534,Earth,APO,Y,N,18.76,0.609,0.208,3.89,,,0.3779,1.457,0.906,51.35,190.99,290.55,357.76,0.5604,642.0,0.0948,0.0,550
2184990,184990 (2006 KE89),https://ssd.jpl.nasa.gov/tools/sbdb_lookup.html#/?sstr=2184990,16.41,1.3885290704,3.1048453901,False,False,1902-09-25,128579.9380659943,14083629.944153666,Merc,APO,Y,N,16.41,2.039,0.117,2.5435,,,0.799,1.053,0.212,45.12,88.59,299.23,321.19,0.9117,395.0,0.23,0.0,2606
2185851,185851 (2000 DP107),https://ssd.jpl.nasa.gov/tools/sbdb_lookup.html#/?sstr=2185851,18.31,0.5788352575,1.2943149835,True,False,1914-05-09,27648.3834176422,22818804.69148507,Earth,APO,Y,Y,18.31,0.863,0.137,2.7754,3.224e-08,1.365,0.3767,1.365,0.851,8.67,358.62,289.83,309.34,0.618,583.0,0.0143,0.0,2094
2187040,187040 (2005 JS108),https://ssd.jpl.nasa.gov/tools/sbdb_lookup.html#/?sstr=2187040,19.2,0.3841978911,0.8590926012,True,False,1904-07-12,39529.7395975955,15515741.558544127,Earth,APO,Y,Y,19.2,0.43,0.199,,,,0.3222,1.355,0.919,6.03,110.79,244.02,278.29,0.6246,576.0,0.0187,0.0,832
2190161,190161 (2005 TJ174),https://ssd.jpl.nasa.gov/tools/sbdb_lookup.html#/?sstr=2190161,16.73,1.1982708007,2.6794149658,False,False,1958-12-13,26488.1839219445,11299880.391254812,Mars,AMO,Y,N,16.73,3.041,0.04,,,,0.4525,2.239,1.226,3.98,304.62,56.26,23.67,0.2943,1220.0,0.23,0.0,1380
2194386,194386 (2001 VG5),https://ssd.jpl.nasa.gov/tools/sbdb_lookup.html#/?sstr=2194386,16.95,1.0828167784,2.4212519237,False,False,1918-09-08,71150.8211316598,14398337.51721354,Mars,APO,Y,N,16.95,0.916,0.353,6.38,,,0.6138,2.301,0.889,13.69,248.23,280.41,275.57,0.2824,1270.0,0.114,0.0,1627
2207945,207945 (1991 JW),https://ssd.jpl.nasa.gov/tools/sbdb_lookup.html#/?sstr=2207945,19.61,0.3180936332,0.7112789871,True,False,1901-05-14,17784.5580943138,17114896.937096976,Earth,APO,Y,Y,19.61,0.423,0.161,3.1499,,,0.1186,1.039,0.916,8.71,53.85,301.96,104.28,0.9304,387.0,0.0204,0.0,363
2214088,214088 (2004 JN13),https://ssd.jpl.nasa.gov/tools/sbdb_lookup.html#/?sstr=2214088,15.34,2.2727673228,5.0820622309,False,False,1910-02-07,20661.9397722953,193858245.29378408,Juptr,APO,Y,N,15.34,2.423,0.25,6.342,,,0.6903,2.888,0.895,13.35,85.02,279.23,93.93,0.2008,1790.0,0.134,0.0,2835
2215442,215442 (2002 MQ3),https://ssd.jpl.nasa.gov/tools/sbdb_lookup.html#/?sstr=2215442,18.53,0.5230641758,1.1696070537,False,False,1900-10-31,81536.1692664798,7920591.112632192,Venus,ATE,Y,N,18.53,1.075,0.08,473.0,,,0.2742,0.9136,0.663,36.29,109.06,346.89,83.61,1.129,319.0,0.133,0.0,857
2215588,215588 (2003 HF2),https://ssd.jpl.nasa.gov/tools/sbdb_lookup.html#/?sstr=2215588,19.42,0.3471802221,0.776318577,True,False,1900-11-18,42628.0238475818,9978429.417979255,Merc,APO,Y,Y,19.42,0.488,0.118,,,,0.6755,1.114,0.361,3.05,189.85,231.07,170.66,0.8384,429.0,0.00304,0.0,437
2221980,221980 (1996 EO),https://ssd.jpl.nasa.gov/tools/sbdb_lookup.html#/?sstr=2221980,19.11,0.4004561582,0.8954471917,True,False,1901-03-03,92176.9146382118,73197715.78419241,Earth,APO,Y,Y,19.11,0.432,0.2,,,,0.4008,1.342,0.804,21.59,356.46,64.7,107.22,0.6343,568.0,0.0341,0.0,189
2225416,225416 (1999 YC),https://ssd.jpl.nasa.gov/tools/sbdb_lookup.html#/?sstr=2225416,17.36,0.8965096664,2.0046565566,False,False,1910-01-19,96529.4323649759,13498976.61998746,Mars,APO,Y,N,17.36,1.651,0.094,4.531,,,0.8302,1.422,0.241,38.26,64.75,156.45,70.92,0.5813,619.0,0.249,0.0,645
2226554,226554 (2003 WR21),https://ssd.jpl.nasa.gov/tools/sbdb_lookup.html#/?sstr=2226554,19.62,0.3166321257,0.708010957,True,False,1900-10-30,30027.9671888418,62584103.35453727,Earth,APO,Y,Y,19.62,0.482,0.125,13.404,,,0.2614,1.118,0.826,9.27,85.76,108.11,96.45,0.8334,432.0,0.0309,0.0,545
2228502,228502 (2001 TE2),https://ssd.jpl.nasa.gov/tools/sbdb_lookup.html#/?sstr=2228502,20.41,0.2200670271,0.4920848322,False,False,1904-01-27,44422.3418575817,32636501.05664896,Earth,APO,Y,N,20.41,0.302,0.194,13.14,,,0.1966,1.084,0.87,7.63,171.1,35.78,310.64,0.8739,412.0,0.0663,0.0,486
2230118,230118 (2001 DB3),https://ssd.jpl.nasa.gov/tools/sbdb_lookup.html#/?sstr=2230118,17.09,1.0152078719,2.2700738128,False,False,1900-04-07,42559.5469122349,74732807.49057475,Earth,AMO,Y,N,17.09,1.166,0.15,,,,0.5595,2.684,1.182,24.49,340.34,264.65,194.58,0.2242,1610.0,0.441,0.0,504
2234061,234061 (1999 HE1),https://ssd.jpl.nasa.gov/tools/sbdb_lookup.html#/?sstr=2234061,17.69,0.7701139256,1.7220270881,False,False,1906-08-17,12669.0294235207,267448327.23908016,Juptr,APO,Y,N,17.69,2.9,0.019,,,,0.5721,2.362,1.011,8.16,65.79,221.98,87.45,0.2714,1330.0,0.0519,0.0,444
2234145,234145 (2000 EW70),https://ssd.jpl.nasa.gov/tools/sbdb_lookup.html#/?sstr=2234145,21.58,0.1283970296,0.2871044863,True,False,1900-08-29,43385.9924699647,51957895.995970875,Earth,ATE,Y,Y,21.58,0.344,0.045,33.0,,,0.3213,0.9375,0.636,5.43,178.03,125.78,8.79,1.086,332.0,0.0101,0.0,410
2238063,238063 (2003 EG),https://ssd.jpl.nasa.gov/tools/sbdb_lookup.html#/?sstr=2238063,16.57,1.2898968334,2.8842970035,False,False,,,,,APO,Y,N,16.57,1.47,0.225,7.23,,,0.7137,1.738,0.498,31.79,359.02,326.94,270.16,0.4302,837.0,0.363,0.0,855
2238456,238456 (2004 RK),https://ssd.jpl.nasa.gov/tools/sbdb_lookup.html#/?sstr=2238456,19.43,0.3455850738,0.7727517171,False,False,,,,,APO,Y,N,19.43,0.328,0.312,,,,0.3003,1.389,0.972,18.15,178.75,264.47,277.72,0.6022,598.0,0.165,0.0,579
2239849,239849 (1999 VO11),https://ssd.jpl.nasa.gov/tools/sbdb_lookup.html#/?sstr=2239849,18.65,0.4949427609,1.1067256584,False,False,1901-12-19,51908.4792772322,16787490.270128965,Earth,APO,Y,N,18.65,0.45,0.317,,,,0.6339,2.256,0.826,15.75,67.44,72.37,225.49,0.2909,1240.0,0.0707,0.0,205
2241596,241596 (1998 XM2),https://ssd.jpl.nasa.gov/tools/sbdb_lookup.html#/?sstr=2241596,17.23,0.9518203298,2.1283349598,False,False,1979-08-16,46789.2982486386,12122114.266548593,Mars,AMO,Y,N,17.23,1.548,0.105,8.75,,,0.3401,1.805,1.191,27.1,248.52,99.11,73.3,0.4064,886.0,0.414,0.0,1102
2242147,242147 (2003 BH84),https://ssd.jpl.nasa.gov/tools/sbdb_lookup.html#/?sstr=2242147,17.03,1.0436502383,2.3336728776,False,False,1928-03-04,96711.6485311222,15061736.961059058,Venus,APO,Y,N,17.03,1.687,0.108,46.32,,,0.7202,1.958,0.548,23.35,283.21,35.54,221.51,0.3596,1000.0,0.301,0.0,496
2232382,232382 (2003 BT47),https://ssd.jpl.nasa.gov/tools/sbdb_lookup.html#/?sstr=2232382,17.25,0.9430939886,2.1088222676,False,False,1904-09-28,8824.2581623201,265923486.48738295,Juptr,AMO,Y,N,17.25,1.123,0.154,,,,0.4935,2.335,1.183,7.45,352.42,235.67,115.61,0.2763,1300.0,0.206,0.0,898
2234341,234341 (2001 FZ57),https://ssd.jpl.nasa.gov/tools/sbdb_lookup.html#/?sstr=2234341,18.93,0.4350658314,0.9728367737,False,False,1902-05-05,64356.3247219499,27251134.03650353,Earth,ATE,Y,N,18.93,0.344,0.493,,,,0.6042,0.9442,0.374,20.67,22.08,339.98,165.9,1.074,335.0,0.157,0.0,545
2237805,237805 (2002 CF26),https://ssd.jpl.nasa.gov/tools/sbdb_lookup.html#/?sstr=2237805,17.4,0.8801465209,1.9680674509,False,False,1956-09-06,69368.2633263211,14217742.489836356,Earth,AMO,Y,N,17.4,0.703,0.43,3.7756,,,0.3411,1.604,1.057,35.3,342.07,33.62,6.23,0.4851,742.0,0.0923,0.0,3126
2241662,241662 (2000 KO44),https://ssd.jpl.nasa.gov/tools/sbdb_lookup.html#/?sstr=2241662,17.66,0.7808272775,1.7459828712,False,False,,,,,AMO,Y,N,17.66,0.898,0.2,2.42,,,0.3884,1.83,1.119,28.62,114.31,235.34,50.39,0.3981,904.0,0.224,0.0,559
2200754,200754 (2001 WA25),https://ssd.jpl.nasa.gov/tools/sbdb_lookup.html#/?sstr=2200754,18.51,0.527904029,1.1804292945,False,False,1915-07-28,42318.0866419769,23431836.985906653,Earth,APO,Y,N,18.51,0.553,0.21,3.653,,,0.517,1.756,0.848,15.51,279.74,83.78,130.54,0.4236,850.0,0.0963,0.0,564
2212359,212359 (2006 EV52),https://ssd.jpl.nasa.gov/tools/sbdb_lookup.html#/?sstr=2212359,16.72,1.2038017674,2.6917825833,False,False,1906-10-26,71292.172958015,12597549.252584131,Venus,APO,Y,N,16.72,1.261,0.232,,,,0.7075,2.016,0.59,15.96,168.47,167.14,208.14,0.3444,1050.0,0.257,0.0,690
2215757,215757 (2004 FU64),https://ssd.jpl.nasa.gov/tools/sbdb_lookup.html#/?sstr=2215757,17.88,0.7055941584,1.5777565026,False,False,2161-11-05,47262.6539748065,9162714.628905617,Mars,AMO,Y,N,17.88,0.78,0.241,4.99531,,,0.3671,1.838,1.163,24.88,20.82,286.52,183.02,0.3956,910.0,0.341,0.0,729
2230979,230979 (2005 AT42),https://ssd.jpl.nasa.gov/tools/sbdb_lookup.html#/?sstr=2230979,16.58,1.2839702958,2.8710448625,False,False,1904-11-28,33523.2223807158,244270914.49223775,Juptr,AMO,Y,N,16.58,1.522,0.207,,,,0.6137,2.857,1.104,11.21,156.88,52.88,88.81,0.2041,1760.0,0.171,0.0,984
2235756,235756 (2004 VC),https://ssd.jpl.nasa.gov/tools/sbdb_lookup.html#/?sstr=2235756,18.58,0.5111577815,1.1429835468,True,False,1904-04-03,79586.4943982308,15333499.338939948,Earth,APO,Y,Y,18.58,1.136,0.042,7.18,,,0.2589,1.133,0.84,39.14,194.15,94.18,224.56,0.8168,441.0,0.0351,0.0,395
2237551,237551 (2000 WQ19),https://ssd.jpl.nasa.gov/tools/sbdb_lookup.html#/?sstr=2237551,18.44,0.5451989071,1.2191018176,False,False,,,,,APO,Y,N,18.44,0.63,0.234,,,,0.347,1.406,0.918,34.27,38.78,270.72,49.63,0.591,609.0,0.193,0.0,528
2242187,242187 (2003 KR18),https://ssd.jpl.nasa.gov/tools/sbdb_lookup.html#/?sstr=2242187,17.99,0.6707411893,1.4998228946,False,False,1906-07-24,9458.2979809878,70071853.91418712,Earth,AMO,Y,N,17.99,0.605,0.334,,,,0.4801,2.347,1.22,5.58,244.03,86.85,73.56,0.2741,1310.0,0.234,0.0,993
2242191,242191 (2003 NZ6),https://ssd.jpl.nasa.gov/tools/sbdb_lookup.html#/?sstr=2242191,19.02,0.4174024334,0.933340215,False,False,1906-02-11,74643.0456341509,5834009.431578215,Venus,ATE,Y,N,19.02,0.37,0.334,13.531,,,0.4923,0.7934,0.403,18.25,124.58,311.63,131.91,1.395,258.0,0.0666,0.0,647
2190119,190119 (2004 VA64),https://ssd.jpl.nasa.gov/tools/sbdb_lookup.html#/?sstr=2190119,17.04,1.038855101,2.3229506246,False,False,1905-10-12,47618.1449461944,255472857.22706568,Juptr,APO,Y,N,17.04,1.451,0.121,,,,0.8896,2.47,0.273,29.73,225.45,20.07,172.83,0.2539,1420.0,0.299,0.0,241
2190166,190166 (2005 UP156),https://ssd.jpl.nasa.gov/tools/sbdb_lookup.html#/?sstr=2190166,17.26,0.9387608653,2.0991331094,False,False,1928-06-26,32686.170071179,13429922.018798655,Mars,AMO,Y,N,17.26,1.045,0.234,40.542,,,0.4715,2.115,1.118,4.21,193.1,91.63,258.92,0.3205,1120.0,0.127,0.0,2903
2198856,198856 (2005 LR3),https://ssd.jpl.nasa.gov/tools/sbdb_lookup.html#/?sstr=2198856,17.06,1.0293308202,2.3016536853,False,False,1908-12-07,52494.1931328152,24804267.98115996,Earth,AMO,Y,N,17.06,0.742,0.389,,,,0.3354,1.654,1.099,25.0,73.78,26.42,350.57,0.4634,777.0,0.139,0.0,1374
2209924,209924 (2005 WS55),https://ssd.jpl.nasa.gov/tools/sbdb_lookup.html#/?sstr=2209924,16.29,1.4674218336,3.2812549716,False,False,1931-01-10,48789.5186603315,25363815.35694894,Earth,AMO,Y,N,16.29,1.861,0.185,2.726,,,0.4535,2.03,1.109,23.77,283.54,203.35,272.76,0.3409,1060.0,0.148,0.0,1159
2217628,217628 Lugh (1990 HA),https://ssd.jpl.nasa.gov/tools/sbdb_lookup.html#/?sstr=2217628,16.68,1.2261821132,2.7418265579,True,False,1902-08-02,21510.9049093082,125979149.5355322,Juptr,APO,Y,Y,16.68,1.4,,8.55,,,0.7117,2.527,0.728,4.44,177.73,316.19,258.62,0.2454,1470.0,0.0341,0.0,503
2218863,218863 (2006 WO127),https://ssd.jpl.nasa.gov/tools/sbdb_lookup.html#/?sstr=2218863,16.34,1.4340192346,3.2065644897,False,False,1914-07-12,10371.4213527607,276141771.8400925,Juptr,APO,Y,N,16.34,1.237,0.418,210.0,,,0.5479,2.196,0.993,11.03,167.5,314.5,306.48,0.3028,1190.0,0.0739,0.0,2191
2230549,230549 (2003 BH),https://ssd.jpl.nasa.gov/tools/sbdb_lookup.html#/?sstr=2230549,20.78,0.185590173,0.4149922428,True,False,1901-02-03,63506.4776990669,46317485.50629788,Earth,APO,Y,Y,20.78,0.217,0.216,,,,0.3562,1.457,0.938,13.11,119.76,313.43,22.83,0.5607,642.0,0.0281,0.0,165
2231937,231937 (2001 FO32),https://ssd.jpl.nasa.gov/tools/sbdb_lookup.html#/?sstr=2231937,17.51,0.8366715019,1.8708543531,True,False,1901-08-01,199073.1269810527,5460047.398833449,Merc,APO,Y,Y,17.51,0.55,,39.905,,,0.8258,1.699,0.296,39.01,181.71,123.36,20.13,0.445,809.0,0.00346,0.0,287
2235086,235086 (2003 HW11),https://ssd.jpl.nasa.gov/tools/sbdb_lookup.html#/?sstr=2235086,17.36,0.8965096664,2.0046565566,False,False,1908-02-01,5644.2920078492,284890199.687124,Juptr,AMO,Y,N,17.36,1.024,0.168,6.385,,,0.4658,2.352,1.256,7.4,150.39,154.24,59.38,0.2733,1320.0,0.247,0.0,794
2241370,241370 (2008 LW8),https://ssd.jpl.nasa.gov/tools/sbdb_lookup.html#/?sstr=2241370,17.42,0.8720772891,1.9500241,False,False,1945-10-23,50639.9164677277,28008336.550844926,Earth,APO,Y,N,17.42,0.764,0.224,10.83,,,0.3935,1.676,1.016,17.27,223.1,118.61,355.9,0.4544,792.0,0.142,0.0,977
2247156,247156 (2000 YH29),https://ssd.jpl.nasa.gov/tools/sbdb_lookup.html#/?sstr=2247156,18.16,0.620233153,1.3868834919,False,False,1924-08-26,34142.3682565233,63786257.20718559,Earth,AMO,Y,N,18.16,1.655,0.033,,,,0.5272,2.218,1.049,21.85,103.66,284.87,212.34,0.2983,1210.0,0.271,0.0,282
2248590,248590 (2006 CS),https://ssd.jpl.nasa.gov/tools/sbdb_lookup.html#/?sstr=2248590,16.26,1.4878357048,3.3269017752,False,False,1903-10-06,42576.3289405062,60581309.63033607,Juptr,APO,Y,N,16.26,4.726,0.018,,,,0.6969,2.916,0.884,52.31,172.41,346.41,338.06,0.198,1820.0,0.101,0.0,860
2244977,244977 (2004 BE68),https://ssd.jpl.nasa.gov/tools/sbdb_lookup.html#/?sstr=2244977,18.36,0.5656593584,1.2648527775,True,False,2148-10-02,49609.0601541994,27253613.621198785,Earth,APO,Y,Y,18.36,0.495,0.235,,,,0.4446,1.761,0.978,15.74,210.87,191.28,152.24,0.4218,853.0,0.0108,0.0,540
2248083,248083 (2004 QU24),https://ssd.jpl.nasa.gov/tools/sbdb_lookup.html#/?sstr=2248083,16.13,1.5796285576,3.532156834,False,False,1997-07-07,31507.9833269032,276804486.27529126,Juptr,AMO,Y,N,16.13,2.358,0.126,4.66,,,0.6136,3.329,1.286,23.36,187.62,272.14,162.58,0.1623,2220.0,0.539,0.0,1298
2248926,248926 (2006 WZ2),https://ssd.jpl.nasa.gov/tools/sbdb_lookup.html#/?sstr=2248926,17.13,0.99667824,2.2286402963,False,False,1902-09-23,44560.0490266069,67326897.94629857,Earth,AMO,Y,N,17.13,2.907,0.04,8.45,,,0.3301,1.694,1.135,24.65,354.35,66.01,260.8,0.4468,806.0,0.276,0.0,4004
2250680,250680 (2005 QC5),https://ssd.jpl.nasa.gov/tools/sbdb_lookup.html#/?sstr=2250680,19.63,0.3151773333,0.7047579421,True,False,1902-05-03,39158.1001905012,50117858.44129954,Earth,ATE,Y,Y,19.63,0.398,0.147,,,,0.3645,0.893,0.567,9.45,48.05,108.71,171.96,1.168,308.0,0.0477,0.0,125
2242643,242643 (2005 NZ6),https://ssd.jpl.nasa.gov/tools/sbdb_lookup.html#/?sstr=2242643,17.39,0.8842090927,1.9771516375,True,False,1901-06-02,103259.2841321195,2943559.930931423,Merc,APO,Y,Y,17.39,1.989,0.041,7.0,,,0.8652,1.833,0.247,8.41,38.77,48.99,36.32,0.3971,907.0,0.00548,0.0,757
2243147,243147 (2007 TX18),https://ssd.jpl.nasa.gov/tools/sbdb_lookup.html#/?sstr=2243147,17.39,0.8842090927,1.9771516375,False,False,,,,,AMO,Y,N,17.39,0.912,0.28,13.538,,,0.4156,2.137,1.249,7.36,284.08,16.01,337.91,0.3154,1140.0,0.234,0.0,756
2246138,246138 (2007 OG3),https://ssd.jpl.nasa.gov/tools/sbdb_lookup.html#/?sstr=2246138,18.25,0.5950520786,1.330576898,False,False,1975-09-16,18266.8698830481,19968062.564517915,Earth,AMO,Y,N,18.25,0.588,0.269,,,,0.4814,2.165,1.123,1.69,78.32,272.01,269.02,0.3095,1160.0,0.12,0.0,300
2247517,247517 (2002 QY6),https://ssd.jpl.nasa.gov/tools/sbdb_lookup.html#/?sstr=2247517,19.59,0.3210369174,0.7178603705,False,False,1905-11-16,48166.5067994714,10842467.221261576,Mars,ATE,Y,N,19.59,0.269,0.357,,,,0.6991,0.8171,0.246,12.75,164.17,355.41,341.62,1.334,270.0,0.106,0.0,664
2249886,249886 (2001 RY11),https://ssd.jpl.nasa.gov/tools/sbdb_lookup.html#/?sstr=2249886,17.62,0.7953439404,1.7784431163,False,False,,,,,AMO,Y,N,17.62,1.201,0.051,,,,0.2834,1.483,1.063,22.85,295.49,71.55,124.77,0.5457,660.0,0.197,0.0,1808
2242450,242450 (2004 QY2),https://ssd.jpl.nasa.gov/tools/sbdb_lookup.html#/?sstr=2242450,14.64,3.1372922496,7.0151987353,True,False,1906-07-22,74048.005918471,25449798.423187368,Earth,APO,Y,Y,14.64,2.914,0.274,,,,0.4771,1.084,0.567,37.03,295.27,104.99,224.11,0.8735,412.0,0.0479,0.0,3754
2243025,243025 (2006 UM216),https://ssd.jpl.nasa.gov/tools/sbdb_lookup.html#/?sstr=2243025,16.05,1.6389095149,3.6647130844,False,False,1947-08-21,13643.493227535,256384127.8949584,Juptr,AMO,Y,N,16.05,2.123,0.139,31.73,,,0.5237,2.674,1.274,15.89,251.05,146.68,143.48,0.2254,1600.0,0.314,0.0,870
2243566,243566 (1995 SA),https://ssd.jpl.nasa.gov/tools/sbdb_lookup.html#/?sstr=2243566,17.37,0.8923905787,1.9954459964,True,False,1904-12-12,24030.4125157831,206570397.92910567,Juptr,APO,Y,Y,17.37,0.881,0.091,2.313,,,0.6417,2.462,0.882,19.58,168.84,54.5,357.67,0.2551,1410.0,0.0398,0.0,577
2250458,250458 (2004 BO41),https://ssd.jpl.nasa.gov/tools/sbdb_lookup.html#/?sstr=2250458,18.0,0.6676594135,1.4929318344,False,False,1904-08-31,77469.681177104,21112565.616728164,Earth,APO,Y,N,18.0,0.63,0.282,16.19,,,0.4929,1.019,0.517,35.55,337.73,254.46,35.94,0.9588,375.0,0.0897,0.0,881
2250614,250614 (2005 GG),https://ssd.jpl.nasa.gov/tools/sbdb_lookup.html#/?sstr=2250614,16.22,1.5154966357,3.3887534971,False,False,1902-09-08,93666.7056053005,12453044.35230956,Venus,APO,Y,N,16.22,1.617,0.269,,,,0.6595,2.042,0.695,34.84,106.38,335.29,40.87,0.3378,1070.0,0.251,0.0,590
2250620,250620 (2005 GE59),https://ssd.jpl.nasa.gov/tools/sbdb_lookup.html#/?sstr=2250620,18.07,0.6464798256,1.4455728362,True,False,1912-10-16,53828.324696948,6849409.192863149,Earth,APO,Y,Y,18.07,0.654,0.26,5.354,,,0.6025,2.109,0.838,16.08,194.72,243.06,325.49,0.3219,1120.0,0.0317,0.0,643
2252399,252399 (2001 TX44),https://ssd.jpl.nasa.gov/tools/sbdb_lookup.html#/?sstr=2252399,19.41,0.3487827332,0.7799019007,True,False,1901-06-12,61688.6504173458,7119656.727752633,Merc,ATE,Y,Y,19.41,0.291,0.478,,,,0.5459,0.8748,0.397,15.21,57.76,136.04,24.4,1.205,299.0,0.00913,0.0,351
2252558,252558 (2001 WT1),https://ssd.jpl.nasa.gov/tools/sbdb_lookup.html#/?sstr=2252558,20.36,0.2251930467,0.5035469604,False,False,1902-09-21,50999.6171903414,19948287.05752496,Earth,APO,Y,N,20.36,0.533,0.062,,,,0.3972,1.089,0.657,7.16,73.75,180.74,189.45,0.867,415.0,0.122,0.0,305
2254419,254419 (2004 VT60),https://ssd.jpl.nasa.gov/tools/sbdb_lookup.html#/?sstr=2254419,17.76,0.745684261,1.6674006973,False,False,2052-02-07,69646.0114861564,12778378.08647234,Mars,AMO,Y,N,17.76,0.629,0.408,,,,0.434,2.076,1.175,43.51,57.53,247.33,55.91,0.3296,1090.0,0.376,0.0,457
2250706,250706 (2005 RR6),https://ssd.jpl.nasa.gov/tools/sbdb_lookup.html#/?sstr=2250706,18.55,0.5182686946,1.1588840318,True,False,1900-11-15,37080.951883421,233650546.62668768,Juptr,APO,Y,Y,18.55,0.535,0.322,7.0,,,0.7011,2.956,0.883,6.93,27.25,60.01,335.81,0.194,1860.0,0.0338,0.0,402
2263976,263976 (2009 KD5),https://ssd.jpl.nasa.gov/tools/sbdb_lookup.html#/?sstr=2263976,18.34,0.57089334,1.2765563162,True,False,1902-08-15,24942.3362587437,18612428.163791835,Venus,APO,Y,Y,18.34,0.785,0.125,2.664,,,0.2614,1.046,0.773,13.47,104.48,294.33,35.35,0.9209,391.0,0.0478,0.0,2257
2262623,262623 (2006 WY2),https://ssd.jpl.nasa.gov/tools/sbdb_lookup.html#/?sstr=2262623,18.64,0.4972273129,1.1118340719,False,False,1900-01-21,73956.5785849972,57286425.26514189,Earth,ATE,Y,N,18.64,0.761,0.122,16.3,,,0.3329,0.9833,0.656,27.55,99.83,159.98,288.11,1.011,356.0,0.254,0.0,952
2264357,264357 (2000 AZ93),https://ssd.jpl.nasa.gov/tools/sbdb_lookup.html#/?sstr=2264357,21.17,0.1550797087,0.3467687706,True,False,1901-10-05,26676.0801296805,58470408.57154554,Earth,ATE,Y,Y,21.17,0.113,0.037,,,,0.36,0.7469,0.478,8.59,277.3,8.19,201.91,1.527,236.0,0.0214,0.0,160
2256412,256412 (2007 BT2),https://ssd.jpl.nasa.gov/tools/sbdb_lookup.html#/?sstr=2256412,16.93,1.0928359587,2.4436554919,False,False,,,,,AMO,Y,N,16.93,4.444,0.014,20.0,,,0.2238,1.632,1.267,26.86,30.96,149.08,356.6,0.4726,762.0,0.289,0.0,1699
2260277,260277 (2004 TR12),https://ssd.jpl.nasa.gov/tools/sbdb_lookup.html#/?sstr=2260277,18.27,0.5895966084,1.3183780956,False,False,1900-09-10,46353.2663318846,16541512.95511595,Earth,ATE,Y,N,18.27,0.47,0.419,,,,0.2097,0.8951,0.707,19.36,155.35,77.79,97.51,1.164,309.0,0.0965,0.0,551
2265196,265196 (2004 BW58),https://ssd.jpl.nasa.gov/tools/sbdb_lookup.html#/?sstr=2265196,18.84,0.453476699,1.0140047252,True,False,1939-01-11,32608.4805805951,25294538.10925021,Earth,APO,Y,Y,18.84,0.361,0.31,6.479,,,0.3783,1.454,0.904,15.22,132.59,301.85,193.03,0.562,641.0,0.0378,0.0,933
2267221,267221 (2001 AD2),https://ssd.jpl.nasa.gov/tools/sbdb_lookup.html#/?sstr=2267221,19.85,0.2848098313,0.6368541435,True,False,1901-03-15,128059.0501676281,64874819.25789336,Earth,APO,Y,Y,19.85,0.562,0.097,,,,0.6599,1.04,0.354,1.64,210.52,111.96,246.96,0.9291,387.0,0.00834,0.0,461
2267337,267337 (2001 VK5),https://ssd.jpl.nasa.gov/tools/sbdb_lookup.html#/?sstr=2267337,18.05,0.6524616298,1.4589485569,True,False,1903-02-28,76211.3844392108,20150391.56584648,Venus,APO,Y,Y,18.05,0.439,0.578,39.05,,,0.5142,1.269,0.617,19.43,54.21,263.93,340.5,0.6894,522.0,0.000899,0.0,1117
2271480,271480 (2004 FX31),https://ssd.jpl.nasa.gov/tools/sbdb_lookup.html#/?sstr=2271480,17.66,0.7808272775,1.7459828712,False,False,1912-03-20,72914.9987527078,17534926.751280807,Earth,APO,Y,N,17.66,0.709,0.352,77.1,,,0.442,1.26,0.703,24.75,169.12,285.81,149.28,0.6965,517.0,0.0673,0.0,1648
2274138,274138 (2008 FU6),https://ssd.jpl.nasa.gov/tools/sbdb_lookup.html#/?sstr=2274138,17.77,0.742258153,1.659739687,False,False,1900-05-02,53030.867203719,26843255.698264915,Earth,APO,Y,N,17.77,0.747,0.24,2.852,,,0.5691,1.324,0.571,12.83,192.8,129.15,158.74,0.6469,557.0,0.101,0.0,1181
2275611,275611 (1999 XX262),https://ssd.jpl.nasa.gov/tools/sbdb_lookup.html#/?sstr=2275611,18.15,0.6230960191,1.3932850552,False,False,,,,,AMO,Y,N,18.15,1.483,0.046,15.109,,,0.1818,1.533,1.254,8.23,334.63,102.75,254.34,0.5193,693.0,0.31,0.0,1285
2275974,275974 (2001 XD),https://ssd.jpl.nasa.gov/tools/sbdb_lookup.html#/?sstr=2275974,18.68,0.4881518917,1.0915408131,False,False,1902-10-02,57049.8257613226,65925057.2514656,Earth,APO,Y,N,18.68,0.626,0.216,26.1,,,0.7958,2.047,0.418,11.29,63.93,232.79,93.31,0.3366,1070.0,0.0639,0.0,339
2269690,269690 (1996 RG3),https://ssd.jpl.nasa.gov/tools/sbdb_lookup.html#/?sstr=2269690,18.47,0.5377184977,1.2023751136,True,False,1906-05-04,26221.9740183162,13956444.153846651,Venus,APO,Y,Y,18.47,0.888,0.098,,,,0.6037,2.001,0.793,3.58,158.04,300.28,76.6,0.3482,1030.0,0.00259,0.0,245
2276786,276786 (2004 KD1),https://ssd.jpl.nasa.gov/tools/sbdb_lookup.html#/?sstr=2276786,17.83,0.7220295577,1.6145071727,False,False,1934-06-27,22872.5932730365,22633335.047433507,Earth,AMO,Y,N,17.83,1.72,0.05,5.0177,,,0.3301,1.72,1.152,10.12,271.46,9.98,189.81,0.4369,824.0,0.136,0.0,872
2277616,277616 (2006 BN6),https://ssd.jpl.nasa.gov/tools/sbdb_lookup.html#/?sstr=2277616,17.41,0.876102615,1.9590250023,False,False,1905-08-02,28317.8829087216,148056799.91393885,Juptr,APO,Y,N,17.41,1.236,0.119,5.45,,,0.692,2.581,0.795,18.71,249.39,338.77,280.92,0.2378,1510.0,0.169,0.0,402
2275976,275976 (2001 XV10),https://ssd.jpl.nasa.gov/tools/sbdb_lookup.html#/?sstr=2275976,16.17,1.5507970872,3.4676877062,False,False,1955-10-21,57329.19714524,12363159.309868133,Earth,APO,Y,N,16.17,2.381,0.094,6.41,,,0.5853,2.204,0.914,22.35,31.37,342.06,147.65,0.3012,1200.0,0.0601,0.0,829
2276049,276049 (2002 CE26),https://ssd.jpl.nasa.gov/tools/sbdb_lookup.html#/?sstr=2276049,16.64,1.2489785407,2.7928009194,False,False,1994-09-03,100829.2815787709,19282454.284645595,Earth,APO,Y,N,16.64,3.5,0.07,3.2931,,0.9,0.5611,2.233,0.98,47.29,161.87,228.06,116.2,0.2954,1220.0,0.0957,0.0,2161
2277570,277570 (2005 YP180),https://ssd.jpl.nasa.gov/tools/sbdb_lookup.html#/?sstr=2277570,19.34,0.3602093458,0.8054525833,True,False,1902-09-23,76828.6436212807,69625575.23885904,Earth,APO,Y,Y,19.34,0.439,0.177,3.689,,,0.617,1.372,0.526,4.11,288.9,92.47,161.88,0.6131,587.0,0.0165,0.0,243
2276703,276703 (2004 BL11),https://ssd.jpl.nasa.gov/tools/sbdb_lookup.html#/?sstr=2276703,19.3,0.3669061375,0.8204270649,False,False,1900-04-05,80094.616031659,26897554.593867972,Earth,APO,Y,N,19.3,0.521,0.124,,,,0.75,1.26,0.315,9.82,142.41,176.96,252.83,0.6968,517.0,0.131,0.0,286
2277039,277039 (2005 CF41),https://ssd.jpl.nasa.gov/tools/sbdb_lookup.html#/?sstr=2277039,18.55,0.5182686946,1.1588840318,False,False,1911-01-31,52202.2021890642,13981356.223384354,Venus,APO,Y,N,18.55,0.676,0.156,16.2,,,0.5859,1.649,0.683,15.87,132.16,208.78,64.39,0.4654,774.0,0.208,0.0,297
2277617,277617 (2006 BT7),https://ssd.jpl.nasa.gov/tools/sbdb_lookup.html#/?sstr=2277617,18.23,0.6005580277,1.3428885744,False,False,1939-02-02,68687.8417967332,14887856.888393205,Merc,APO,Y,N,18.23,0.666,0.19,,,,0.6334,1.522,0.558,16.17,298.55,342.57,79.03,0.525,686.0,0.253,0.0,335
2276468,276468 (2003 HQ32),https://ssd.jpl.nasa.gov/tools/sbdb_lookup.html#/?sstr=2276468,18.07,0.6464798256,1.4455728362,False,False,1956-01-27,64421.4300278832,8900288.07065973,Mars,AMO,Y,N,18.07,1.034,0.114,,,,0.3454,1.979,1.295,35.88,217.57,291.27,67.21,0.3541,1020.0,0.478,0.0,383
2285331,285331 (1999 FN53),https://ssd.jpl.nasa.gov/tools/sbdb_lookup.html#/?sstr=2285331,18.19,0.6117232351,1.367854737,False,False,1951-05-29,49827.2394519356,21549277.343712077,Earth,APO,Y,N,18.19,0.654,0.198,4.42,,,0.4559,1.736,0.944,20.16,50.57,191.74,213.22,0.4311,835.0,0.0594,0.0,539
2285339,285339 (1999 JR6),https://ssd.jpl.nasa.gov/tools/sbdb_lookup.html#/?sstr=2285339,18.07,0.6464798256,1.4455728362,False,False,2200-08-14,70172.1406336968,13715456.077396004,Mars,APO,Y,N,18.07,0.614,0.268,,,,0.6754,1.367,0.444,20.32,52.6,27.3,301.09,0.617,583.0,0.221,0.0,446
2297300,297300 (1998 SC15),https://ssd.jpl.nasa.gov/tools/sbdb_lookup.html#/?sstr=2297300,19.29,0.3685996993,0.8242139842,True,False,1917-03-24,36871.5665932567,28520165.60197556,Earth,APO,Y,Y,19.29,0.32,,15.0,,,0.4145,1.273,0.745,16.08,198.67,277.51,252.08,0.6863,525.0,0.00158,0.0,586
2297418,297418 (2000 SP43),https://ssd.jpl.nasa.gov/tools/sbdb_lookup.html#/?sstr=2297418,18.51,0.527904029,1.1804292945,True,False,1905-07-13,88689.7605317328,14639367.002354601,Merc,ATE,Y,Y,18.51,0.407,0.388,6.314,,,0.4669,0.8115,0.433,10.34,350.52,224.47,249.81,1.348,267.0,0.0193,0.0,1260
2285944,285944 (2001 RZ11),https://ssd.jpl.nasa.gov/tools/sbdb_lookup.html#/?sstr=2285944,16.7,1.214940408,2.7166893409,False,False,1907-08-13,104633.5489558654,17164765.04298637,Earth,AMO,Y,N,16.7,1.044,0.407,2.2455,,,0.5063,2.192,1.082,53.11,323.98,340.57,174.71,0.3037,1190.0,0.0889,0.0,1049
2294739,294739 (2008 CM),https://ssd.jpl.nasa.gov/tools/sbdb_lookup.html#/?sstr=2294739,17.04,1.038855101,2.3229506246,True,False,1915-12-31,78501.8149184675,8446902.793396672,Earth,APO,Y,Y,17.04,0.74,0.425,3.05785,,,0.408,1.566,0.927,36.02,279.54,130.7,38.04,0.503,716.0,0.0437,0.0,1912
2297274,297274 (1996 SK),https://ssd.jpl.nasa.gov/tools/sbdb_lookup.html#/?sstr=2297274,16.93,1.0928359587,2.4436554919,True,False,1902-03-16,28915.9167816716,168966577.0010447,Juptr,APO,Y,Y,16.93,1.199,0.234,4.645,,,0.7907,2.445,0.512,1.97,195.46,286.38,216.62,0.2578,1400.0,0.00626,0.0,479
2299582,299582 (2006 GQ2),https://ssd.jpl.nasa.gov/tools/sbdb_lookup.html#/?sstr=2299582,18.23,0.6005580277,1.3428885744,False,False,1904-10-06,63460.433424343,24765266.335432045,Earth,APO,Y,N,18.23,0.622,0.288,,,,0.4659,1.29,0.689,25.83,13.87,64.57,193.23,0.6723,535.0,0.126,0.0,313
2301844,301844 (1990 UA),https://ssd.jpl.nasa.gov/tools/sbdb_lookup.html#/?sstr=2301844,19.7,0.3051792326,0.6824015094,True,False,1900-08-07,45274.2853012823,22120618.551818464,Venus,APO,Y,Y,19.7,0.4,,,,,0.5266,1.642,0.777,0.93,104.28,202.58,274.85,0.4685,768.0,0.0122,0.0,188
2303174,303174 (2004 FH11),https://ssd.jpl.nasa.gov/tools/sbdb_lookup.html#/?sstr=2303174,16.72,1.2038017674,2.6917825833,False,False,,,,,AMO,Y,N,16.72,1.504,0.163,2.523,,,0.4459,2.257,1.25,21.37,203.53,88.08,113.95,0.2907,1240.0,0.46,0.0,3089
2303248,303248 (2004 QV16),https://ssd.jpl.nasa.gov/tools/sbdb_lookup.html#/?sstr=2303248,18.02,0.6615382752,1.4792445531,False,False,1936-03-20,87738.4995935378,25997040.461621847,Earth,APO,Y,N,18.02,0.817,0.084,,,,0.5743,1.769,0.753,28.49,196.11,49.4,32.98,0.4189,859.0,0.114,0.0,529
2303450,303450 (2005 BY2),https://ssd.jpl.nasa.gov/tools/sbdb_lookup.html#/?sstr=2303450,20.51,0.2101623793,0.4699373665,True,False,1905-04-21,29405.0896419192,26292575.78109954,Earth,APO,Y,Y,20.51,0.187,0.317,,,,0.3307,1.269,0.85,7.29,74.4,130.31,156.19,0.6893,522.0,0.0417,0.0,301
2304153,304153 (2006 OU10),https://ssd.jpl.nasa.gov/tools/sbdb_lookup.html#/?sstr=2304153,17.81,0.7287104149,1.6294460236,False,False,1961-02-24,66004.8323607353,25039728.40135432,Earth,AMO,Y,N,17.81,2.054,0.033,,,,0.3496,1.754,1.141,33.7,335.2,173.49,307.93,0.4241,849.0,0.153,0.0,239
2307070,307070 (2002 AV31),https://ssd.jpl.nasa.gov/tools/sbdb_lookup.html#/?sstr=2307070,20.63,0.1988634532,0.4446721997,False,False,2007-08-11,42608.3012511865,29575025.0178272,Earth,APO,Y,N,20.63,0.282,0.117,,,,0.249,1.309,0.983,14.98,119.25,267.52,30.0,0.658,547.0,0.142,0.0,582
2307493,307493 (2002 XP90),https://ssd.jpl.nasa.gov/tools/sbdb_lookup.html#/?sstr=2307493,18.57,0.5135171787,1.1482593191,False,False,1900-08-26,62200.1816236058,62487502.01100368,Earth,APO,Y,N,18.57,1.666,0.023,,,,0.5858,2.08,0.861,23.12,78.55,324.2,248.1,0.3287,1100.0,0.05,0.0,435
2307918,307918 (2004 EU9),https://ssd.jpl.nasa.gov/tools/sbdb_lookup.html#/?sstr=2307918,19.02,0.4174024334,0.933340215,False,False,1902-04-18,105317.873570084,12807589.374397038,Merc,ATE,Y,N,19.02,0.374,0.358,,,,0.5052,0.8805,0.436,28.58,161.08,202.43,215.48,1.193,302.0,0.167,0.0,560
2306462,306462 (1999 RC32),https://ssd.jpl.nasa.gov/tools/sbdb_lookup.html#/?sstr=2306462,18.64,0.4972273129,1.1118340719,False,False,1947-04-20,65758.6014972296,12420279.995294068,Mars,AMO,Y,N,18.64,0.476,0.379,37.6,,,0.4318,1.838,1.045,30.96,352.28,82.87,150.28,0.3954,910.0,0.317,0.0,624
2308635,308635 (2005 YU55),https://ssd.jpl.nasa.gov/tools/sbdb_lookup.html#/?sstr=2308635,21.91,0.1102947845,0.2466266358,True,False,1927-04-09,70042.4839603177,29411594.68549616,Earth,APO,Y,Y,21.91,0.4,,18.0,,,0.4305,1.157,0.659,0.34,35.92,273.57,146.19,0.7921,454.0,0.000476,0.0,4013
2304330,304330 (2006 SX217),https://ssd.jpl.nasa.gov/tools/sbdb_lookup.html#/?sstr=2304330,18.91,0.439091446,0.9818383215,True,False,1905-04-16,46136.4632713015,10751309.056067089,Earth,APO,Y,Y,18.91,0.78,0.08,,,,0.3101,1.412,0.974,21.04,32.6,176.24,327.76,0.5876,613.0,0.0324,0.0,359
2311554,311554 (2006 BQ147),https://ssd.jpl.nasa.gov/tools/sbdb_lookup.html#/?sstr=2311554,18.72,0.4792421155,1.071617948,False,False,1900-02-20,70570.4951902666,26726669.11152463,Earth,ATE,Y,N,18.72,0.382,0.401,9.15,,,0.4223,0.8199,0.474,24.38,146.77,153.22,35.43,1.328,271.0,0.07,0.0,609
2312070,312070 (2007 TA19),https://ssd.jpl.nasa.gov/tools/sbdb_lookup.html#/?sstr=2312070,19.4,0.3503926411,0.7835017643,True,False,1911-09-23,57818.6348718874,20938099.838481683,Earth,ATE,Y,Y,19.4,0.595,0.087,,,,0.5095,0.9539,0.468,22.63,181.16,58.06,239.69,1.058,340.0,0.0199,0.0,224
2322763,322763 (2001 FA7),https://ssd.jpl.nasa.gov/tools/sbdb_lookup.html#/?sstr=2322763,17.21,0.9606274149,2.1480282008,False,False,1907-01-18,55811.0965782856,60173359.84415474,Earth,APO,Y,N,17.21,1.252,0.196,,,,0.5359,2.007,0.931,22.83,352.34,62.7,305.83,0.3466,1040.0,0.104,0.0,511
2310560,310560 (2001 QL142),https://ssd.jpl.nasa.gov/tools/sbdb_lookup.html#/?sstr=2310560,17.8,0.7320739893,1.6369672047,True,False,1900-04-23,86603.278097295,8485130.464624567,Venus,APO,Y,Y,17.8,0.654,0.313,2.97387,,,0.4991,1.049,0.526,26.6,165.54,72.16,274.19,0.9167,393.0,0.0486,0.0,367
2311321,311321 (2005 NP1),https://ssd.jpl.nasa.gov/tools/sbdb_lookup.html#/?sstr=2311321,18.61,0.5041444339,1.1273012246,False,False,1901-10-24,62939.303310335,12950672.735871723,Mars,AMO,Y,N,18.61,0.583,0.172,,,,0.2965,1.827,1.285,34.71,274.95,307.61,116.42,0.3992,902.0,0.368,0.0,208
2315098,315098 (2007 EX),https://ssd.jpl.nasa.gov/tools/sbdb_lookup.html#/?sstr=2315098,16.67,1.2318419127,2.7544822542,False,False,1902-01-25,80951.6605594946,11428122.11812722,Venus,ATE,Y,N,16.67,0.993,0.313,2.447,,,0.4174,0.8716,0.508,18.7,297.41,78.88,108.78,1.211,297.0,0.125,0.0,814
2315508,315508 (2008 AB31),https://ssd.jpl.nasa.gov/tools/sbdb_lookup.html#/?sstr=2315508,20.14,0.2492039814,0.5572370428,False,False,1931-07-08,53434.9579354258,70960894.398437,Earth,AMO,Y,N,20.14,0.836,0.023,,,,0.3205,1.602,1.089,30.02,302.98,255.65,250.61,0.486,741.0,0.293,0.0,124
2322775,322775 (2001 HA8),https://ssd.jpl.nasa.gov/tools/sbdb_lookup.html#/?sstr=2322775,17.27,0.9344476509,2.0894884689,False,False,1907-10-21,11410.9462395181,257043774.7211143,Juptr,AMO,Y,N,17.27,1.632,0.069,,,,0.5317,2.385,1.117,11.47,95.68,202.76,207.18,0.2676,1350.0,0.114,0.0,302
2326683,326683 (2002 WP),https://ssd.jpl.nasa.gov/tools/sbdb_lookup.html#/?sstr=2326683,18.48,0.5352479056,1.1968507018,False,False,1913-12-06,37018.5445408057,24965382.807739563,Earth,AMO,Y,N,18.48,0.518,0.315,6.262,,,0.2159,1.45,1.137,19.15,76.29,1.25,44.42,0.5645,638.0,0.152,0.0,2119
2326388,326388 (2001 QD96),https://ssd.jpl.nasa.gov/tools/sbdb_lookup.html#/?sstr=2326388,18.38,0.5604733623,1.2532565376,False,False,1931-08-09,58511.6328828611,20169626.246619813,Venus,APO,Y,N,18.38,1.142,0.071,,,,0.4964,1.274,0.642,17.95,330.26,145.79,189.69,0.6852,525.0,0.233,0.0,537
2323179,323179 (2003 HR32),https://ssd.jpl.nasa.gov/tools/sbdb_lookup.html#/?sstr=2323179,18.1,0.6376097899,1.4257388333,False,False,1908-11-26,70852.6499808478,23287479.34977531,Earth,APO,Y,N,18.1,1.17,0.068,,,,0.6871,1.748,0.547,8.28,341.91,352.73,234.82,0.4265,844.0,0.142,0.0,539
2325102,325102 (2008 EY5),https://ssd.jpl.nasa.gov/tools/sbdb_lookup.html#/?sstr=2325102,20.17,0.2457847746,0.5495914639,False,False,1900-02-27,46257.9762522488,12896076.873536926,Earth,ATE,Y,N,20.17,0.361,0.124,,,,0.6268,0.6262,0.234,5.11,245.43,106.7,47.7,1.989,181.0,0.079,1.0,175
2331792,331792 (2003 MT2),https://ssd.jpl.nasa.gov/tools/sbdb_lookup.html#/?sstr=2331792,15.9,1.7561231848,3.9268108181,False,False,1966-08-26,23958.4157840623,298583170.5464284,Juptr,AMO,Y,N,15.9,1.275,0.499,,,,0.5337,2.686,1.252,27.92,305.08,304.51,49.53,0.224,1610.0,0.372,0.0,1483
2329915,329915 (2005 MB),https://ssd.jpl.nasa.gov/tools/sbdb_lookup.html#/?sstr=2329915,17.05,1.0340819954,2.312277636,False,False,1903-07-22,136308.0629584548,11969952.318976363,Venus,ATE,Y,N,17.05,1.012,0.249,,,,0.793,0.9855,0.204,41.36,88.6,42.86,51.49,1.008,357.0,0.0696,1.0,196
2332775,332775 (2009 VO24),https://ssd.jpl.nasa.gov/tools/sbdb_lookup.html#/?sstr=2332775,19.7,0.3051792326,0.6824015094,False,False,1906-04-27,53338.7135993396,21683558.83026936,Earth,APO,Y,N,19.7,0.467,0.098,,,,0.4619,1.547,0.833,6.06,163.66,343.58,65.24,0.5121,703.0,0.0743,0.0,168
2333578,333578 (2006 KM103),https://ssd.jpl.nasa.gov/tools/sbdb_lookup.html#/?sstr=2333578,20.18,0.2446554962,0.5470663205,True,False,1933-10-17,35036.4776718419,22602652.16526162,Earth,APO,Y,Y,20.18,0.204,0.352,5.737,,,0.3766,1.573,0.981,11.68,169.45,197.01,235.5,0.4995,721.0,0.0136,0.0,385
2337248,337248 (2000 RH60),https://ssd.jpl.nasa.gov/tools/sbdb_lookup.html#/?sstr=2337248,20.08,0.2561857545,0.5728487619,False,False,1901-10-05,51559.1157345574,34195867.27636664,Earth,ATE,Y,N,20.08,0.846,0.025,25.2,,,0.5513,0.8259,0.371,19.65,177.86,354.41,21.55,1.313,274.0,0.176,0.0,628
2333889,333889 (1998 SV4),https://ssd.jpl.nasa.gov/tools/sbdb_lookup.html#/?sstr=2333889,18.24,0.5977987142,1.3367185619,False,False,1933-06-16,221477.2982141548,14510577.687438844,Merc,ATE,Y,N,18.24,0.919,0.11,2.817,,,0.642,0.8165,0.292,53.3,177.24,359.52,101.92,1.336,269.0,0.336,0.0,1038
2334673,334673 (2003 AL18),https://ssd.jpl.nasa.gov/tools/sbdb_lookup.html#/?sstr=2334673,17.98,0.67383719,1.5067457626,False,False,1909-02-16,50822.3440921849,25876924.32257593,Earth,APO,Y,N,17.98,0.57,0.376,2.484,,,0.4166,1.684,0.983,15.72,312.88,246.72,127.66,0.4508,799.0,0.134,0.0,650
2338347,338347 (2002 XG4),https://ssd.jpl.nasa.gov/tools/sbdb_lookup.html#/?sstr=2338347,18.31,0.5788352575,1.2943149835,False,False,,,,,AMO,Y,N,18.31,1.42,0.046,,,,0.4784,2.267,1.183,20.98,259.11,238.55,243.22,0.2887,1250.0,0.315,0.0,366
2337119,337119 (1999 TK12),https://ssd.jpl.nasa.gov/tools/sbdb_lookup.html#/?sstr=2337119,18.6,0.5064714588,1.1325046106,False,False,2059-03-07,54728.6737602888,29854610.16752613,Earth,AMO,Y,N,18.6,0.521,0.235,,,,0.393,1.683,1.022,24.5,359.04,112.24,292.58,0.4515,797.0,0.194,0.0,486
2343166,343166 (2009 SO103),https://ssd.jpl.nasa.gov/tools/sbdb_lookup.html#/?sstr=2343166,17.42,0.8720772891,1.9500241,False,False,1905-02-27,75036.7076364882,61243643.024800174,Earth,APO,Y,N,17.42,0.67,0.431,,,,0.6636,2.004,0.674,29.49,194.63,304.65,195.93,0.3474,1040.0,0.148,0.0,320
2345646,345646 (2006 TN),https://ssd.jpl.nasa.gov/tools/sbdb_lookup.html#/?sstr=2345646,19.74,0.2996090839,0.6699462782,False,False,1932-12-01,30472.7914875909,74480900.99862237,Earth,AMO,Y,N,19.74,0.413,0.117,3.05,,,0.3451,1.562,1.023,17.28,24.29,131.72,176.34,0.5051,713.0,0.0968,0.0,382
2341843,341843 (2008 EV5),https://ssd.jpl.nasa.gov/tools/sbdb_lookup.html#/?sstr=2341843,20.05,0.2597496533,0.580817882,True,False,1900-07-30,17632.0164153715,22583893.460031267,Earth,ATE,Y,Y,20.05,0.4,0.137,3.725,,,0.0828,0.9598,0.88,7.45,93.19,235.92,122.87,1.048,343.0,0.0137,0.0,1486
2345705,345705 (2006 VB14),https://ssd.jpl.nasa.gov/tools/sbdb_lookup.html#/?sstr=2345705,18.58,0.5111577815,1.1429835468,False,False,1901-09-27,117381.7220340049,4918774.001256445,Merc,ATE,Y,N,18.58,0.406,0.402,3.204,,,0.4211,0.767,0.444,31.03,258.71,346.46,302.36,1.467,245.0,0.0786,0.0,1416
2345722,345722 (2007 BG29),https://ssd.jpl.nasa.gov/tools/sbdb_lookup.html#/?sstr=2345722,18.23,0.6005580277,1.3428885744,False,False,1901-11-29,39376.826469274,22853594.394223344,Earth,ATE,Y,N,18.23,0.653,0.258,,,,0.3347,0.8326,0.554,18.51,60.95,245.15,140.87,1.297,278.0,0.0875,0.0,528
2349074,349074 (2007 BM8),https://ssd.jpl.nasa.gov/tools/sbdb_lookup.html#/?sstr=2349074,18.39,0.5578982211,1.2474983468,False,False,1903-03-20,117203.320879749,10021081.969804946,Merc,APO,Y,N,18.39,1.081,0.067,,,,0.7209,1.341,0.374,27.64,87.62,179.31,343.05,0.6344,568.0,0.407,0.0,217
2349219,349219 (2007 SV11),https://ssd.jpl.nasa.gov/tools/sbdb_lookup.html#/?sstr=2349219,18.13,0.6288614556,1.4061769631,False,False,1902-06-26,82386.5666451325,32624528.065922443,Earth,APO,Y,N,18.13,0.583,0.272,,,,0.494,1.734,0.877,32.22,292.21,23.73,349.26,0.4316,834.0,0.112,0.0,191
2349068,349068 (2006 YT13),https://ssd.jpl.nasa.gov/tools/sbdb_lookup.html#/?sstr=2349068,18.3,0.5815070396,1.30028927,True,False,1920-07-22,85725.8781484964,7149397.128383734,Earth,APO,Y,Y,18.3,0.496,0.343,2.433,,,0.4258,1.323,0.76,38.25,116.68,105.46,104.16,0.6478,556.0,0.0386,0.0,500
2349925,349925 (2009 WC26),https://ssd.jpl.nasa.gov/tools/sbdb_lookup.html#/?sstr=2349925,17.34,0.9048049682,2.0232054153,False,False,1916-02-05,24299.5538860401,226920668.3908824,Juptr,APO,Y,N,17.34,0.92,0.229,,,,0.6971,2.172,0.658,12.01,203.04,350.89,313.55,0.308,1170.0,0.199,0.0,515
2350513,350513 (2000 BG19),https://ssd.jpl.nasa.gov/tools/sbdb_lookup.html#/?sstr=2350513,18.06,0.6494638409,1.4522452972,False,False,1928-10-31,26732.2509020555,293230516.7507465,Juptr,AMO,Y,N,18.06,1.77,0.043,,,,0.5544,2.675,1.192,12.45,144.7,82.95,310.23,0.2253,1600.0,0.297,0.0,375
2345813,345813 (2007 HX4),https://ssd.jpl.nasa.gov/tools/sbdb_lookup.html#/?sstr=2345813,17.8,0.7320739893,1.6369672047,False,False,1938-10-27,116887.2475893984,25774276.08353908,Earth,APO,Y,N,17.8,1.377,0.069,,,,0.3319,1.318,0.88,56.55,41.67,14.55,201.45,0.6517,552.0,0.104,0.0,273
2356394,356394 (2010 QD2),https://ssd.jpl.nasa.gov/tools/sbdb_lookup.html#/?sstr=2356394,17.46,0.8561600847,1.9144321491,False,False,1906-02-07,22988.091966879,245180669.24003443,Juptr,APO,Y,N,17.46,1.071,0.152,,,,0.7857,2.009,0.43,10.66,120.53,126.03,150.96,0.3461,1040.0,0.0609,0.0,338
2357022,357022 (1999 YG3),https://ssd.jpl.nasa.gov/tools/sbdb_lookup.html#/?sstr=2357022,19.07,0.407901194,0.912094798,True,False,1901-01-18,67992.5095356254,19135446.16321231,Earth,APO,Y,Y,19.07,0.432,0.217,,,,0.3296,1.285,0.861,34.52,293.25,250.24,229.28,0.6769,532.0,0.0414,0.0,327
2357024,357024 (1999 YR14),https://ssd.jpl.nasa.gov/tools/sbdb_lookup.html#/?sstr=2357024,19.47,0.3392774354,0.7586474087,True,False,1906-08-06,25993.2951913367,12323678.69663984,Mars,APO,Y,Y,19.47,0.255,0.43,4.2477,,,0.4001,1.651,0.991,3.73,2.97,9.71,111.52,0.4645,775.0,0.00712,0.0,1298
2355770,355770 (2008 RE80),https://ssd.jpl.nasa.gov/tools/sbdb_lookup.html#/?sstr=2355770,18.35,0.5682703234,1.2706910727,False,False,1932-03-29,36105.3596234362,25353877.48068612,Earth,AMO,Y,N,18.35,1.199,0.054,,,,0.2459,1.482,1.117,16.59,181.98,26.26,327.28,0.5466,659.0,0.135,0.0,412
2360191,360191 (1988 TA),https://ssd.jpl.nasa.gov/tools/sbdb_lookup.html#/?sstr=2360191,21.08,0.1616422833,0.3614431336,True,False,1902-06-10,34781.4438428673,8471760.379390122,Mars,APO,Y,Y,21.08,0.4,,,,,0.4787,1.54,0.803,2.53,194.6,105.34,175.56,0.5155,698.0,0.00571,0.0,304
2363024,363024 (1998 OK1),https://ssd.jpl.nasa.gov/tools/sbdb_lookup.html#/?sstr=2363024,19.42,0.3471802221,0.776318577,True,False,1920-01-11,43817.2710343326,11847294.1082049,Earth,APO,Y,Y,19.42,0.558,0.099,,,,0.4292,1.356,0.774,13.99,109.64,298.65,50.61,0.6241,577.0,0.0403,0.0,291
2363599,363599 (2004 FG11),https://ssd.jpl.nasa.gov/tools/sbdb_lookup.html#/?sstr=2363599,21.05,0.1638909515,0.3664713084,True,False,1902-08-17,61542.2183721214,5972319.902930123,Mars,APO,Y,Y,21.05,0.152,0.306,7.021,,,0.724,1.586,0.438,3.13,83.44,228.81,266.81,0.4934,730.0,0.0203,0.0,525
2365449,365449 (2010 NJ1),https://ssd.jpl.nasa.gov/tools/sbdb_lookup.html#/?sstr=2365449,20.28,0.233644185,0.5224442801,False,False,1909-06-12,82011.4098200935,40572841.15984434,Earth,ATE,Y,N,20.28,0.215,0.264,,,,0.5406,0.9685,0.445,11.22,128.23,358.58,128.9,1.034,348.0,0.155,0.0,197
2367684,367684 (2010 OS22),https://ssd.jpl.nasa.gov/tools/sbdb_lookup.html#/?sstr=2367684,18.07,0.6464798256,1.4455728362,False,False,1922-08-22,86510.0049119406,27450386.491353083,Earth,APO,Y,N,18.07,0.498,0.412,,,,0.6887,1.637,0.51,9.36,256.9,179.66,86.92,0.4707,765.0,0.159,0.0,452
2368184,368184 (2000 RN77),https://ssd.jpl.nasa.gov/tools/sbdb_lookup.html#/?sstr=2368184,19.36,0.3569069267,0.7980681497,False,False,1900-11-07,51769.1063468362,4053066.775503647,Venus,ATE,Y,N,19.36,0.381,0.193,,,,0.3182,0.9513,0.649,16.1,312.68,211.76,253.83,1.062,339.0,0.107,0.0,488
2361538,361538 (2007 JZ20),https://ssd.jpl.nasa.gov/tools/sbdb_lookup.html#/?sstr=2361538,18.67,0.4904050984,1.0965791366,False,False,2023-09-09,57993.5968482517,11490105.377598995,Mars,APO,Y,N,18.67,0.479,0.313,,,,0.335,1.311,0.872,40.48,200.48,139.02,58.07,0.6566,548.0,0.0662,0.0,686
2363027,363027 (1998 ST27),https://ssd.jpl.nasa.gov/tools/sbdb_lookup.html#/?sstr=2363027,19.58,0.3225187565,0.7211738634,True,False,1906-04-07,92272.7575900498,1034645.901255109,Merc,ATE,Y,Y,19.58,0.578,0.059,3.0,,,0.5298,0.8198,0.386,21.05,197.51,322.44,88.41,1.328,271.0,0.00981,0.0,1047
2363626,363626 (2004 RA11),https://ssd.jpl.nasa.gov/tools/sbdb_lookup.html#/?sstr=2363626,18.92,0.437074004,0.9773271842,False,False,,,,,AMO,Y,N,18.92,0.633,0.135,,,,0.3994,1.824,1.096,39.36,169.7,276.45,168.23,0.4,900.0,0.395,0.0,209
2365424,365424 (2010 KX7),https://ssd.jpl.nasa.gov/tools/sbdb_lookup.html#/?sstr=2365424,21.91,0.1102947845,0.2466266358,True,False,1944-05-15,72658.118530768,63614223.83046616,Earth,ATE,Y,Y,21.91,0.212,0.075,,,,0.1709,0.9893,0.82,21.49,46.45,61.94,12.53,1.002,359.0,0.0311,1.0,95
2367248,367248 (2007 MK13),https://ssd.jpl.nasa.gov/tools/sbdb_lookup.html#/?sstr=2367248,20.21,0.2412986969,0.5395602892,True,False,1899-12-31,37870.4107302739,38461716.16800221,Earth,APO,Y,Y,20.21,0.386,0.119,5.286,,,0.1397,1.025,0.881,19.88,95.07,259.97,205.52,0.9504,379.0,0.0348,1.0,310
2369264,369264 (2009 MS),https://ssd.jpl.nasa.gov/tools/sbdb_lookup.html#/?sstr=2369264,16.34,1.4340192346,3.2065644897,True,False,1945-11-27,118373.1346072764,21800212.272297744,Earth,APO,Y,Y,16.34,1.515,0.232,,,,0.5701,2.005,0.862,52.37,252.04,219.54,48.3,0.3471,1040.0,0.0435,0.0,459
2369454,369454 (2010 NZ1),https://ssd.jpl.nasa.gov/tools/sbdb_lookup.html#/?sstr=2369454,19.09,0.4041615334,0.9037326626,False,False,1902-08-07,81588.516476918,44388726.84045288,Earth,APO,Y,N,19.09,0.846,0.036,,,,0.6466,1.373,0.485,32.76,158.97,37.89,263.82,0.6126,588.0,0.274,0.0,86
2371660,371660 (2007 CN26),https://ssd.jpl.nasa.gov/tools/sbdb_lookup.html#/?sstr=2371660,21.09,0.1608996045,0.3597824532,True,False,1929-06-16,22025.2104221308,19751203.442675095,Earth,APO,Y,Y,21.09,0.23,0.16,,,,0.2692,1.293,0.945,7.58,159.26,135.69,139.99,0.6707,537.0,0.00281,0.0,293
2363814,363814 (2005 ND7),https://ssd.jpl.nasa.gov/tools/sbdb_lookup.html#/?sstr=2363814,17.97,0.6769474811,1.513700585,False,False,1917-07-01,123796.949805801,74001441.09685427,Earth,APO,Y,N,17.97,1.105,0.1,6.6,,,0.4827,1.964,1.016,52.58,110.06,241.48,122.19,0.3581,1010.0,0.188,0.0,375
2366774,366774 (2004 TB18),https://ssd.jpl.nasa.gov/tools/sbdb_lookup.html#/?sstr=2366774,17.87,0.708851033,1.5850390958,True,False,1917-02-23,41214.0073869007,30713360.14985735,Earth,APO,Y,Y,17.87,0.859,0.199,,,,0.4508,1.815,0.997,13.2,120.97,13.19,171.81,0.4031,893.0,0.0195,0.0,698
2371336,371336 (2006 KD1),https://ssd.jpl.nasa.gov/tools/sbdb_lookup.html#/?sstr=2371336,17.38,0.8882904164,1.9862777548,False,False,1911-06-07,109106.4147062936,20938874.05233829,Venus,APO,Y,N,17.38,1.137,0.18,,,,0.785,2.481,0.533,30.79,168.92,338.25,9.74,0.2523,1430.0,0.416,0.0,307
2373135,373135 (2011 SD173),https://ssd.jpl.nasa.gov/tools/sbdb_lookup.html#/?sstr=2373135,19.52,0.3315545381,0.7413784854,True,False,1909-03-23,76991.5072330549,43653275.18321908,Earth,APO,Y,Y,19.52,1.05,0.025,,,,0.4975,1.653,0.83,4.39,203.03,59.66,308.19,0.464,776.0,0.00215,0.0,217
2374449,374449 (2005 XD1),https://ssd.jpl.nasa.gov/tools/sbdb_lookup.html#/?sstr=2374449,19.39,0.3520099801,0.7871182442,False,False,1909-01-11,35958.3087883366,28085181.161918245,Earth,AMO,Y,N,19.39,0.414,0.179,,,,0.3066,1.621,1.124,18.28,287.34,198.76,225.1,0.4778,753.0,0.15,0.0,356
2363505,363505 (2003 UC20),https://ssd.jpl.nasa.gov/tools/sbdb_lookup.html#/?sstr=2363505,18.47,0.5377184977,1.2023751136,True,False,1900-01-11,52336.0031020895,12168121.14669478,Merc,ATE,Y,Y,18.47,1.876,0.029,29.6,,,0.3369,0.7812,0.518,3.78,187.92,60.17,117.8,1.427,252.0,0.0352,0.0,1071
2363831,363831 (2005 PY16),https://ssd.jpl.nasa.gov/tools/sbdb_lookup.html#/?sstr=2363831,19.33,0.3618719966,0.8091703835,True,False,1905-07-28,44034.5794169236,13990271.164371904,Earth,APO,Y,Y,19.33,0.371,0.268,,,,0.5252,1.976,0.938,6.42,159.29,193.53,109.41,0.355,1010.0,0.0429,0.0,240
2364762,364762 (2007 XC10),https://ssd.jpl.nasa.gov/tools/sbdb_lookup.html#/?sstr=2364762,19.38,0.3536347843,0.7907514169,False,False,1906-11-30,85376.1421962025,60959731.818856366,Earth,AMO,Y,N,19.38,1.047,0.028,,,,0.2259,1.619,1.254,47.94,254.02,112.5,304.4,0.4783,753.0,0.411,0.0,97
2364877,364877 (2008 EM9),https://ssd.jpl.nasa.gov/tools/sbdb_lookup.html#/?sstr=2364877,17.34,0.9048049682,2.0232054153,False,False,1909-02-28,116207.619269895,21718952.22025223,Venus,APO,Y,N,17.34,0.786,0.317,43.6586,,,0.8525,1.959,0.289,9.44,229.68,181.79,185.09,0.3595,1000.0,0.135,0.0,526
2365071,365071 (2009 AV),https://ssd.jpl.nasa.gov/tools/sbdb_lookup.html#/?sstr=2365071,18.18,0.6145468212,1.3741684676,True,False,1918-08-15,91679.1552518587,60321285.808359616,Earth,APO,Y,Y,18.18,0.674,0.246,,,,0.0739,1.03,0.954,45.87,150.73,322.12,97.1,0.9433,382.0,0.0218,0.0,1195
2380188,380188 (2000 WC67),https://ssd.jpl.nasa.gov/tools/sbdb_lookup.html#/?sstr=2380188,18.81,0.4597851883,1.028110936,False,False,1914-07-06,14925.5690611609,173627349.44433135,Juptr,AMO,Y,N,18.81,1.312,0.037,,,,0.5826,2.673,1.116,9.93,249.72,251.69,220.38,0.2255,1600.0,0.21,0.0,239
2381677,381677 (2009 BJ81),https://ssd.jpl.nasa.gov/tools/sbdb_lookup.html#/?sstr=2381677,18.36,0.5656593584,1.2648527775,False,False,1933-11-04,45476.1075696278,8722991.451919243,Mars,APO,Y,N,18.36,0.472,0.346,325.0,,,0.4559,1.851,1.007,5.84,108.47,90.65,227.95,0.3914,920.0,0.0979,0.0,1939
2381989,381989 (2010 HR80),https://ssd.jpl.nasa.gov/tools/sbdb_lookup.html#/?sstr=2381989,19.87,0.2821986791,0.6310154296,False,False,1902-09-29,66291.9191835599,24513761.648398694,Earth,APO,Y,N,19.87,0.783,0.02,,,,0.4958,1.347,0.679,26.72,6.19,291.34,292.2,0.6302,571.0,0.105,0.0,175
2386720,386720 (2009 XC2),https://ssd.jpl.nasa.gov/tools/sbdb_lookup.html#/?sstr=2386720,17.04,1.038855101,2.3229506246,False,False,,,,,AMO,Y,N,17.04,0.964,0.244,,,,0.5826,2.645,1.104,25.78,104.14,93.26,233.28,0.2291,1570.0,0.393,0.0,352
2386847,386847 (2010 LR33),https://ssd.jpl.nasa.gov/tools/sbdb_lookup.html#/?sstr=2386847,18.06,0.6494638409,1.4522452972,True,False,,,,,APO,Y,Y,18.06,0.663,0.211,,,,0.4625,1.692,0.909,5.83,352.07,333.21,348.35,0.4479,804.0,0.0291,0.0,433
2387505,387505 (1998 KN3),https://ssd.jpl.nasa.gov/tools/sbdb_lookup.html#/?sstr=2387505,18.78,0.4661814374,1.0424133839,True,False,1901-03-02,119507.1021223474,7939904.840920033,Earth,APO,Y,Y,18.78,1.06,0.074,,,,0.8734,1.542,0.195,2.29,313.22,71.27,94.65,0.5147,699.0,0.0183,0.0,1501
2377732,377732 (2005 XJ8),https://ssd.jpl.nasa.gov/tools/sbdb_lookup.html#/?sstr=2377732,17.06,1.0293308202,2.3016536853,True,False,1904-01-25,64576.6645227394,21475380.543707322,Earth,APO,Y,Y,17.06,0.986,0.288,42.89,,,0.6205,1.931,0.733,23.56,115.79,67.45,124.43,0.3672,980.0,0.016,0.0,874
2385343,385343 (2002 LV),https://ssd.jpl.nasa.gov/tools/sbdb_lookup.html#/?sstr=2385343,16.55,1.3018321019,2.9109850751,True,False,1935-08-08,70687.4034027704,5282993.936470858,Earth,APO,Y,Y,16.55,1.359,0.334,6.195,,,0.6051,2.314,0.914,29.53,132.14,224.23,212.48,0.2799,1290.0,0.00664,0.0,1961
2387746,387746 (2003 MH4),https://ssd.jpl.nasa.gov/tools/sbdb_lookup.html#/?sstr=2387746,20.13,0.2503542548,0.5598091321,True,False,1901-06-04,32909.6637342725,2119824.736293684,Earth,APO,Y,Y,20.13,0.366,0.132,,,,0.5131,1.963,0.956,3.91,259.48,323.53,70.73,0.3584,1000.0,0.00218,0.0,576
2388189,388189 (2006 DS14),https://ssd.jpl.nasa.gov/tools/sbdb_lookup.html#/?sstr=2388189,20.53,0.208235599,0.4656289548,False,False,1900-02-21,52329.6867096929,25632800.43541349,Earth,ATE,Y,N,20.53,0.315,0.123,,,,0.3365,0.8638,0.573,26.54,162.24,187.5,11.82,1.228,293.0,0.155,0.0,264
2389694,389694 (2011 QD48),https://ssd.jpl.nasa.gov/tools/sbdb_lookup.html#/?sstr=2389694,18.2,0.6089126221,1.3615700154,True,False,1916-03-15,56812.575587503,4293071.694752653,Earth,APO,Y,Y,18.2,0.451,0.456,5.24,,,0.4922,1.545,0.785,19.07,358.78,106.8,61.92,0.5131,702.0,0.018,0.0,825
2393569,393569 (2003 JC13),https://ssd.jpl.nasa.gov/tools/sbdb_lookup.html#/?sstr=2393569,20.3,0.2315021222,0.5176544822,False,False,1906-11-16,37974.1302827244,8445325.49329454,Venus,APO,Y,N,20.3,0.551,0.048,,,,0.3152,1.066,0.73,8.51,205.79,172.03,48.8,0.8951,402.0,0.143,0.0,515
2394130,394130 (2006 HY51),https://ssd.jpl.nasa.gov/tools/sbdb_lookup.html#/?sstr=2394130,17.22,0.9562137328,2.1381589077,False,False,1911-01-06,53390.0679661026,271924772.21805274,Juptr,APO,Y,N,17.22,1.218,0.157,,,,0.9684,2.589,0.082,33.53,40.62,341.98,228.07,0.2366,1520.0,0.113,0.0,315
2395143,395143 (2010 CN1),https://ssd.jpl.nasa.gov/tools/sbdb_lookup.html#/?sstr=2395143,18.95,0.4310771239,0.9639177525,False,False,1910-11-09,54844.6753704524,24879843.493662916,Earth,APO,Y,N,18.95,0.636,0.124,,,,0.439,1.499,0.841,20.97,216.42,192.5,250.47,0.5371,670.0,0.144,0.0,183
2391151,391151 (2005 YY93),https://ssd.jpl.nasa.gov/tools/sbdb_lookup.html#/?sstr=2391151,17.23,0.9518203298,2.1283349598,False,False,1906-02-11,89655.063268118,44613462.49958822,Earth,APO,Y,N,17.23,1.745,0.084,,,,0.8811,2.584,0.307,24.8,294.8,313.35,265.81,0.2373,1520.0,0.106,0.0,403
2391211,391211 (2006 HZ51),https://ssd.jpl.nasa.gov/tools/sbdb_lookup.html#/?sstr=2391211,18.48,0.5352479056,1.1968507018,True,False,1912-05-31,41175.9467460731,21462203.14052944,Earth,AMO,Y,Y,18.48,0.412,0.415,,,,0.45,1.898,1.044,12.41,84.27,193.37,138.06,0.3771,955.0,0.0335,0.0,207
2393359,393359 (1998 ME3),https://ssd.jpl.nasa.gov/tools/sbdb_lookup.html#/?sstr=2393359,19.44,0.3439972547,0.7692012455,False,False,1937-07-09,23374.5113099933,22489385.24501536,Earth,AMO,Y,N,19.44,0.774,0.062,,,,0.4836,2.179,1.125,6.01,129.36,165.65,182.24,0.3064,1180.0,0.111,0.0,280
2408751,408751 (1987 SF3),https://ssd.jpl.nasa.gov/tools/sbdb_lookup.html#/?sstr=2408751,19.02,0.4174024334,0.933340215,False,False,1906-09-11,38008.1678979218,23271917.117193036,Earth,AMO,Y,N,19.02,0.399,0.278,21.0,,,0.5344,2.254,1.049,3.35,186.84,134.79,116.58,0.2913,1240.0,0.0543,0.0,384
2411201,411201 (2010 LJ14),https://ssd.jpl.nasa.gov/tools/sbdb_lookup.html#/?sstr=2411201,17.8,0.7320739893,1.6369672047,False,False,1931-02-16,23460.9102379459,28104377.590516217,Earth,AMO,Y,N,17.8,0.658,0.31,113.0,,,0.3418,1.626,1.07,12.03,177.36,295.41,269.66,0.4753,757.0,0.172,0.0,1506
2413038,413038 (2001 MF1),https://ssd.jpl.nasa.gov/tools/sbdb_lookup.html#/?sstr=2413038,16.94,1.0878148336,2.4324279148,False,False,,,,,AMO,Y,N,16.94,1.237,0.301,6.569,,,0.577,2.649,1.121,23.97,288.58,76.61,215.94,0.2286,1570.0,0.341,0.0,639
2413421,413421 (2004 VA15),https://ssd.jpl.nasa.gov/tools/sbdb_lookup.html#/?sstr=2413421,18.27,0.5895966084,1.3183780956,False,False,1933-12-01,21517.0585650213,181907277.1838673,Juptr,AMO,Y,N,18.27,1.9,0.023,,,,0.5846,2.903,1.206,17.82,34.65,332.24,99.41,0.1993,1810.0,0.236,0.0,222
2415711,415711 (1998 WT7),https://ssd.jpl.nasa.gov/tools/sbdb_lookup.html#/?sstr=2415711,19.01,0.4193290755,0.9376483177,False,False,1904-12-01,75012.4818570442,14625317.219197812,Earth,AMO,Y,N,19.01,0.346,0.371,,,,0.11,1.152,1.025,40.7,248.26,235.94,259.17,0.7973,452.0,0.0849,0.0,513
2410088,410088 (2007 EJ),https://ssd.jpl.nasa.gov/tools/sbdb_lookup.html#/?sstr=2410088,18.2,0.6089126221,1.3615700154,False,False,1943-12-12,38780.0159267779,9373357.03174314,Earth,APO,Y,N,18.2,1.032,0.095,4.5569,,,0.6293,2.501,0.927,8.32,61.73,3.64,276.14,0.2492,1440.0,0.0573,0.0,1814
2410777,410777 (2009 FD),https://ssd.jpl.nasa.gov/tools/sbdb_lookup.html#/?sstr=2410777,22.18,0.0973991073,0.217791025,False,False,1910-05-30,33303.9029553763,10308256.458805569,Mars,APO,Y,N,22.18,0.472,0.01,4.0,,,0.4931,1.164,0.59,3.12,9.17,281.66,50.41,0.7849,459.0,0.0021,0.0,516
2413192,413192 (2002 VY94),https://ssd.jpl.nasa.gov/tools/sbdb_lookup.html#/?sstr=2413192,16.91,1.1029478453,2.4662663578,False,False,1904-02-11,27989.8167574671,27707740.200787053,Earth,AMO,Y,N,16.91,2.16,0.043,,,,0.6571,3.245,1.113,9.12,280.8,233.36,306.43,0.1686,2140.0,0.174,0.0,697
2414286,414286 (2008 OC6),https://ssd.jpl.nasa.gov/tools/sbdb_lookup.html#/?sstr=2414286,18.59,0.5088092249,1.1377320144,True,False,1903-05-29,52198.1102752646,15799796.004448459,Venus,ATE,Y,Y,18.59,0.369,0.471,,,,0.1992,0.9231,0.739,21.85,177.57,295.87,96.24,1.111,324.0,0.0306,0.0,527
2414746,414746 (2010 EH20),https://ssd.jpl.nasa.gov/tools/sbdb_lookup.html#/?sstr=2414746,17.86,0.7121229407,1.5923553038,False,False,1904-08-02,47295.1863380664,62925131.99963323,Earth,AMO,Y,N,17.86,1.8,0.019,,,,0.523,2.621,1.25,23.87,120.65,207.67,210.66,0.2323,1550.0,0.267,0.0,241
2415986,415986 (2002 AT5),https://ssd.jpl.nasa.gov/tools/sbdb_lookup.html#/?sstr=2415986,18.03,0.6584987829,1.4724480417,False,False,1903-07-07,35086.1726899704,299134714.2416952,Juptr,AMO,Y,N,18.03,1.072,0.088,,,,0.5461,2.664,1.21,25.73,332.21,181.5,158.85,0.2266,1590.0,0.22,0.0,184
2416071,416071 (2002 NV),https://ssd.jpl.nasa.gov/tools/sbdb_lookup.html#/?sstr=2416071,18.05,0.6524616298,1.4589485569,False,False,1952-08-31,19936.5465480031,295807368.3205341,Juptr,AMO,Y,N,18.05,0.803,0.189,17.7,,,0.6171,2.666,1.021,22.27,294.23,271.81,155.81,0.2264,1590.0,0.307,0.0,239
2416694,416694 (2004 YR32),https://ssd.jpl.nasa.gov/tools/sbdb_lookup.html#/?sstr=2416694,17.67,0.777239702,1.7379608086,False,False,1915-03-07,30656.7437504193,217700298.77279836,Juptr,APO,Y,N,17.67,2.292,0.031,50.3,,,0.6984,3.071,0.926,20.45,89.89,89.04,317.65,0.1832,1970.0,0.246,0.0,359
2418094,418094 (2007 WV4),https://ssd.jpl.nasa.gov/tools/sbdb_lookup.html#/?sstr=2418094,19.65,0.3122877701,0.6982966825,True,False,1912-06-02,85151.8277444614,6611336.150587749,Earth,APO,Y,Y,19.65,0.89,0.042,9.929,,,0.4408,1.486,0.831,38.34,249.86,297.64,268.04,0.5439,662.0,0.019,0.0,399
2418929,418929 (2009 DM1),https://ssd.jpl.nasa.gov/tools/sbdb_lookup.html#/?sstr=2418929,17.03,1.0436502383,2.3336728776,False,False,1911-08-21,22735.85439973,147829382.77282292,Juptr,AMO,Y,N,17.03,1.432,0.137,4.59,,,0.6407,2.894,1.04,15.2,197.58,219.77,151.56,0.2002,1800.0,0.109,0.0,2675
2419624,419624 (2010 SO16),https://ssd.jpl.nasa.gov/tools/sbdb_lookup.html#/?sstr=2419624,20.44,0.2170475943,0.4853331752,True,False,1994-06-07,62596.171301278,71424485.8856623,Earth,APO,Y,Y,20.44,0.357,0.084,,,,0.0754,1.004,0.928,14.51,40.34,109.26,234.44,0.9798,367.0,0.0306,0.0,350
2424089,424089 (2007 DU103),https://ssd.jpl.nasa.gov/tools/sbdb_lookup.html#/?sstr=2424089,17.56,0.8176265334,1.8282685088,False,False,,,,,AMO,Y,N,17.56,2.314,0.027,,,,0.5016,2.463,1.227,23.26,337.73,295.21,244.14,0.255,1410.0,0.368,0.0,417
2417264,417264 (2006 AT2),https://ssd.jpl.nasa.gov/tools/sbdb_lookup.html#/?sstr=2417264,17.06,1.0293308202,2.3016536853,False,False,1915-08-25,29234.7271982785,289649769.72027373,Juptr,AMO,Y,N,17.06,1.93,0.062,,,,0.6046,2.697,1.066,21.13,143.82,39.5,136.58,0.2226,1620.0,0.146,0.0,1673
2417634,417634 (2006 XG1),https://ssd.jpl.nasa.gov/tools/sbdb_lookup.html#/?sstr=2417634,18.57,0.5135171787,1.1482593191,True,False,1905-09-24,54310.122340763,41767500.4434416,Earth,APO,Y,Y,18.57,0.418,0.154,,,,0.5956,2.458,0.994,20.49,38.45,344.15,334.55,0.2557,1410.0,0.0149,0.0,171
2418797,418797 (2008 VF),https://ssd.jpl.nasa.gov/tools/sbdb_lookup.html#/?sstr=2418797,19.41,0.3487827332,0.7799019007,False,False,1901-08-04,43044.2211286512,70203053.1011907,Earth,ATE,Y,N,19.41,0.789,0.063,7.35,,,0.3258,0.9059,0.611,26.2,234.4,3.28,90.34,1.143,315.0,0.209,0.0,470
2419472,419472 (2010 DW1),https://ssd.jpl.nasa.gov/tools/sbdb_lookup.html#/?sstr=2419472,19.97,0.2694976463,0.602615057,True,False,1900-02-27,47752.7434696933,7040575.808040262,Earth,APO,Y,Y,19.97,0.459,0.088,,,,0.2002,1.225,0.98,23.77,157.11,9.66,217.22,0.727,495.0,0.00882,0.0,385
2381181,381181 (2007 LV19),https://ssd.jpl.nasa.gov/tools/sbdb_lookup.html#/?sstr=2381181,19.68,0.3080030213,0.6887156928,False,False,1916-05-26,28537.1717565241,28622603.35680933,Earth,APO,Y,N,19.68,0.602,0.064,,,,0.3204,1.471,1.0,14.89,264.01,301.42,142.79,0.5522,652.0,0.0866,0.0,231
2381906,381906 (2010 CL19),https://ssd.jpl.nasa.gov/tools/sbdb_lookup.html#/?sstr=2381906,17.8,0.7320739893,1.6369672047,True,False,1904-10-08,68786.6630098759,5157934.754684828,Venus,APO,Y,Y,17.8,0.52,0.451,3.5197,,,0.6456,1.543,0.547,7.31,243.77,76.83,116.79,0.5142,700.0,0.0113,0.0,1127
2385186,385186 (1994 AW1),https://ssd.jpl.nasa.gov/tools/sbdb_lookup.html#/?sstr=2385186,17.64,0.7880521833,1.7621382518,True,False,1907-07-16,44951.8544350848,12814297.507445496,Earth,AMO,Y,Y,17.64,0.811,0.223,2.5193,,,0.0756,1.105,1.021,24.1,290.34,37.14,294.57,0.8485,424.0,0.0182,0.0,2792
2385268,385268 (2001 RC12),https://ssd.jpl.nasa.gov/tools/sbdb_lookup.html#/?sstr=2385268,15.81,1.8304378037,4.0929833576,False,False,2087-10-28,59858.5087229076,28543499.563582636,Earth,AMO,Y,N,15.81,3.2,0.08,,,,0.6428,3.21,1.146,27.41,208.9,185.54,63.62,0.1714,2100.0,0.153,0.0,1290
2385402,385402 (2002 WZ2),https://ssd.jpl.nasa.gov/tools/sbdb_lookup.html#/?sstr=2385402,17.19,0.9695159909,2.167903661,False,False,1909-12-10,143038.5012383792,28330466.85605868,Earth,APO,Y,N,17.19,1.597,0.11,,,,0.8845,2.462,0.284,51.27,261.27,48.2,356.46,0.2551,1410.0,0.13,0.0,232
2387733,387733 (2003 GS),https://ssd.jpl.nasa.gov/tools/sbdb_lookup.html#/?sstr=2387733,18.93,0.4350658314,0.9728367737,False,False,1901-04-09,26277.8249319898,12664035.422902696,Earth,ATE,Y,N,18.93,0.344,0.411,2.467,,,0.2186,0.8928,0.698,12.03,196.18,181.9,101.62,1.168,308.0,0.0857,0.0,933
2388185,388185 (2006 CX10),https://ssd.jpl.nasa.gov/tools/sbdb_lookup.html#/?sstr=2388185,17.79,0.7354530894,1.644523102,False,False,1905-03-21,24932.7014393393,188822967.64284647,Juptr,AMO,Y,N,17.79,2.75,0.019,,,,0.5092,2.574,1.263,26.98,32.09,189.84,276.69,0.2386,1510.0,0.26,0.0,343
2386454,386454 (2008 XM),https://ssd.jpl.nasa.gov/tools/sbdb_lookup.html#/?sstr=2386454,20.03,0.2621530873,0.5861921237,True,False,1900-09-27,165615.7427433814,16788715.177488524,Venus,APO,Y,Y,20.03,0.367,0.128,,,,0.9092,1.222,0.111,5.44,240.57,27.44,232.74,0.7294,494.0,0.0046,0.0,104
2394392,394392 (2007 EP88),https://ssd.jpl.nasa.gov/tools/sbdb_lookup.html#/?sstr=2394392,18.37,0.5630603897,1.2590413069,False,False,1904-04-18,195331.7050035548,5368308.135672732,Merc,ATE,Y,N,18.37,0.636,0.174,,,,0.8859,0.8373,0.096,20.73,328.48,47.13,256.44,1.286,280.0,0.143,0.0,215
2395207,395207 (2010 HQ80),https://ssd.jpl.nasa.gov/tools/sbdb_lookup.html#/?sstr=2395207,19.61,0.3180936332,0.7112789871,True,False,1914-05-07,62924.7285953255,21294630.443178095,Earth,APO,Y,Y,19.61,0.724,0.022,,,,0.4897,1.568,0.8,27.84,218.43,66.37,280.5,0.5021,717.0,0.00938,0.0,321
2399433,399433 (2001 YK4),https://ssd.jpl.nasa.gov/tools/sbdb_lookup.html#/?sstr=2399433,18.58,0.5111577815,1.1429835468,False,False,1910-12-18,77808.9621008383,12871997.495663216,Earth,APO,Y,N,18.58,1.339,0.021,,,,0.7767,2.655,0.593,4.38,155.69,210.86,204.04,0.2279,1580.0,0.0646,0.0,168
2401857,401857 (2000 PG3),https://ssd.jpl.nasa.gov/tools/sbdb_lookup.html#/?sstr=2401857,16.14,1.5723708236,3.5159280475,False,False,1900-09-21,99993.804419237,11430072.964110743,Earth,APO,Y,N,16.14,4.2,0.046,,,,0.8554,2.826,0.409,22.05,323.53,141.28,88.55,0.2075,1740.0,0.212,0.0,464
2388838,388838 (2008 EZ5),https://ssd.jpl.nasa.gov/tools/sbdb_lookup.html#/?sstr=2388838,19.62,0.3166321257,0.708010957,False,False,1902-05-06,27700.7398480054,13184274.791485792,Earth,AMO,Y,N,19.62,0.378,0.196,2.859,,,0.5065,2.091,1.032,7.99,14.8,228.58,293.35,0.3259,1100.0,0.0806,0.0,1992
2390725,390725 (2003 HB),https://ssd.jpl.nasa.gov/tools/sbdb_lookup.html#/?sstr=2390725,19.69,0.3065878759,0.6855513317,True,False,1902-05-25,46587.2019034086,8681400.596176943,Earth,ATE,Y,Y,19.69,0.293,0.271,,,,0.3803,0.8497,0.527,18.12,70.34,306.76,130.68,1.258,286.0,0.0472,0.0,499
2397237,397237 (2006 KZ112),https://ssd.jpl.nasa.gov/tools/sbdb_lookup.html#/?sstr=2397237,16.76,1.1818299089,2.6426520142,False,False,1927-07-10,58691.067675682,298979447.5698485,Juptr,APO,Y,N,16.76,1.18,0.269,,,,0.8872,2.523,0.285,37.85,166.33,358.2,323.51,0.246,1460.0,0.531,0.0,305
2398188,398188 Agni (2010 LE15),https://ssd.jpl.nasa.gov/tools/sbdb_lookup.html#/?sstr=2398188,19.33,0.3618719966,0.8091703835,True,False,1907-01-18,35877.2652716362,7927783.179830312,Venus,ATE,Y,Y,19.33,0.462,0.137,21.99,,,0.2733,0.8645,0.628,13.25,134.18,328.63,252.91,1.226,294.0,0.0219,0.0,718
2399325,399325 (1999 GY5),https://ssd.jpl.nasa.gov/tools/sbdb_lookup.html#/?sstr=2399325,20.18,0.2446554962,0.5470663205,False,False,1902-04-07,83964.0368015546,12398091.594336307,Earth,APO,Y,N,20.18,0.669,0.039,,,,0.6148,1.146,0.442,24.43,203.37,232.24,297.62,0.8029,448.0,0.0631,0.0,345
2401925,401925 (2002 AT15),https://ssd.jpl.nasa.gov/tools/sbdb_lookup.html#/?sstr=2401925,18.48,0.5352479056,1.1968507018,False,False,2035-06-10,65354.1135232003,7871864.647927911,Mars,APO,Y,N,18.48,0.475,0.342,,,,0.4752,1.894,0.994,36.38,108.4,266.51,86.34,0.3781,952.0,0.31,0.0,162
2406952,406952 (2009 KJ),https://ssd.jpl.nasa.gov/tools/sbdb_lookup.html#/?sstr=2406952,17.11,1.0059003902,2.249261651,False,False,1908-04-30,96949.1922489068,20910698.325749096,Venus,APO,Y,N,17.11,0.772,0.429,,,,0.7175,1.241,0.351,32.95,12.47,67.13,15.33,0.713,505.0,0.0894,0.0,163
2407324,407324 (2010 OB101),https://ssd.jpl.nasa.gov/tools/sbdb_lookup.html#/?sstr=2407324,20.58,0.2034955781,0.4550299458,False,False,1901-08-03,63969.7606180877,24196069.94190742,Earth,APO,Y,N,20.58,0.281,0.141,,,,0.5225,1.617,0.772,9.13,260.89,334.46,195.84,0.4795,751.0,0.112,0.0,117
2410778,410778 (2009 FG19),https://ssd.jpl.nasa.gov/tools/sbdb_lookup.html#/?sstr=2410778,18.15,0.6230960191,1.3932850552,True,False,2004-10-16,144876.1985196322,54986861.24616678,Earth,APO,Y,Y,18.15,1.457,0.048,8.0,,,0.719,2.911,0.818,54.5,187.49,120.41,96.83,0.1985,1810.0,0.0253,0.0,347
2411165,411165 (2010 DF1),https://ssd.jpl.nasa.gov/tools/sbdb_lookup.html#/?sstr=2411165,22.09,0.1015207872,0.2270073813,False,False,1915-03-15,67822.7583960144,26632699.31420264,Earth,APO,Y,N,22.09,0.159,0.121,45.8,,,0.5028,1.599,0.795,20.09,154.79,101.89,240.86,0.4875,738.0,0.0428,0.0,281
2411611,411611 (2011 QF14),https://ssd.jpl.nasa.gov/tools/sbdb_lookup.html#/?sstr=2411611,18.75,0.4726666672,1.0569147985,False,False,1913-11-25,21018.2427016224,14334731.913720977,Earth,AMO,Y,N,18.75,0.358,0.415,,,,0.4833,2.026,1.047,3.4,138.26,297.33,293.15,0.3419,1050.0,0.0811,0.0,479
2413123,413123 (2001 XS1),https://ssd.jpl.nasa.gov/tools/sbdb_lookup.html#/?sstr=2413123,18.99,0.4232090797,0.9463242708,False,False,1905-11-29,33106.1548026101,56522144.90157612,Earth,AMO,Y,N,18.99,1.258,0.03,,,,0.5562,2.672,1.186,10.94,266.9,164.82,179.32,0.2257,1590.0,0.205,0.0,330
2414772,414772 (2010 OC103),https://ssd.jpl.nasa.gov/tools/sbdb_lookup.html#/?sstr=2414772,19.14,0.3949616937,0.8831611957,False,False,1904-05-07,86732.1774542178,11675185.977429833,Merc,APO,Y,N,19.14,1.466,0.019,,,,0.672,1.195,0.392,23.11,17.94,178.33,36.29,0.7549,477.0,0.333,0.0,251
2409256,409256 (2004 HO1),https://ssd.jpl.nasa.gov/tools/sbdb_lookup.html#/?sstr=2409256,18.42,0.5502435705,1.2303820278,False,False,1909-06-01,54389.7337012643,48986691.366009384,Earth,AMO,Y,N,18.42,1.887,0.026,,,,0.5215,2.207,1.056,25.74,43.25,265.25,177.97,0.3007,1200.0,0.331,0.0,174
2409836,409836 (2006 QY110),https://ssd.jpl.nasa.gov/tools/sbdb_lookup.html#/?sstr=2409836,18.07,0.6464798256,1.4455728362,True,False,1972-02-14,37570.5092934749,19742696.574757334,Venus,APO,Y,Y,18.07,0.554,0.331,,,,0.5742,1.924,0.819,6.4,222.61,221.65,49.6,0.3693,975.0,0.0319,0.0,249
2413820,413820 (2006 QR89),https://ssd.jpl.nasa.gov/tools/sbdb_lookup.html#/?sstr=2413820,19.65,0.3122877701,0.6982966825,False,False,1910-11-21,8676.0811049076,40472744.22272161,Earth,AMO,Y,N,19.65,0.659,0.049,,,,0.3672,1.889,1.195,9.24,166.34,263.76,92.4,0.3797,948.0,0.271,0.0,203
2414287,414287 (2008 OB9),https://ssd.jpl.nasa.gov/tools/sbdb_lookup.html#/?sstr=2414287,17.73,0.7560577624,1.6905965516,True,False,1919-01-14,48008.5897253512,35826067.279700816,Earth,APO,Y,Y,17.73,1.974,0.038,42.5,,,0.7597,3.201,0.769,13.5,202.67,238.62,331.52,0.1721,2090.0,0.0125,0.0,329
2414429,414429 (2009 DC43),https://ssd.jpl.nasa.gov/tools/sbdb_lookup.html#/?sstr=2414429,18.02,0.6615382752,1.4792445531,False,False,1917-07-09,58387.8813941912,26773056.149778064,Earth,APO,Y,N,18.02,2.866,0.015,,,,0.4894,1.8,0.919,20.84,84.22,172.97,304.26,0.408,882.0,0.0953,0.0,368
2414586,414586 (2009 UV18),https://ssd.jpl.nasa.gov/tools/sbdb_lookup.html#/?sstr=2414586,16.13,1.5796285576,3.532156834,False,False,1939-02-03,38251.912120529,243452769.2912888,Juptr,AMO,Y,N,16.13,0.996,0.709,,,,0.6331,3.172,1.164,8.34,86.75,62.66,288.89,0.1744,2060.0,0.221,0.0,960
2416567,416567 (2004 EB),https://ssd.jpl.nasa.gov/tools/sbdb_lookup.html#/?sstr=2416567,17.13,0.99667824,2.2286402963,False,False,1917-11-25,45396.1600664195,295709967.331506,Juptr,AMO,Y,N,17.13,2.538,0.036,,,,0.6613,3.108,1.053,21.09,20.74,238.68,309.57,0.1798,2000.0,0.197,0.0,210
2419880,419880 (2011 AH37),https://ssd.jpl.nasa.gov/tools/sbdb_lookup.html#/?sstr=2419880,19.83,0.2874451443,0.6427468824,True,False,1907-02-12,86732.9856806796,30682892.38942252,Earth,APO,Y,Y,19.83,0.982,0.026,,,,0.672,2.548,0.836,9.66,102.04,322.42,253.44,0.2423,1490.0,0.0353,0.0,190
2422699,422699 (2000 PD3),https://ssd.jpl.nasa.gov/tools/sbdb_lookup.html#/?sstr=2422699,18.28,0.586887658,1.3123206985,True,False,1902-01-11,57047.1666999606,9210532.840061763,Earth,APO,Y,Y,18.28,0.619,0.22,42.484,,,0.5919,1.999,0.816,7.7,298.63,110.25,310.77,0.3488,1030.0,0.0271,0.0,528
2424392,424392 (2007 YJ),https://ssd.jpl.nasa.gov/tools/sbdb_lookup.html#/?sstr=2424392,22.11,0.100590039,0.2249261651,False,False,1906-04-03,26242.680026615,27065406.26132729,Earth,APO,Y,N,22.11,0.239,0.054,,,,0.2797,1.103,0.795,3.31,28.87,199.41,39.45,0.8505,423.0,0.0512,0.0,189
2416801,416801 (2005 GC120),https://ssd.jpl.nasa.gov/tools/sbdb_lookup.html#/?sstr=2416801,19.64,0.313729225,0.7015198735,True,False,1909-01-27,69721.4883490146,10858180.338255536,Venus,APO,Y,Y,19.64,0.906,0.031,9.0,,,0.4975,1.193,0.6,16.54,67.92,258.31,215.55,0.756,476.0,0.00561,0.0,350
2422638,422638 (1994 CB),https://ssd.jpl.nasa.gov/tools/sbdb_lookup.html#/?sstr=2422638,21.09,0.1608996045,0.3597824532,False,False,1909-02-10,35890.7121532074,26053531.56441189,Earth,APO,Y,N,21.09,0.193,0.195,8.676,,,0.1451,1.149,0.983,18.26,310.62,288.52,202.23,0.7998,450.0,0.0545,0.0,205
2422686,422686 (2000 AC6),https://ssd.jpl.nasa.gov/tools/sbdb_lookup.html#/?sstr=2422686,21.6,0.1272198785,0.2844722965,True,False,1903-08-21,29574.3647544639,16899554.184143838,Venus,ATE,Y,Y,21.6,0.176,0.143,2.4437,,,0.2865,0.8537,0.609,4.7,101.35,188.09,114.79,1.25,288.0,0.0462,0.0,464
2423321,423321 (2005 ED318),https://ssd.jpl.nasa.gov/tools/sbdb_lookup.html#/?sstr=2423321,20.9,0.1756123185,0.3926810818,True,False,1937-04-08,54636.4798286947,43268090.318266906,Earth,AMO,Y,Y,20.9,0.202,0.212,17.157,,,0.4502,1.85,1.017,2.39,82.04,164.37,52.13,0.3917,919.0,0.00676,0.0,615
2429382,429382 (2010 NW117),https://ssd.jpl.nasa.gov/tools/sbdb_lookup.html#/?sstr=2429382,18.34,0.57089334,1.2765563162,False,False,1911-07-22,6906.2785429139,274101709.18749267,Juptr,AMO,Y,N,18.34,0.448,0.463,,,,0.5328,2.354,1.1,3.41,252.66,148.6,53.96,0.273,1320.0,0.112,0.0,466
2431107,431107 (2006 GU),https://ssd.jpl.nasa.gov/tools/sbdb_lookup.html#/?sstr=2431107,17.69,0.7701139256,1.7220270881,False,False,1907-07-08,25573.5399123581,244422511.37873545,Juptr,AMO,Y,N,17.69,1.266,0.092,,,,0.584,2.698,1.123,17.7,148.92,146.48,115.05,0.2223,1620.0,0.154,0.0,451
2436030,436030 (2009 JO2),https://ssd.jpl.nasa.gov/tools/sbdb_lookup.html#/?sstr=2436030,19.42,0.3471802221,0.776318577,False,False,1904-08-27,67927.0348163664,20063228.81568459,Venus,ATE,Y,N,19.42,0.295,0.296,,,,0.4784,0.8883,0.463,19.62,203.41,239.73,327.2,1.177,306.0,0.0567,0.0,653
2436324,436324 (2010 GZ6),https://ssd.jpl.nasa.gov/tools/sbdb_lookup.html#/?sstr=2436324,19.44,0.3439972547,0.7692012455,False,False,1909-10-23,71479.4152804859,8779951.409393648,Mars,AMO,Y,N,19.44,0.369,0.205,,,,0.1441,1.401,1.199,44.84,199.43,73.93,83.33,0.5941,606.0,0.309,0.0,462
2437879,437879 (2001 RX11),https://ssd.jpl.nasa.gov/tools/sbdb_lookup.html#/?sstr=2437879,17.72,0.7595475664,1.6983999907,False,False,1907-03-31,25526.3821150318,274971033.7795008,Juptr,AMO,Y,N,17.72,1.82,0.044,,,,0.5462,2.767,1.256,13.09,343.59,308.08,106.69,0.2142,1680.0,0.298,0.0,534
2437994,437994 (2003 UL12),https://ssd.jpl.nasa.gov/tools/sbdb_lookup.html#/?sstr=2437994,17.48,0.8483107619,1.8968805296,False,False,1924-11-26,47370.9876451294,49214798.55722027,Earth,APO,Y,N,17.48,1.078,0.2,,,,0.7034,3.28,0.973,19.81,192.68,275.32,243.17,0.166,2170.0,0.254,0.0,495
2433992,433992 (2000 HD74),https://ssd.jpl.nasa.gov/tools/sbdb_lookup.html#/?sstr=2433992,17.93,0.6895328745,1.54184238,False,False,1941-10-20,48532.6488217687,250126574.4306724,Juptr,AMO,Y,N,17.93,0.827,0.144,9.36,,,0.5979,2.918,1.173,49.25,55.18,223.54,29.45,0.1977,1820.0,0.274,0.0,694
2434740,434740 (2006 GZ),https://ssd.jpl.nasa.gov/tools/sbdb_lookup.html#/?sstr=2434740,19.49,0.3361669212,0.7516920875,False,False,2074-10-10,50897.2691525465,24124864.66190035,Earth,APO,Y,N,19.49,0.997,0.031,,,,0.3798,1.527,0.947,12.48,25.57,292.5,59.58,0.5221,689.0,0.0828,0.0,251
2436325,436325 (2010 GR7),https://ssd.jpl.nasa.gov/tools/sbdb_lookup.html#/?sstr=2436325,18.36,0.5656593584,1.2648527775,False,False,1913-11-16,162849.2699456672,12852843.71741798,Merc,APO,Y,N,18.36,0.452,0.378,,,,0.8456,1.831,0.283,24.13,157.55,192.01,75.21,0.3977,905.0,0.283,0.0,224
2438897,438897 (2009 WN),https://ssd.jpl.nasa.gov/tools/sbdb_lookup.html#/?sstr=2438897,18.83,0.4555698523,1.0186851583,False,False,1926-02-26,59757.4123750145,14755592.609434577,Mars,AMO,Y,N,18.83,0.946,0.06,,,,0.2215,1.38,1.074,32.79,249.33,236.18,282.41,0.6079,592.0,0.174,0.0,260
2438990,438990 (2010 SG13),https://ssd.jpl.nasa.gov/tools/sbdb_lookup.html#/?sstr=2438990,18.34,0.57089334,1.2765563162,False,False,1900-05-31,110086.3334849652,16968632.66115269,Earth,APO,Y,N,18.34,0.818,0.126,,,,0.7485,1.252,0.315,33.8,252.94,225.13,235.36,0.7032,512.0,0.0641,0.0,122
2441952,441952 (2010 LR68),https://ssd.jpl.nasa.gov/tools/sbdb_lookup.html#/?sstr=2441952,18.39,0.5578982211,1.2474983468,False,False,1905-10-23,30989.9373899213,41824065.55229793,Earth,AMO,Y,N,18.39,2.246,0.017,,,,0.587,3.096,1.279,4.71,109.01,299.82,288.4,0.1809,1990.0,0.3,0.0,418
2443923,443923 (2002 RU25),https://ssd.jpl.nasa.gov/tools/sbdb_lookup.html#/?sstr=2443923,17.57,0.8138698807,1.819868378,False,False,,,,,AMO,Y,N,17.57,3.316,0.018,119.4,,,0.4826,2.178,1.127,28.9,5.02,306.41,99.11,0.3067,1170.0,0.248,0.0,780
2444193,444193 (2005 SE71),https://ssd.jpl.nasa.gov/tools/sbdb_lookup.html#/?sstr=2444193,18.19,0.6117232351,1.367854737,True,False,1902-04-26,44927.8258841597,25963053.097139742,Earth,APO,Y,Y,18.19,0.437,0.503,66.8,,,0.1944,1.07,0.862,24.83,39.1,78.3,19.16,0.891,404.0,0.00228,0.0,487
2445025,445025 (2008 NS1),https://ssd.jpl.nasa.gov/tools/sbdb_lookup.html#/?sstr=2445025,17.43,0.8680704579,1.9410645532,False,False,1911-05-31,73786.1656145303,46655582.03314184,Earth,APO,Y,N,17.43,2.098,0.04,,,,0.8092,2.408,0.459,13.47,305.78,211.12,230.93,0.2637,1370.0,0.17,0.0,88
2438902,438902 (2009 WF104),https://ssd.jpl.nasa.gov/tools/sbdb_lookup.html#/?sstr=2438902,17.5,0.8405334021,1.8794898244,False,False,1903-06-01,35802.4634886906,220662549.10257268,Juptr,AMO,Y,N,17.5,2.226,0.047,56.5,,,0.6559,3.083,1.061,16.97,81.63,94.4,312.39,0.182,1980.0,0.278,0.0,938
2439889,439889 (2000 PG5),https://ssd.jpl.nasa.gov/tools/sbdb_lookup.html#/?sstr=2439889,20.38,0.2231284644,0.4989304142,False,False,1985-07-03,49082.815309388,62800246.15689917,Earth,AMO,Y,N,20.38,0.59,0.046,,,,0.458,2.088,1.132,6.12,309.69,358.86,141.85,0.3266,1100.0,0.116,0.0,235
2442037,442037 (2010 PR66),https://ssd.jpl.nasa.gov/tools/sbdb_lookup.html#/?sstr=2442037,19.26,0.3737274319,0.8356799428,True,False,1917-10-28,28219.9161389594,202520559.56539536,Juptr,APO,Y,Y,19.26,0.695,0.063,2.0734,,,0.6874,2.928,0.915,17.6,292.75,319.53,29.0,0.1967,1830.0,0.00257,0.0,671
2443806,443806 (1998 FL3),https://ssd.jpl.nasa.gov/tools/sbdb_lookup.html#/?sstr=2443806,21.72,0.1203801767,0.2691782583,True,False,1906-03-25,49478.8979792423,60724286.672604546,Earth,APO,Y,Y,21.72,0.288,0.034,,,,0.2478,1.26,0.948,26.38,180.1,121.34,111.29,0.6968,517.0,0.0397,0.0,59
2443837,443837 (2000 TJ1),https://ssd.jpl.nasa.gov/tools/sbdb_lookup.html#/?sstr=2443837,19.68,0.3080030213,0.6887156928,False,False,,,,,AMO,Y,N,19.68,0.253,0.399,14.09,,,0.0808,1.16,1.067,39.54,190.41,52.5,158.17,0.7885,457.0,0.0978,0.0,684
2445305,445305 (2010 DM56),https://ssd.jpl.nasa.gov/tools/sbdb_lookup.html#/?sstr=2445305,19.81,0.2901048414,0.648694146,True,False,1936-09-19,51087.3810236708,19069256.45099273,Earth,APO,Y,Y,19.81,0.762,0.025,,,,0.2926,1.306,0.924,25.6,349.6,48.17,254.76,0.6601,545.0,0.00703,0.0,346
2428223,428223 (2006 WW),https://ssd.jpl.nasa.gov/tools/sbdb_lookup.html#/?sstr=2428223,16.02,1.6617090174,3.7156943217,False,False,1907-01-05,34280.820196403,95266347.62508655,Juptr,APO,Y,N,16.02,2.525,0.101,,,,0.8696,2.697,0.352,31.81,87.89,198.38,135.5,0.2225,1620.0,0.399,0.0,367
2429073,429073 (2009 ND1),https://ssd.jpl.nasa.gov/tools/sbdb_lookup.html#/?sstr=2429073,17.23,0.9518203298,2.1283349598,False,False,1905-11-01,20204.3241744917,40583031.18331704,Earth,AMO,Y,N,17.23,2.498,0.041,,,,0.571,2.733,1.172,11.83,97.94,292.28,176.32,0.2182,1650.0,0.264,0.0,228
2429746,429746 (2011 SA16),https://ssd.jpl.nasa.gov/tools/sbdb_lookup.html#/?sstr=2429746,17.27,0.9344476509,2.0894884689,False,False,1905-11-19,25630.7006019156,213469739.300626,Juptr,AMO,Y,N,17.27,1.275,0.131,,,,0.5328,2.732,1.276,20.12,275.39,317.46,109.18,0.2183,1650.0,0.325,0.0,178
2433953,433953 (1997 XR2),https://ssd.jpl.nasa.gov/tools/sbdb_lookup.html#/?sstr=2433953,20.91,0.1748054532,0.3908768761,True,False,1901-06-17,17431.6882357117,16779017.5853245,Earth,APO,Y,Y,20.91,0.259,0.115,9.3205,,,0.2009,1.077,0.86,7.19,250.62,84.52,84.77,0.8824,408.0,0.0011,0.0,548
2434096,434096 (2002 GO5),https://ssd.jpl.nasa.gov/tools/sbdb_lookup.html#/?sstr=2434096,18.15,0.6230960191,1.3932850552,True,False,1902-09-22,70533.3151136466,40788477.99229032,Earth,APO,Y,Y,18.15,0.528,0.431,,,,0.7679,1.896,0.44,13.77,22.59,65.37,35.8,0.3776,953.0,0.0311,0.0,263
2434633,434633 (2005 WB1),https://ssd.jpl.nasa.gov/tools/sbdb_lookup.html#/?sstr=2434633,20.7,0.1925550782,0.4305662442,True,False,1907-05-28,52880.0960311848,9787503.505774975,Earth,APO,Y,Y,20.7,0.31,0.039,,,,0.3553,1.264,0.815,22.88,61.4,265.78,81.59,0.6939,519.0,0.0454,0.0,277
2435404,435404 (2008 AT28),https://ssd.jpl.nasa.gov/tools/sbdb_lookup.html#/?sstr=2435404,18.63,0.4995224099,1.1169660648,False,False,1905-11-20,5479.1610465178,64005616.04959696,Earth,AMO,Y,N,18.63,0.921,0.083,,,,0.4424,2.21,1.232,8.86,130.26,263.95,202.4,0.3,1200.0,0.292,0.0,372
2436671,436671 (2011 SV71),https://ssd.jpl.nasa.gov/tools/sbdb_lookup.html#/?sstr=2436671,18.0,0.6676594135,1.4929318344,True,False,1906-05-13,30521.6568526419,280295048.7833467,Juptr,AMO,Y,Y,18.0,2.159,0.024,,,,0.6081,2.635,1.032,13.39,80.6,190.72,155.11,0.2305,1560.0,0.0213,0.0,205
2434632,434632 (2005 WE),https://ssd.jpl.nasa.gov/tools/sbdb_lookup.html#/?sstr=2434632,19.88,0.2809020939,0.6281161771,False,False,1905-07-23,33733.4417975633,23686485.591856353,Earth,APO,Y,N,19.88,1.15,0.019,,,,0.2513,1.151,0.862,12.37,289.91,22.66,144.74,0.798,451.0,0.129,0.0,260
2436329,436329 (2010 GX62),https://ssd.jpl.nasa.gov/tools/sbdb_lookup.html#/?sstr=2436329,20.09,0.2550086879,0.5702167609,True,False,1903-05-13,90542.3417707752,41870947.81934021,Earth,APO,Y,Y,20.09,0.622,0.012,,,,0.6989,2.971,0.895,21.82,206.92,317.0,33.14,0.1924,1870.0,0.000481,0.0,182
2436761,436761 (2012 DN),https://ssd.jpl.nasa.gov/tools/sbdb_lookup.html#/?sstr=2436761,18.2,0.6089126221,1.3615700154,False,False,1944-08-27,60186.8235696203,15683568.093561286,Earth,APO,Y,N,18.2,2.773,0.013,,,,0.5932,2.235,0.909,19.95,143.25,247.33,96.65,0.295,1220.0,0.103,0.0,151
2438107,438107 (2005 GY110),https://ssd.jpl.nasa.gov/tools/sbdb_lookup.html#/?sstr=2438107,18.36,0.5656593584,1.2648527775,False,False,1927-03-25,68306.0182951295,21759060.740620278,Venus,APO,Y,N,18.36,0.663,0.191,,,,0.6864,1.849,0.58,12.65,294.6,169.16,88.38,0.3921,918.0,0.215,0.0,113
2442742,442742 (2012 WP3),https://ssd.jpl.nasa.gov/tools/sbdb_lookup.html#/?sstr=2442742,17.81,0.7287104149,1.6294460236,False,False,2034-02-01,44918.3780092242,13044158.569124475,Mars,AMO,Y,N,17.81,2.003,0.04,221.0,,,0.3842,2.1,1.293,22.57,227.14,141.72,128.17,0.3239,1110.0,0.348,0.0,1252
2443880,443880 (2001 UZ16),https://ssd.jpl.nasa.gov/tools/sbdb_lookup.html#/?sstr=2443880,19.38,0.3536347843,0.7907514169,True,False,2001-09-26,35937.3492523923,29289210.298665944,Earth,APO,Y,Y,19.38,0.228,0.593,13.719,,,0.4265,1.76,1.009,12.67,323.09,28.63,128.94,0.4221,853.0,0.0292,0.0,451
2439898,439898 (2000 TG2),https://ssd.jpl.nasa.gov/tools/sbdb_lookup.html#/?sstr=2439898,19.99,0.2670268771,0.5970902489,False,False,1908-09-17,19767.749089136,61650126.33298148,Earth,AMO,Y,N,19.99,0.53,0.063,,,,0.2454,1.522,1.148,12.0,206.82,200.43,113.7,0.5251,686.0,0.163,0.0,273
2441987,441987 (2010 NY65),https://ssd.jpl.nasa.gov/tools/sbdb_lookup.html#/?sstr=2441987,21.35,0.1427430515,0.3191831664,True,False,1900-11-12,53697.170323426,22511458.335934926,Earth,APO,Y,Y,21.35,0.228,0.071,4.9706,,,0.3701,1.004,0.632,11.54,267.92,252.09,207.8,0.9803,367.0,0.0185,0.0,999
2442605,442605 (2012 HY33),https://ssd.jpl.nasa.gov/tools/sbdb_lookup.html#/?sstr=2442605,19.29,0.3685996993,0.8242139842,False,False,1916-10-21,47613.8187355871,26584899.683101945,Earth,APO,Y,N,19.29,0.44,0.209,,,,0.5437,1.997,0.911,14.7,63.57,270.8,238.56,0.3492,1030.0,0.163,0.0,138
