full_name,class,neo,pha,H,diameter,albedo,rot_per,GM,density,e,a,q,i,om,w,ma,n,per,moid,condition_code,n_obs_used
   433 Eros (A898 PA),AMO,Y,N,10.39,16.84,0.25,5.27,0.0004463,2.67,0.2228,1.458,1.133,10.83,304.27,178.93,310.55,0.5598,643.0,0.148,0.0,9130
   887 Alinda (A918 AA),AMO,Y,N,13.82,4.2,0.31,28.41,,,0.5712,2.474,1.061,9.4,110.41,350.53,81.54,0.2533,1420.0,0.0797,0.0,5886
  1036 Ganymed (A924 UB),AMO,Y,N,9.17,37.675,0.238,10.297,,,0.5332,2.665,1.244,26.68,215.44,132.5,97.59,0.2266,1590.0,0.343,0.0,13597
  1221 Amor (1932 EA1),AMO,Y,N,17.37,1.0,,,,,0.4346,1.92,1.085,11.87,171.24,26.76,59.87,0.3705,972.0,0.108,0.0,686
  1566 Icarus (1949 MA),APO,Y,Y,16.53,1.0,0.51,2.2726,,,0.827,1.078,0.186,22.8,87.95,31.44,153.08,0.8805,409.0,0.0335,0.0,1792
  1580 Betulia (1950 KA),AMO,Y,N,14.54,5.8,0.08,6.1324,,,0.4876,2.195,1.125,52.19,62.22,159.72,80.27,0.3031,1190.0,0.132,0.0,2249
  1620 Geographos (1951 RA),APO,Y,Y,15.26,2.56,0.29,5.22204,,,0.3355,1.246,0.828,13.34,337.14,277.02,212.92,0.7088,508.0,0.0294,0.0,9291
  1627 Ivar (1929 SH),AMO,Y,N,12.79,9.12,0.15,4.795,,,0.3973,1.863,1.123,8.46,133.07,167.84,311.46,0.3876,929.0,0.109,0.0,14439
  1685 Toro (1948 OA),APO,Y,N,14.28,3.4,0.31,10.1995,,,0.436,1.368,0.771,9.38,274.21,127.28,82.68,0.6161,584.0,0.0511,0.0,5345
  1862 Apollo (1932 HA),APO,Y,Y,16.09,1.5,0.25,3.065,,,0.5599,1.471,0.647,6.35,35.54,286.05,113.88,0.5525,652.0,0.026,0.0,3695
  1863 Antinous (1948 EA),APO,Y,N,15.35,2.1,0.24,7.453,,,0.6063,2.26,0.89,18.38,345.55,269.07,289.56,0.2901,1240.0,0.187,0.0,1916
  1864 Daedalus (1971 FA),APO,Y,N,14.83,3.7,0.273,8.572,,,0.6144,1.461,0.563,22.22,6.6,325.66,257.57,0.5582,645.0,0.269,0.0,6597
  1865 Cerberus (1971 UA),APO,Y,N,16.77,1.2,0.22,6.8039,,,0.4669,1.08,0.576,16.1,212.88,325.29,319.67,0.8782,410.0,0.157,0.0,2494
  1866 Sisyphus (1972 XA),APO,Y,N,12.48,8.48,0.15,2.4,,,0.5381,1.893,0.875,41.21,63.45,293.1,140.66,0.3783,952.0,0.104,0.0,10280
  1915 Quetzalcoatl (1953 EA),AMO,Y,N,18.38,0.5,0.21,4.9,,,0.5702,2.545,1.094,20.4,162.92,347.76,21.62,0.2428,1480.0,0.109,0.0,55
  1916 Boreas (1953 RA),AMO,Y,N,14.93,3.5,,3.4746,,,0.4492,2.273,1.252,12.88,340.6,335.85,35.11,0.2877,1250.0,0.252,0.0,4168
  1917 Cuyo (1968 AA),AMO,Y,N,14.38,5.7,0.195,2.689,,,0.5055,2.149,1.063,23.96,188.27,194.55,160.09,0.3128,1150.0,0.0717,0.0,4260
  1943 Anteros (1973 EC),AMO,Y,N,15.68,2.3,0.17,2.86923,,,0.2559,1.431,1.064,8.71,246.29,338.44,260.37,0.576,625.0,0.0609,0.0,6620
  1980 Tezcatlipoca (1950 LA),AMO,Y,N,13.8,4.3,0.25,7.24612,,,0.3647,1.709,1.086,26.87,246.54,115.47,211.5,0.441,816.0,0.245,0.0,8408
  1981 Midas (1973 EA),APO,Y,Y,15.28,3.4,,5.22,,,0.6505,1.776,0.621,39.82,356.79,267.84,65.35,0.4163,865.0,0.00277,0.0,2498
  2061 Anza (1960 UA),AMO,Y,N,16.7,2.6,,6.712,,,0.5356,2.265,1.052,3.8,207.35,157.11,38.89,0.2891,1250.0,0.0558,0.0,2041
  2062 Aten (1976 AA),ATE,Y,N,17.11,1.1,0.26,42.15,,,0.1829,0.967,0.79,18.94,108.53,148.08,32.64,1.037,347.0,0.113,0.0,1024
  2063 Bacchus (1977 HB),APO,Y,N,17.21,1.024,0.203,14.904,,,0.3494,1.078,0.701,9.43,33.04,55.35,234.79,0.8806,409.0,0.0667,0.0,1561
  2100 Ra-Shalom (1978 RA),ATE,Y,N,16.24,2.3,0.13,19.797,,,0.4365,0.832,0.469,15.76,170.76,356.08,249.11,1.299,277.0,0.15,0.0,4167
  2101 Adonis (1936 CA),APO,Y,Y,18.69,0.6,,,,,0.7641,1.874,0.442,1.32,349.41,43.71,24.48,0.3842,937.0,0.0115,0.0,149
  2102 Tantalus (1975 YA),APO,Y,Y,16.0,1.649,0.245,2.384,,,0.2994,1.29,0.904,64.01,94.35,61.5,347.36,0.6726,535.0,0.0426,0.0,2284
  2201 Oljato (1947 XC),APO,Y,Y,15.32,1.8,0.4328,26.0,,,0.7107,2.179,0.63,2.52,74.86,98.37,97.01,0.3065,1170.0,0.00278,0.0,1861
  2212 Hephaistos (1978 SB),APO,Y,N,13.45,5.7,0.163,48.0,,,0.8347,2.168,0.358,11.2,26.57,210.46,308.24,0.3088,1170.0,0.112,0.0,5177
  2340 Hathor (1976 UA),ATE,Y,Y,20.41,0.3,,3.35,,,0.4499,0.8439,0.464,5.86,211.28,40.12,201.98,1.271,283.0,0.00663,0.0,572
  2368 Beltrovata (1977 RA),AMO,Y,N,15.18,2.3,0.27,5.786,,,0.4134,2.105,1.235,5.22,287.29,43.05,287.81,0.3228,1120.0,0.231,0.0,2823
  2608 Seneca (1978 DA),AMO,Y,N,17.48,0.9,0.21,8.0,,,0.5647,2.53,1.102,14.43,166.42,38.71,10.72,0.2449,1470.0,0.153,1.0,83
  3102 Krok (1981 QA),AMO,Y,N,16.16,1.6,,149.4,,,0.4492,2.151,1.185,8.44,172.05,154.75,6.75,0.3124,1150.0,0.183,0.0,2950
  3103 Eger (1982 BB),APO,Y,N,15.3,1.5,0.64,5.7103,,,0.3542,1.404,0.907,20.93,129.73,254.1,181.12,0.5925,608.0,0.0786,0.0,8675
  3122 Florence (1981 ET3),AMO,Y,Y,14.08,4.9,0.231,2.3581,,,0.4232,1.769,1.02,22.14,336.04,27.88,168.26,0.4189,859.0,0.0436,0.0,10204
  3199 Nefertiti (1982 RA),AMO,Y,N,14.99,2.2,0.42,3.021,,,0.2841,1.575,1.127,32.96,339.97,53.44,278.49,0.4988,722.0,0.215,0.0,4141
  3200 Phaethon (1983 TB),APO,Y,Y,14.38,6.25,0.1066,3.604,,,0.8897,1.271,0.14,22.31,265.1,322.31,163.98,0.6875,524.0,0.0187,0.0,8543
  3288 Seleucus (1982 DV),AMO,Y,N,15.34,2.8,0.22,75.0,,,0.4545,2.034,1.11,5.93,218.58,349.4,16.88,0.3397,1060.0,0.105,0.0,2815
  3360 Syrinx (1981 VA),APO,Y,N,16.03,1.8,0.17,,,,0.7474,2.466,0.623,21.07,242.24,63.71,151.22,0.2545,1410.0,0.11,0.0,674
  3361 Orpheus (1982 HR),APO,Y,Y,19.5,0.3,0.357,3.5327,,,0.3232,1.21,0.819,2.65,188.44,302.65,320.55,0.7404,486.0,0.0146,0.0,3212
  3362 Khufu (1984 QA),ATE,Y,Y,18.52,0.7,0.21,,,,0.4685,0.9895,0.526,9.92,152.4,55.09,40.38,1.001,360.0,0.013,1.0,262
  3551 Verenia (1983 RD),AMO,Y,N,16.72,0.9,0.37,4.93,,,0.4868,2.093,1.074,9.51,173.77,193.3,333.3,0.3255,1110.0,0.0749,0.0,667
  3552 Don Quixote (1983 SA),AMO,Y,N,13.03,19.0,0.03,6.665,,,0.7073,4.27,1.25,31.05,349.97,316.49,308.26,0.1117,3220.0,0.342,0.0,1741
  3554 Amun (1986 EB),ATE,Y,N,15.91,3.341,0.074,2.53001,,,0.2806,0.974,0.701,23.36,358.6,359.41,276.71,1.025,351.0,0.25,0.0,1979
  3671 Dionysus (1984 KD),APO,Y,Y,16.5,1.5,0.16,2.7053,,,0.5438,2.197,1.002,13.53,82.02,204.43,252.1,0.3026,1190.0,0.015,0.0,1183
  3691 Bede (1982 FT),AMO,Y,N,14.93,4.3,0.515,226.8,,,0.2845,1.774,1.27,20.35,348.69,235.06,151.9,0.4171,863.0,0.35,0.0,8370
  3752 Camillo (1985 PA),APO,Y,N,15.14,2.306,0.21,37.846,,,0.3015,1.414,0.987,55.56,147.95,312.23,243.34,0.5864,614.0,0.0778,0.0,3246
  3753 Cruithne (1986 TO),ATE,Y,N,15.42,2.071,0.365,27.3099,,,0.5149,0.9978,0.484,19.8,126.19,43.88,344.36,0.9889,364.0,0.0703,0.0,1681
  3757 Anagolay (1982 XB),APO,Y,Y,19.01,0.5,0.18,9.012,,,0.4459,1.835,1.017,3.87,74.93,17.24,92.37,0.3967,908.0,0.0366,0.0,211
  3908 Nyx (1980 PA),AMO,Y,N,17.45,1.0,0.23,4.42601,,,0.459,1.928,1.043,2.19,261.19,126.66,312.97,0.3682,978.0,0.0567,0.0,1985
  3988 Huma (1986 LA),AMO,Y,N,17.94,0.7,,10.53,,,0.3167,1.545,1.055,10.77,229.78,86.96,161.68,0.5134,701.0,0.177,0.0,714
  4015 Wilson-Harrington (1979 VA),APO,Y,Y,16.19,4.0,0.05,3.5736,,,0.6309,2.626,0.969,2.8,266.72,95.52,274.4,0.2316,1550.0,0.043,0.0,1522
  4034 Vishnu (1986 PA),APO,Y,Y,18.5,0.42,0.52,44.4,,,0.444,1.059,0.589,11.17,157.86,296.7,261.95,0.9039,398.0,0.0191,0.0,1305
  4055 Magellan (1985 DO2),AMO,Y,N,14.9,2.49,0.31,7.475,,,0.326,1.82,1.227,23.25,164.81,154.38,67.87,0.4013,897.0,0.239,0.0,11574
  4179 Toutatis (1989 AC),APO,Y,Y,15.29,5.4,0.405,176.0,,,0.6247,2.543,0.954,0.45,125.37,277.86,76.89,0.243,1480.0,0.00651,0.0,7137
  4183 Cuno (1959 LM),APO,Y,Y,14.18,3.651,0.097,3.5595,,,0.6362,1.981,0.721,6.67,294.35,237.02,317.37,0.3535,1020.0,0.0284,0.0,5228
  4197 Morpheus (1982 TA),APO,Y,N,14.97,1.8,0.37,3.538,,,0.7725,2.295,0.522,12.6,6.98,122.58,110.47,0.2834,1270.0,0.0985,0.0,1212
  4341 Poseidon (1987 KF),APO,Y,N,16.08,3.177,0.054,6.262,,,0.6801,1.834,0.587,11.84,108.02,15.83,202.7,0.3968,907.0,0.194,0.0,936
  4401 Aditi (1985 TB),AMO,Y,N,16.12,1.801,0.343,6.67,,,0.5634,2.584,1.128,26.62,22.75,68.19,228.35,0.2373,1520.0,0.335,0.0,1320
  4486 Mithra (1987 SB),APO,Y,Y,15.62,1.849,0.297,67.5,,,0.66,2.206,0.75,3.03,82.18,169.26,276.29,0.3007,1200.0,0.0459,0.0,2070
  4544 Xanthus (1989 FB),APO,Y,N,17.39,1.3,,37.65,,,0.2501,1.042,0.781,14.14,23.94,333.84,5.14,0.9266,389.0,0.173,0.0,2939
  4660 Nereus (1982 DB),APO,Y,Y,18.75,0.33,0.55,15.1749,,,0.3588,1.485,0.952,1.45,313.11,159.54,49.82,0.5446,661.0,0.00416,0.0,4994
  4688 (1980 WF),AMO,Y,N,19.6,0.6,0.18,,,,0.5179,2.233,1.077,6.37,241.23,213.83,163.46,0.2954,1220.0,0.108,0.0,332
  4769 Castalia (1989 PB),APO,Y,Y,17.4,1.4,0.092,4.095,,,0.4832,1.063,0.549,8.89,325.5,121.45,323.77,0.8992,400.0,0.0203,0.0,690
  4954 Eric (1990 SQ),AMO,Y,N,12.55,10.8,0.176,12.056,,,0.4494,2.001,1.102,17.43,358.4,52.62,127.17,0.3481,1030.0,0.194,0.0,7543
  4957 Brucemurray (1990 XJ),AMO,Y,N,15.05,3.499,0.132,2.892,,,0.2188,1.565,1.223,35.01,254.88,97.46,351.78,0.5032,715.0,0.425,0.0,2654
  5143 Heracles (1991 VL),APO,Y,N,14.04,4.843,0.227,2.7063,,,0.7712,1.835,0.42,8.98,309.1,228.21,204.12,0.3966,908.0,0.0575,0.0,5208
  5332 Davidaguilar (1990 DA),AMO,Y,N,14.96,3.6,,5.803,,,0.4556,2.163,1.178,25.52,142.76,306.09,103.48,0.3097,1160.0,0.305,0.0,7432
  5370 Taranis (1986 RA),AMO,Y,N,15.23,3.6,0.037,,,,0.637,3.318,1.205,19.17,177.78,161.28,156.07,0.1631,2210.0,0.212,0.0,362
  5381 Sekhmet (1991 JY),ATE,Y,N,16.72,0.935,0.507,2.8233,,,0.2964,0.9474,0.667,48.97,58.53,37.43,266.62,1.069,337.0,0.111,0.0,1221
  5587 (1990 SB),AMO,Y,N,13.89,3.57,0.32,5.0522,,,0.5443,2.401,1.094,18.04,189.28,87.61,209.58,0.265,1360.0,0.31,0.0,5086
  5604 (1992 FE),ATE,Y,Y,17.36,0.55,0.48,5.3375,,,0.4065,0.93,0.552,4.7,311.94,82.77,349.65,1.099,328.0,0.0336,0.0,1531
  5645 (1990 SP),APO,Y,N,17.23,1.668,0.121,30.39,,,0.3873,1.355,0.83,13.51,45.7,48.28,54.55,0.6252,576.0,0.054,0.0,1722
  5646 (1990 TR),AMO,Y,N,15.51,4.3,0.223,3.1999,,,0.4358,2.144,1.21,7.91,14.07,335.82,80.51,0.3139,1150.0,0.211,0.0,2653
  5653 Camarillo (1992 WD5),AMO,Y,N,16.22,1.537,0.271,4.834,,,0.3044,1.794,1.248,6.87,9.88,122.65,227.98,0.4101,878.0,0.282,0.0,3929
  5731 Zeus (1988 VP4),APO,Y,N,15.47,5.231,0.031,,,,0.6524,2.265,0.787,11.2,280.59,218.44,281.87,0.2891,1250.0,0.0647,0.0,1604
  5751 Zao (1992 AC),AMO,Y,N,14.94,2.3,0.36,76.0,,,0.4253,2.101,1.208,16.07,121.63,25.44,23.79,0.3235,1110.0,0.24,0.0,2938
  5797 Bivoj (1980 AA),AMO,Y,N,18.89,0.4,,2.706,,,0.4443,1.894,1.052,4.19,298.91,168.66,220.58,0.3782,952.0,0.0698,0.0,458
  5828 (1991 AM),APO,Y,N,15.96,1.457,0.331,2.6666,,,0.6949,1.698,0.518,30.18,125.34,152.87,235.61,0.4453,808.0,0.399,0.0,1696
  5836 (1993 MF),AMO,Y,N,14.99,2.754,0.156,4.9543,,,0.5383,2.439,1.126,7.93,238.59,78.15,162.94,0.2588,1390.0,0.18,0.0,2386
  5863 Tara (1983 RB),AMO,Y,N,15.83,1.345,0.488,5.867,,,0.5073,2.221,1.094,19.51,168.68,115.72,285.95,0.2979,1210.0,0.231,0.0,2203
  6050 Miwablock (1992 AE),AMO,Y,N,14.94,2.884,0.257,5.7566,,,0.4372,2.202,1.239,6.41,88.15,285.0,153.91,0.3017,1190.0,0.268,0.0,3294
  6053 (1993 BW3),APO,Y,N,15.1,3.72,0.14,2.573,,,0.5284,2.147,1.013,21.58,318.22,74.95,207.37,0.3133,1150.0,0.222,0.0,3314
  6063 Jason (1984 KB),APO,Y,N,16.02,1.4,0.21,48.6,,,0.7625,2.22,0.527,4.96,169.01,337.63,219.06,0.298,1210.0,0.0763,0.0,1328
  6178 (1986 DA),AMO,Y,N,15.71,2.3,0.15,3.5002,,,0.5848,2.814,1.168,4.31,64.48,127.47,138.36,0.2088,1720.0,0.178,0.0,1375
  6455 (1992 HE),APO,Y,N,14.08,4.626,0.227,2.7361,,,0.5729,2.24,0.957,37.34,26.89,262.74,347.71,0.2939,1220.0,0.287,0.0,5449
  6489 Golevka (1991 JX),APO,Y,Y,19.22,0.53,0.151,6.026,,2.7,0.6188,2.477,0.944,2.26,208.71,69.53,252.42,0.2529,1420.0,0.0225,0.0,1017
  6611 (1993 VW),APO,Y,N,16.82,1.408,0.158,2.5568,,,0.4845,1.696,0.874,8.7,230.76,281.61,133.51,0.4463,807.0,0.0598,0.0,1939
  7025 (1993 QA),APO,Y,N,18.08,0.498,0.34,2.5057,,,0.315,1.476,1.011,12.61,146.59,323.48,234.62,0.5498,655.0,0.0622,0.0,963
  7088 Ishtar (1992 AA),AMO,Y,N,16.84,1.298,0.26,2.679,,,0.3903,1.981,1.208,8.3,102.61,354.78,53.18,0.3535,1020.0,0.224,0.0,1473
  7092 Cadmus (1992 LC),APO,Y,N,15.12,6.319,0.046,,,,0.6937,2.545,0.78,17.79,56.7,94.78,127.61,0.2427,1480.0,0.101,0.0,1458
  7335 (1989 JA),APO,Y,Y,17.7,1.8,0.448,2.58988,,,0.4845,1.773,0.914,15.16,61.26,232.34,156.19,0.4176,862.0,0.0215,0.0,2578
  7341 (1991 VK),APO,Y,Y,16.96,0.982,0.235,4.2096,,,0.5061,1.842,0.91,5.41,294.72,173.51,195.6,0.3944,913.0,0.0481,0.0,2390
  7350 (1993 VA),APO,Y,N,17.16,1.921,0.069,3.58264,,,0.3912,1.356,0.826,7.26,133.04,336.71,73.44,0.6242,577.0,0.0811,0.0,2092
  7482 (1994 PC1),APO,Y,Y,16.58,1.052,0.277,2.5999,,,0.3294,1.349,0.904,33.47,117.85,47.49,138.26,0.6292,572.0,0.000726,0.0,2081
  7822 (1991 CS),APO,Y,Y,17.34,1.602,0.075,2.3896,,,0.1646,1.123,0.938,37.12,156.84,249.46,153.76,0.8285,434.0,0.0216,0.0,3809
  7839 (1994 ND),AMO,Y,N,17.83,0.784,0.181,,,,0.5186,2.165,1.042,27.12,102.5,228.3,291.79,0.3094,1160.0,0.135,0.0,202
  7888 (1993 UC),APO,Y,N,15.19,2.298,0.257,2.337,,,0.6632,2.439,0.821,26.08,165.87,323.04,127.65,0.2588,1390.0,0.0869,0.0,1430
  7889 (1994 LX),APO,Y,N,15.24,1.68,0.452,2.741,,,0.3463,1.262,0.825,36.91,111.26,349.2,255.3,0.6956,518.0,0.155,0.0,6483
  8013 Gordonmoore (1990 KA),AMO,Y,N,17.09,2.3,,8.4,,,0.4321,2.2,1.249,7.6,105.34,147.4,311.25,0.3021,1190.0,0.244,0.0,920
  8014 (1990 MF),APO,Y,Y,18.88,0.7,,50.09,,,0.456,1.748,0.951,1.87,209.82,114.77,102.14,0.4266,844.0,0.0168,0.0,1297
  8201 (1994 AH2),APO,Y,N,15.93,1.859,0.154,23.949,,,0.7061,2.54,0.746,9.54,164.08,25.11,297.03,0.2435,1480.0,0.101,0.0,1010
  8566 (1996 EN),APO,Y,Y,16.47,1.568,0.217,4.845,,,0.4304,1.506,0.858,37.98,164.09,125.16,303.34,0.5331,675.0,0.0226,0.0,3649
  8567 (1996 HW1),AMO,Y,N,15.36,2.928,0.156,8.7573,,,0.4491,2.046,1.127,8.45,177.09,177.28,314.32,0.3369,1070.0,0.122,0.0,5530
  9162 Kwiila (1987 OA),APO,Y,N,18.01,1.127,0.088,15.13,,,0.5955,1.497,0.605,9.01,179.98,235.85,292.6,0.5383,669.0,0.0806,0.0,786
  9202 (1993 PB),APO,Y,N,16.1,1.617,0.332,,,,0.6078,1.424,0.558,40.8,315.89,212.36,97.11,0.5801,621.0,0.374,0.0,2216
  9400 (1994 TW1),AMO,Y,N,14.84,3.698,0.155,97.1,,,0.5807,2.588,1.085,35.98,3.35,62.17,145.88,0.2367,1520.0,0.285,0.0,2285
  9856 (1991 EE),APO,Y,Y,17.09,1.0,0.3,3.045,,,0.6258,2.243,0.839,9.83,168.1,116.2,72.0,0.2934,1230.0,0.0222,0.0,1365
 10115 (1992 SK),APO,Y,Y,17.14,0.938,0.318,7.319,,,0.3249,1.249,0.843,15.32,8.87,233.74,7.08,0.7064,510.0,0.0464,0.0,2899
 10165 (1995 BL2),APO,Y,N,17.36,0.829,0.372,,,,0.5039,1.235,0.613,23.9,312.42,348.47,19.09,0.7185,501.0,0.376,0.0,1384
 10636 (1998 QK56),APO,Y,N,17.7,0.533,0.645,9.876,,,0.5128,1.885,0.918,13.57,172.92,286.34,151.61,0.3809,945.0,0.11,0.0,877
 11066 Sigurd (1992 CC1),APO,Y,N,15.17,2.104,0.19,8.4958,,,0.3754,1.392,0.869,36.88,349.22,22.02,315.33,0.6004,600.0,0.119,0.0,2680
 11398 (1998 YP11),AMO,Y,N,16.36,1.316,0.318,38.6,,,0.3891,1.721,1.051,15.02,144.71,74.77,281.68,0.4365,825.0,0.202,0.0,4796
 11405 (1999 CV3),APO,Y,N,15.22,3.621,0.112,6.504,,,0.3938,1.46,0.885,22.86,141.22,96.45,17.42,0.559,644.0,0.117,0.0,7282
 11500 Tomaiyowit (1989 UR),APO,Y,Y,18.38,0.738,0.142,73.0,,,0.3558,1.08,0.696,10.31,234.38,289.52,314.93,0.8783,410.0,0.0344,0.0,1235
 11885 Summanus (1990 SS),APO,Y,N,18.52,1.298,0.033,7.368,,,0.4745,1.703,0.895,19.43,359.76,116.23,236.65,0.4434,812.0,0.0664,0.0,397
 12538 (1998 OH),APO,Y,Y,15.96,1.663,0.232,2.575,,,0.4059,1.542,0.916,24.54,220.69,321.79,163.01,0.5149,699.0,0.0302,0.0,11576
 12923 Zephyr (1999 GK4),APO,Y,Y,15.8,2.06,0.199,3.893,,,0.4927,1.962,0.995,5.31,168.08,147.21,194.88,0.3586,1000.0,0.02,0.0,3008
 13651 (1997 BR),APO,Y,Y,17.87,0.562,0.511,33.644,,,0.3057,1.336,0.927,17.25,116.63,133.85,158.08,0.6386,564.0,0.0156,0.0,1174
 14402 (1991 DB),AMO,Y,N,18.77,0.6,0.14,2.261,,,0.4017,1.715,1.026,11.41,158.14,51.53,141.06,0.4389,820.0,0.102,0.0,693
 14827 Hypnos (1986 JK),APO,Y,Y,18.81,0.9,,,,,0.6643,2.851,0.957,1.97,57.73,238.64,103.4,0.2048,1760.0,0.0158,0.0,378
 16064 Davidharvey (1999 RH27),AMO,Y,N,16.86,4.106,0.02,178.5,,,0.5893,2.851,1.171,4.54,335.53,104.81,125.86,0.2048,1760.0,0.203,0.0,1054
 16834 (1997 WU22),APO,Y,N,15.75,1.87,0.22,9.345,,,0.4422,1.468,0.819,16.0,260.75,334.4,109.14,0.5542,650.0,0.147,0.0,4979
 17182 (1999 VU),APO,Y,N,17.13,2.885,0.028,6.61,,,0.5534,1.387,0.619,9.27,333.48,203.22,267.06,0.6034,597.0,0.144,0.0,1589
 17188 (1999 WC2),APO,Y,N,16.42,1.819,0.147,5.0638,,,0.6367,2.216,0.805,29.45,269.76,287.22,292.04,0.2987,1210.0,0.0632,0.0,817
 17274 (2000 LC16),AMO,Y,N,16.87,3.183,0.037,16.495,,,0.5541,2.731,1.218,5.57,305.7,21.32,216.83,0.2184,1650.0,0.207,0.0,1930
 19356 (1997 GH3),AMO,Y,N,17.0,0.91,0.34,6.714,,,0.5578,2.512,1.111,3.01,186.46,334.14,93.24,0.2475,1450.0,0.121,0.0,575
 19764 (2000 NF5),AMO,Y,N,16.11,1.572,0.342,59.263,,,0.4447,2.233,1.24,1.33,281.38,9.87,224.5,0.2955,1220.0,0.222,0.0,3231
 20460 Robwhiteley (1999 LO28),AMO,Y,N,15.41,2.716,0.199,2.7209,,,0.4118,1.877,1.104,33.95,279.99,283.74,136.82,0.3834,939.0,0.329,0.0,5537
 20826 (2000 UV13),APO,Y,N,13.85,3.687,0.123,5.313,,,0.6365,2.418,0.879,31.93,347.29,198.69,198.24,0.2622,1370.0,0.093,0.0,3786
 21088 Chelyabinsk (1992 BL2),AMO,Y,N,14.34,2.793,0.206,11.23,,,0.2387,1.706,1.299,38.46,297.83,27.2,205.19,0.4422,814.0,0.306,0.0,8059
 22099 (2000 EX106),APO,Y,N,18.09,0.524,0.444,6.334,,,0.2763,1.104,0.799,9.85,136.43,186.57,299.82,0.8491,424.0,0.168,0.0,2345
 23183 (2000 OY21),AMO,Y,N,16.05,1.098,0.64,6.9809,,,0.4009,1.824,1.093,40.98,119.63,301.49,39.12,0.4001,900.0,0.256,0.0,1505
 23606 (1996 AS1),AMO,Y,N,18.39,0.866,0.123,,,,0.3609,1.751,1.119,14.36,296.6,357.66,160.53,0.4255,846.0,0.101,0.0,762
 25143 Itokawa (1998 SF36),APO,Y,Y,19.26,0.33,,12.132,2.1e-09,1.9,0.2802,1.324,0.953,1.62,69.08,162.85,41.26,0.6469,557.0,0.0133,0.0,1025
 25330 (1999 KV4),APO,Y,N,16.75,3.21,0.052,4.919,,,0.3709,1.541,0.969,14.33,50.51,86.1,335.29,0.5154,698.0,0.173,0.0,3837
 25916 (2001 CP44),AMO,Y,N,13.76,5.683,0.177,4.6021,,,0.4998,2.558,1.279,15.76,94.64,199.7,282.57,0.2409,1490.0,0.273,0.0,4605
 26760 (2001 KP41),AMO,Y,N,15.5,5.4,0.042,5.3,,,0.557,2.854,1.264,11.01,146.25,155.14,10.99,0.2044,1760.0,0.26,0.0,2232
 26817 (1987 QB),AMO,Y,N,19.49,1.172,0.027,,,,0.5937,2.806,1.14,3.5,153.16,156.61,60.88,0.2097,1720.0,0.127,0.0,108
 27346 (2000 DN8),AMO,Y,N,15.88,1.802,0.256,0.068,,,0.399,1.875,1.127,36.95,135.18,269.29,88.67,0.3839,938.0,0.443,0.0,1507
 29075 (1950 DA),APO,Y,Y,17.28,1.3,0.07,2.1216,,,0.5075,1.699,0.837,12.15,356.54,224.83,41.32,0.4452,809.0,0.0398,0.0,1177
 33342 (1998 WT24),ATE,Y,Y,18.02,0.432,0.654,3.697,,,0.4177,0.7187,0.419,7.37,81.66,167.52,314.57,1.618,223.0,0.0105,0.0,1983
 35107 (1991 VH),APO,Y,Y,16.85,0.929,0.408,2.6236,,,0.1437,1.137,0.973,13.92,139.31,207.03,65.64,0.8134,443.0,0.0271,0.0,6211
 35396 (1997 XF11),APO,Y,Y,17.01,0.704,0.772,3.259,,,0.4838,1.442,0.745,4.1,213.63,103.07,139.72,0.569,633.0,0.000331,0.0,2670
 36183 (1999 TX16),AMO,Y,N,16.3,2.339,0.089,5.613,,,0.3323,1.551,1.036,38.22,54.64,311.21,212.53,0.5101,706.0,0.135,0.0,1863
 38086 Beowulf (1999 JB),APO,Y,N,17.35,0.643,0.469,2.4104,,,0.5662,1.42,0.616,23.67,165.31,178.96,189.78,0.5824,618.0,0.385,0.0,1237
 38091 (1999 JT3),AMO,Y,N,16.31,2.517,0.092,,,,0.4011,2.17,1.299,9.33,64.82,225.02,69.97,0.3084,1170.0,0.306,0.0,1344
 39572 (1993 DQ1),AMO,Y,Y,16.56,1.554,0.184,,,,0.4928,2.036,1.033,10.03,313.5,344.84,341.52,0.3392,1060.0,0.0263,0.0,895
 39796 (1997 TD),AMO,Y,N,15.68,2.131,0.205,223.5,,,0.4683,2.251,1.197,12.93,158.86,171.09,126.83,0.2918,1230.0,0.188,0.0,2317
 40263 (1999 FQ5),AMO,Y,N,17.75,0.954,0.177,28.0,,,0.161,1.495,1.254,25.84,172.8,198.72,7.53,0.5393,668.0,0.257,0.0,1120
 40267 (1999 GJ4),APO,Y,N,15.54,1.641,0.214,4.9567,,,0.8084,1.339,0.257,34.48,148.2,211.95,291.0,0.6363,566.0,0.156,0.0,3897
 41429 (2000 GE2),APO,Y,Y,20.66,0.204,0.267,,,,0.5556,1.593,0.708,2.17,351.79,297.37,238.87,0.4903,734.0,0.0111,0.0,444
 48603 (1995 BC2),AMO,Y,N,17.82,0.844,0.227,,,,0.4297,1.918,1.094,5.02,328.21,81.84,251.28,0.371,970.0,0.137,0.0,562
 52387 Huitzilopochtli (1993 OM7),AMO,Y,N,17.75,0.89,0.171,26.0,,,0.1897,1.282,1.039,24.15,297.56,195.56,255.97,0.679,530.0,0.0604,0.0,1745
 52750 (1998 KK17),APO,Y,N,16.67,1.059,0.471,26.43,,,0.5249,1.427,0.678,11.17,141.31,334.16,98.23,0.5783,623.0,0.163,0.0,2420
 52760 (1998 ML14),APO,Y,Y,17.52,1.0,,14.28,,,0.6236,2.409,0.907,2.43,338.65,20.36,92.55,0.2637,1370.0,0.017,0.0,708
 52762 (1998 MT24),APO,Y,N,14.82,6.742,0.051,12.08,,,0.6532,2.416,0.838,33.87,308.95,254.51,134.2,0.2625,1370.0,0.137,0.0,1324
 52768 (1998 OR2),APO,Y,Y,16.02,1.75,,4.112,,,0.5757,2.379,1.01,5.88,26.93,174.57,188.66,0.2685,1340.0,0.00584,0.0,6120
 53319 (1999 JM8),APO,Y,Y,15.35,7.0,,143.7,,,0.6415,2.724,0.976,13.84,133.63,166.79,316.53,0.2192,1640.0,0.0262,0.0,1611
 53430 (1999 TY16),AMO,Y,N,16.66,1.233,0.266,9.5819,,,0.4032,2.099,1.253,60.41,241.92,156.97,219.87,0.3241,1110.0,0.291,0.0,964
 53789 (2000 ED104),APO,Y,Y,17.35,0.843,0.222,43.0,,,0.2692,1.371,1.002,40.78,190.02,218.36,122.59,0.6143,586.0,0.0478,0.0,1198
 54401 (2000 LM),AMO,Y,N,17.22,1.189,0.181,19.03,,,0.2623,1.711,1.262,18.95,240.84,67.09,113.22,0.4404,817.0,0.354,0.0,1218
 54686 (2001 DU8),AMO,Y,N,16.61,1.349,0.244,9.958,,,0.3418,1.777,1.17,33.21,161.68,265.93,213.83,0.4161,865.0,0.434,0.0,1444
 54789 (2001 MZ7),AMO,Y,N,15.07,1.567,0.856,37.57,,,0.2874,1.776,1.266,24.47,130.05,20.05,231.99,0.4164,864.0,0.292,0.0,9923
 55408 (2001 TC2),APO,Y,N,18.88,0.461,0.342,,,,0.2246,1.1,0.853,30.39,193.82,353.55,188.25,0.8544,421.0,0.147,0.0,560
 55532 (2001 WG2),APO,Y,N,16.16,1.306,0.376,46.08,,,0.6952,1.795,0.547,38.54,81.41,132.37,298.34,0.4099,878.0,0.339,0.0,1350
 65679 (1989 UQ),ATE,Y,Y,19.62,0.918,0.033,7.746,,,0.2645,0.9148,0.673,1.3,178.05,15.0,286.53,1.126,320.0,0.014,0.0,1164
 65803 Didymos (1996 GT),APO,Y,Y,18.11,0.78,,2.2593,,2.17,0.3832,1.643,1.013,3.41,72.98,319.59,167.22,0.4682,769.0,0.0397,0.0,1869
 66008 (1998 QH2),APO,Y,N,15.93,1.484,0.319,7.09,,,0.3627,1.426,0.909,61.01,168.92,14.0,141.74,0.5787,622.0,0.0776,0.0,1950
 66146 (1998 TU3),ATE,Y,N,14.36,2.864,0.224,2.375,,,0.4837,0.7875,0.407,5.42,101.88,84.99,74.77,1.41,255.0,0.0738,0.0,2384
 66251 (1999 GJ2),AMO,Y,N,17.0,1.222,0.187,2.4629,,,0.1981,1.536,1.231,11.28,196.17,142.55,232.35,0.518,695.0,0.247,0.0,3907
 66272 (1999 JW6),AMO,Y,N,17.22,0.808,0.4,502.0,,,0.1433,1.508,1.291,51.31,66.38,68.43,196.33,0.5325,676.0,0.409,0.0,1221
 66391 Moshup (1999 KW4),ATE,Y,Y,16.64,1.317,,2.7645,,1.974,0.6884,0.6424,0.2,38.88,244.9,192.65,342.6,1.914,188.0,0.0119,0.0,3871
 66400 (1999 LT7),ATE,Y,N,19.27,0.411,0.182,,,,0.5725,0.8554,0.366,9.06,79.79,341.42,25.62,1.246,289.0,0.0589,0.0,835
 68063 (2000 YJ66),AMO,Y,N,15.57,2.301,0.211,3.1592,,,0.4577,2.334,1.266,5.72,308.81,50.42,58.75,0.2764,1300.0,0.274,0.0,3492
 68216 (2001 CV26),APO,Y,Y,16.57,0.994,0.449,2.429,,,0.3267,1.32,0.889,17.99,18.13,48.76,201.77,0.6499,554.0,0.0242,0.0,3052
 68267 (2001 EA16),APO,Y,N,17.01,0.875,0.401,3.5,,,0.4273,1.51,0.865,38.82,8.0,317.42,15.8,0.5313,678.0,0.059,0.0,794
 68278 (2001 FC7),AMO,Y,N,18.47,0.942,0.087,3.4523,,,0.1143,1.436,1.272,2.62,99.04,234.53,337.19,0.5728,628.0,0.263,0.0,1829
 68346 (2001 KZ66),APO,Y,Y,16.92,0.736,0.291,4.987,,,0.4165,1.507,0.88,16.7,219.37,140.28,346.82,0.5325,676.0,0.0385,0.0,1249
 68348 (2001 LO7),APO,Y,N,14.27,3.512,0.299,3.3313,,,0.8409,2.155,0.343,25.36,236.23,181.67,177.38,0.3115,1160.0,0.386,0.0,1609
 68350 (2001 MK3),AMO,Y,N,16.11,1.794,0.219,3.21082,,,0.2475,1.67,1.256,29.57,128.83,328.58,311.25,0.4568,788.0,0.302,0.0,7565
 68548 (2001 XR31),APO,Y,Y,16.57,1.182,0.289,,,,0.4367,1.707,0.962,22.71,302.02,24.7,3.28,0.4419,815.0,0.0265,0.0,1389
 68950 (2002 QF15),APO,Y,Y,16.39,1.65,0.178,45.24,,,0.3443,1.057,0.693,25.15,236.2,255.57,57.35,0.907,397.0,0.00477,0.0,2931
 85182 (1991 AQ),APO,Y,Y,17.13,1.1,0.242,,,,0.7776,2.22,0.494,3.12,339.38,243.25,178.5,0.2979,1210.0,0.016,0.0,750
 85275 (1994 LY),AMO,Y,N,16.49,2.506,0.093,2.6967,,,0.4419,1.891,1.055,17.71,141.13,202.86,359.57,0.379,950.0,0.0637,0.0,10201
 85628 (1998 KV2),AMO,Y,N,17.28,0.775,0.461,2.8228,,,0.3316,1.592,1.064,13.03,66.73,50.6,338.19,0.4906,734.0,0.143,0.0,4579
 85709 (1998 SG36),AMO,Y,N,15.93,2.23,0.141,3.573,,,0.3376,1.646,1.09,24.83,186.55,29.83,88.68,0.4667,771.0,0.122,0.0,5998
 85713 (1998 SS49),APO,Y,Y,15.77,3.484,0.076,2.258,,,0.6388,1.923,0.695,10.79,40.95,103.13,27.39,0.3695,974.0,0.00504,0.0,1497
 85774 (1998 UT18),APO,Y,Y,19.09,0.939,0.042,55.0,,,0.3289,1.403,0.941,13.59,64.62,50.16,55.93,0.5932,607.0,0.0358,0.0,900
 85804 (1998 WQ5),AMO,Y,N,15.36,2.272,0.167,2.6761,,,0.3544,1.721,1.111,27.66,285.68,269.84,245.9,0.4365,825.0,0.371,0.0,4087
 85818 (1998 XM4),APO,Y,N,15.42,2.028,0.168,19.451,,,0.416,1.657,0.967,62.72,235.64,301.22,131.4,0.4622,779.0,0.108,0.0,1701
 85839 (1998 YO4),AMO,Y,N,16.58,1.14,0.405,2.45,,,0.2481,1.653,1.243,9.32,28.5,199.69,97.04,0.4636,777.0,0.239,0.0,2886
 85953 (1999 FK21),ATE,Y,N,18.1,0.59,0.32,28.08,,,0.703,0.7389,0.219,12.6,180.43,172.43,258.98,1.552,232.0,0.0706,0.0,2135
 85989 (1999 JD6),ATE,Y,Y,17.07,1.462,0.056,7.6638,,,0.6329,0.8831,0.324,17.07,130.14,309.26,93.5,1.188,303.0,0.0483,0.0,3850
 85990 (1999 JV6),APO,Y,Y,20.27,0.451,0.095,6.538,,,0.3115,1.009,0.695,5.36,124.2,235.71,341.16,0.9723,370.0,0.0313,0.0,1203
 86039 (1999 NC43),APO,Y,Y,15.95,2.22,0.14,122.2,,,0.5789,1.76,0.741,7.13,311.62,120.82,26.21,0.4222,853.0,0.025,0.0,1815
 86067 (1999 RM28),AMO,Y,N,16.45,1.245,0.314,9.196,,,0.3234,1.817,1.229,30.55,136.03,301.89,193.92,0.4023,895.0,0.364,0.0,1493
 86324 (1999 WA2),AMO,Y,N,15.83,2.102,0.191,7.161,,,0.4345,1.966,1.112,34.61,293.64,75.31,203.78,0.3574,1010.0,0.341,0.0,3557
 86326 (1999 WK13),AMO,Y,N,17.35,1.348,0.098,6.36,,,0.3627,1.844,1.175,34.31,78.44,312.59,147.42,0.3935,915.0,0.279,0.0,1143
 86666 (2000 FL10),APO,Y,N,16.88,1.165,0.228,206.0,,,0.427,1.463,0.838,29.01,186.9,258.89,223.95,0.5569,646.0,0.0815,0.0,2114
 86667 (2000 FO10),ATE,Y,N,17.54,0.745,0.349,53.756,,,0.5946,0.8594,0.348,14.29,208.3,172.49,229.06,1.237,291.0,0.133,0.0,2444
 86819 (2000 GK137),APO,Y,Y,17.48,0.802,0.301,3.0239,,,0.5059,1.996,0.986,10.06,164.87,150.28,352.36,0.3496,1030.0,0.0163,0.0,864
 86829 (2000 GR146),APO,Y,N,15.81,1.823,0.232,3.0996,,,0.575,1.463,0.622,14.37,78.46,31.43,216.22,0.5571,646.0,0.203,0.0,2093
 87309 (2000 QP),ATE,Y,N,17.59,0.568,0.499,2.1651,,,0.4632,0.8475,0.455,34.74,294.27,188.17,14.58,1.263,285.0,0.201,0.0,1157
 87311 (2000 QJ1),APO,Y,N,16.5,1.948,0.142,,,,0.5121,1.59,0.776,7.7,191.41,343.51,329.27,0.4915,733.0,0.109,0.0,2530
 88188 (2000 XH44),AMO,Y,N,16.08,1.371,0.374,2.6906,,,0.3913,2.008,1.222,11.34,340.12,195.36,221.34,0.3464,1040.0,0.232,0.0,3659
 88213 (2001 AF2),ATE,Y,N,19.48,0.912,0.028,,,,0.5953,0.9539,0.386,17.81,114.25,194.99,17.42,1.058,340.0,0.172,0.0,364
 88254 (2001 FM129),APO,Y,Y,17.77,0.8,0.252,38.56,,,0.6295,1.182,0.438,1.52,272.11,140.24,113.21,0.7666,470.0,0.01,0.0,921
 88263 (2001 KQ1),AMO,Y,N,15.69,5.748,0.037,13.17,,,0.4326,2.097,1.19,38.79,232.82,241.58,89.7,0.3246,1110.0,0.375,0.0,2519
 88710 (2001 SL9),APO,Y,N,17.61,0.76,0.281,2.4004,,,0.2701,1.061,0.775,21.9,202.82,329.36,243.84,0.9013,399.0,0.199,0.0,2319
 89355 (2001 VS78),AMO,Y,N,15.8,2.038,0.246,40.553,,,0.3083,1.787,1.236,22.66,103.03,85.0,329.87,0.4126,873.0,0.444,0.0,3510
 89830 (2002 CE),AMO,Y,Y,14.98,5.067,0.079,2.6149,,,0.507,2.078,1.024,43.64,19.89,5.85,24.89,0.3291,1090.0,0.0281,0.0,3626
 89959 (2002 NT7),APO,Y,Y,16.55,1.407,0.224,5.527,,,0.5284,1.735,0.818,42.36,132.0,300.72,19.05,0.4312,835.0,0.00088,0.0,1954
 90075 (2002 VU94),APO,Y,Y,15.38,2.233,0.294,7.879,,,0.5742,2.138,0.91,8.86,226.5,31.14,254.07,0.3153,1140.0,0.0272,0.0,3624
 90367 (2003 LC5),APO,Y,N,17.92,1.748,0.048,39.0,,,0.4262,1.156,0.663,16.88,86.82,313.85,289.53,0.7935,454.0,0.151,0.0,1758
 90403 (2003 YE45),APO,Y,Y,17.78,0.572,0.493,505.0,,,0.28,1.234,0.889,19.01,286.22,306.84,268.53,0.7186,501.0,0.0377,0.0,2216
 90416 (2003 YK118),APO,Y,Y,18.83,0.968,0.062,43.58,,,0.4922,1.695,0.861,7.83,326.75,233.27,295.82,0.4466,806.0,0.00149,0.0,799
 96189 Pygmalion (1991 NT3),AMO,Y,N,16.48,3.605,0.041,,,,0.307,1.821,1.262,14.0,287.17,293.24,35.23,0.4012,897.0,0.332,0.0,1548
 96590 (1998 XB),ATE,Y,N,16.28,0.882,0.489,520.0,,,0.3512,0.9079,0.589,13.6,75.68,202.72,253.63,1.139,316.0,0.114,0.0,3847
 99248 (2001 KY66),APO,Y,Y,16.54,1.115,0.429,19.7,,,0.5077,1.866,0.919,10.61,284.11,61.55,154.35,0.3865,931.0,0.0464,0.0,3603
 99907 (1989 VA),ATE,Y,N,17.96,1.4,,2.5246,,,0.5947,0.7284,0.295,28.8,225.58,2.87,155.84,1.586,227.0,0.155,0.0,1591
 99942 Apophis (2004 MN4),ATE,Y,Y,19.09,0.34,0.35,30.56,,,0.1912,0.9224,0.746,3.34,203.9,126.67,312.81,1.113,324.0,0.000361,0.0,7370
100004 (1983 VA),APO,Y,N,16.43,2.7,0.0668,3.1643,,,0.7027,2.59,0.77,15.7,76.29,13.75,347.84,0.2365,1520.0,0.174,0.0,1351
100756 (1998 FM5),APO,Y,N,16.34,1.809,0.163,6.369,,,0.5546,2.265,1.009,11.57,176.5,312.06,48.9,0.2892,1240.0,0.093,0.0,1686
100926 (1998 MQ),AMO,Y,N,16.63,1.174,0.234,2.328,,,0.4075,1.783,1.056,24.24,221.07,138.81,135.12,0.4141,869.0,0.129,0.0,1819
101955 Bennu (1999 RQ36),APO,Y,Y,20.21,0.48444,0.044,4.296061,4.8904e-09,1.194,0.2037,1.126,0.897,6.03,2.06,66.22,101.7,0.8245,437.0,0.00322,0.0,554
103067 (1999 XA143),APO,Y,Y,16.8,1.282,0.246,9.849,,,0.5812,1.843,0.772,38.57,116.51,104.1,86.81,0.3938,914.0,0.0403,0.0,1694
105140 (2000 NL10),ATE,Y,N,15.75,1.946,0.223,6.9269,,,0.8169,0.9143,0.167,32.54,237.28,281.68,126.8,1.127,319.0,0.356,0.0,3306
105141 (2000 NF11),AMO,Y,N,19.09,0.352,0.431,,,,0.189,1.421,1.152,14.83,123.7,116.0,35.67,0.5819,619.0,0.212,0.0,516
108519 (2001 LF),AMO,Y,N,17.94,1.423,0.06,4.495,,,0.271,1.604,1.169,16.4,267.25,343.93,29.48,0.4854,742.0,0.159,0.0,1083
111253 (2001 XU10),APO,Y,Y,15.24,3.006,0.178,,,,0.4398,1.753,0.982,42.04,310.14,6.97,231.99,0.4245,848.0,0.0314,0.0,2356
112985 (2002 RS28),AMO,Y,N,15.77,3.618,0.033,4.787,,,0.4922,2.22,1.128,46.99,211.96,105.29,30.89,0.2979,1210.0,0.414,0.0,3031
136564 (1977 VA),AMO,Y,N,19.28,0.4,,,,,0.3942,1.866,1.13,2.98,224.45,172.68,310.87,0.3868,931.0,0.137,0.0,300
136874 (1998 FH74),APO,Y,N,15.74,3.398,0.073,28.55,,,0.884,2.202,0.255,21.14,197.53,193.41,215.32,0.3015,1190.0,0.236,0.0,1525
137032 (1998 UO1),APO,Y,N,16.66,1.055,0.183,2.925,,,0.7634,1.596,0.378,25.47,358.31,252.6,206.04,0.489,736.0,0.0596,0.0,1575
137062 (1998 WM),APO,Y,N,16.76,1.265,0.411,2.58,,,0.3153,1.225,0.838,22.52,45.62,172.58,201.77,0.7273,495.0,0.17,0.0,5442
137084 (1998 XS16),APO,Y,N,16.47,1.228,0.322,5.419,,,0.4966,1.212,0.61,26.56,272.98,358.34,253.9,0.7385,488.0,0.408,0.0,3167
137099 (1998 YW3),APO,Y,N,18.29,0.564,0.291,,,,0.4628,1.1,0.591,28.79,94.26,194.86,270.77,0.8542,421.0,0.388,0.0,633
137805 (1999 YK5),ATE,Y,N,16.72,2.243,0.027,3.93,,,0.5583,0.8294,0.366,16.75,349.51,292.88,252.59,1.305,276.0,0.114,0.0,2247
137924 (2000 BD19),ATE,Y,N,17.5,0.97,0.247,10.57,,,0.895,0.8764,0.092,25.75,333.67,324.37,333.2,1.201,300.0,0.0904,0.0,1293
137925 (2000 BJ19),APO,Y,N,16.06,1.372,0.373,48.0,,,0.7638,1.292,0.305,31.12,131.22,175.52,54.92,0.6713,536.0,0.39,0.0,3100
138013 (2000 CN101),APO,Y,N,14.7,3.518,0.172,,,,0.6348,1.598,0.584,15.98,183.3,118.76,140.95,0.4878,738.0,0.108,0.0,1593
138127 (2000 EE14),ATE,Y,Y,17.11,0.754,0.449,2.586,,,0.5331,0.6618,0.309,26.46,155.75,197.85,88.53,1.831,197.0,0.0239,0.0,1125
138359 (2000 GX127),APO,Y,N,17.97,1.085,0.095,3.685,,,0.3613,1.141,0.729,20.24,43.98,4.75,148.8,0.8081,445.0,0.262,0.0,860
138847 (2000 VE62),AMO,Y,N,17.07,0.965,0.396,7.6,,,0.2877,1.619,1.153,22.18,207.09,16.34,236.96,0.4784,752.0,0.155,0.0,2580
138883 (2000 YL29),APO,Y,N,16.84,1.222,0.247,10.592,,,0.344,1.536,1.008,21.89,182.72,115.93,211.81,0.5177,695.0,0.138,0.0,1691
138947 (2001 BA40),APO,Y,N,18.82,0.447,0.292,,,,0.2537,1.119,0.835,12.85,270.86,0.09,230.87,0.8327,432.0,0.183,0.0,535
139056 (2001 FY),AMO,Y,N,19.18,0.32,0.52,5.207,,,0.328,1.885,1.267,4.73,111.15,110.65,171.7,0.3807,946.0,0.271,0.0,293
139289 (2001 KR1),APO,Y,N,17.8,1.126,0.127,11.3,,,0.8412,1.26,0.2,23.26,102.7,291.49,66.98,0.6972,516.0,0.179,0.0,886
139345 (2001 KA67),APO,Y,N,16.74,2.586,0.038,44.25,,,0.7019,1.805,0.538,22.28,108.34,38.0,55.76,0.4064,886.0,0.262,0.0,1067
140158 (2001 SX169),APO,Y,Y,18.48,0.566,0.289,3.143,,,0.4609,1.347,0.726,2.52,126.78,42.72,346.51,0.6302,571.0,0.0261,0.0,929
140288 (2001 SN289),APO,Y,Y,16.73,1.263,0.231,6.58,,,0.5082,1.784,0.877,53.19,357.06,225.63,149.86,0.4136,870.0,0.0189,0.0,535
141432 (2002 CQ11),ATE,Y,Y,20.06,0.239,0.34,2.605,,,0.4275,0.9762,0.559,2.47,81.34,272.64,290.45,1.022,352.0,0.0197,0.0,472
141484 (2002 DB4),ATE,Y,N,16.26,1.034,0.455,,,,0.3695,0.8579,0.541,16.6,234.22,94.16,55.55,1.24,290.0,0.154,0.0,1569
141531 (2002 GB),ATE,Y,N,19.15,0.303,0.482,73.0,,,0.529,0.9921,0.467,22.55,40.8,8.33,40.9,0.9974,361.0,0.28,0.0,890
142040 (2002 QE15),AMO,Y,N,16.25,1.232,0.353,3.853,,,0.3444,1.667,1.093,28.25,226.38,160.54,257.41,0.4579,786.0,0.116,0.0,2560
142464 (2002 TC9),AMO,Y,N,18.34,0.886,0.118,5.131,,,0.1548,1.234,1.043,16.28,191.81,29.34,112.09,0.7191,501.0,0.058,0.0,4558
142563 (2002 TR69),AMO,Y,N,17.21,0.86,0.378,,,,0.3437,1.66,1.089,20.49,341.95,192.29,148.67,0.4609,781.0,0.102,0.0,724
142781 (2002 UM11),AMO,Y,N,16.14,1.595,0.252,6.81,,,0.3878,1.951,1.194,41.02,228.97,229.05,124.85,0.3616,995.0,0.311,0.0,1449
143624 (2003 HM16),APO,Y,N,15.91,2.137,0.169,32.1,,,0.5774,1.967,0.831,35.54,195.83,47.2,45.48,0.3574,1010.0,0.0529,0.0,1621
144901 (2004 WG1),APO,Y,N,17.54,2.24,0.038,8.06,,,0.5219,1.64,0.784,13.04,41.98,232.49,98.81,0.4693,767.0,0.0562,0.0,724
152558 (1990 SA),AMO,Y,N,16.86,1.4,0.146,8.147,,,0.4413,2.014,1.125,38.14,172.14,115.14,138.19,0.3449,1040.0,0.308,0.0,570
152563 (1992 BF),ATE,Y,N,19.71,0.272,0.287,32.0,,,0.2717,0.9079,0.661,7.25,315.19,336.57,242.27,1.139,316.0,0.0626,0.0,638
152564 (1992 HF),APO,Y,N,19.63,0.282,0.169,3.276,,,0.5617,1.391,0.61,13.32,213.36,128.35,108.49,0.6008,599.0,0.12,0.0,132
152671 (1998 HL3),APO,Y,Y,20.24,0.298,0.2,,,,0.366,1.129,0.716,2.68,163.63,188.15,254.92,0.8216,438.0,0.0454,0.0,538
152679 (1998 KU2),APO,Y,N,16.55,4.167,0.022,125.0,,,0.5524,2.252,1.008,4.93,205.72,120.3,19.03,0.2917,1230.0,0.0601,0.0,2208
152742 (1998 XE12),ATE,Y,N,19.1,0.413,0.264,,,,0.7392,0.8781,0.229,13.43,280.01,353.17,16.51,1.198,301.0,0.112,0.0,565
152754 (1999 GS6),APO,Y,Y,19.22,0.414,0.216,8.021,,,0.4974,1.191,0.599,2.02,314.36,135.0,226.74,0.7584,475.0,0.0189,0.0,553
152889 (2000 CF59),APO,Y,N,16.5,1.022,0.388,,,,0.6407,1.679,0.603,41.55,141.74,222.47,354.16,0.4529,795.0,0.317,0.0,1278
152931 (2000 EA107),ATE,Y,N,16.3,1.646,0.237,4.1367,,,0.4557,0.9297,0.506,28.58,52.87,278.02,57.09,1.099,327.0,0.163,0.0,2173
152941 (2000 FM10),APO,Y,N,17.61,0.82,0.205,,,,0.6807,1.481,0.473,8.73,18.52,343.98,300.53,0.5467,659.0,0.127,0.0,782
152952 (2000 GC2),AMO,Y,N,17.57,0.776,0.353,4.179,,,0.1869,1.384,1.125,55.29,358.68,280.2,187.14,0.6057,594.0,0.279,0.0,1090
152964 (2000 GP82),APO,Y,N,17.8,0.788,0.342,,,,0.3934,1.397,0.847,13.23,114.85,333.11,261.11,0.5971,603.0,0.0916,0.0,883
152978 (2000 GJ147),APO,Y,Y,19.57,0.531,0.109,10.009,,,0.2368,1.162,0.887,25.01,57.84,240.78,88.68,0.7865,458.0,0.027,0.0,864
153195 (2000 WB1),APO,Y,N,17.51,1.327,0.1,,,,0.6192,1.301,0.496,41.1,21.36,262.91,5.15,0.6639,542.0,0.0914,0.0,395
153201 (2000 WO107),ATE,Y,Y,19.3,0.51,0.129,5.022,,,0.7808,0.9111,0.2,7.77,69.19,213.76,312.79,1.133,318.0,0.00286,0.0,1137
153219 (2000 YM29),AMO,Y,N,18.54,1.289,0.035,,,,0.4356,2.089,1.179,40.34,116.54,1.0,83.99,0.3264,1100.0,0.195,0.0,647
153249 (2001 BW15),APO,Y,N,15.67,3.16,0.177,,,,0.5907,2.117,0.867,41.28,328.76,298.06,302.81,0.3199,1130.0,0.0561,0.0,1025
153271 (2001 CL42),APO,Y,N,17.4,2.441,0.039,,,,0.4024,1.557,0.931,21.65,12.01,270.88,182.2,0.5072,710.0,0.191,0.0,1088
153591 (2001 SN263),AMO,Y,Y,17.11,2.0,,3.423,,,0.48,1.988,1.034,6.69,325.71,173.06,124.08,0.3517,1020.0,0.0472,0.0,3654
153814 (2001 WN5),APO,Y,Y,18.28,0.932,0.097,4.253,,,0.4673,1.711,0.912,1.92,277.35,44.65,286.58,0.4402,818.0,0.0019,0.0,1021
153842 (2001 XT30),AMO,Y,N,16.7,1.759,0.193,17.95,,,0.567,2.749,1.19,9.0,139.83,219.39,124.75,0.2162,1660.0,0.208,0.0,1097
154029 (2002 CY46),APO,Y,N,16.52,1.119,0.098,2.554,,,0.4624,1.89,1.016,44.2,346.14,319.4,322.74,0.3794,949.0,0.0868,0.0,1164
154035 (2002 CV59),APO,Y,N,17.38,1.098,0.149,,,,0.532,1.21,0.566,49.06,13.09,347.15,160.58,0.7405,486.0,0.426,0.0,418
154276 (2002 SY50),APO,Y,Y,17.61,1.06,0.143,4.823,,,0.6889,1.705,0.53,8.74,34.02,99.71,105.17,0.4426,813.0,0.00394,0.0,1165
154589 (2003 MX2),AMO,Y,N,16.62,1.109,0.395,1.611,,,0.459,2.289,1.238,7.18,58.62,300.61,123.35,0.2846,1270.0,0.263,0.0,1608
154590 (2003 MA3),APO,Y,Y,21.7,0.086,0.53,,,,0.4021,1.105,0.661,1.42,152.66,228.88,36.33,0.8483,424.0,0.0131,0.0,123
154807 (2004 PP97),APO,Y,N,18.56,0.469,0.319,161.0,,,0.3166,1.484,1.014,15.53,15.07,68.72,182.39,0.5452,660.0,0.146,0.0,1407
154993 (2005 EA94),APO,Y,N,17.99,0.828,0.195,13.761,,,0.6637,1.517,0.51,10.32,104.06,309.03,55.64,0.5278,682.0,0.0749,0.0,559
155110 (2005 TB),APO,Y,N,17.46,0.683,0.379,3.479,,,0.3485,1.261,0.822,30.38,226.17,44.78,118.57,0.6957,517.0,0.113,0.0,1420
159454 (2000 DJ8),AMO,Y,N,18.04,0.577,0.367,14.245,,,0.2527,1.411,1.055,37.75,139.52,262.96,223.35,0.588,612.0,0.246,0.0,912
159459 (2000 KB),APO,Y,N,16.31,1.769,0.187,,,,0.7989,2.337,0.47,56.16,185.35,185.39,27.74,0.2759,1300.0,0.531,0.0,450
159504 (2000 WO67),APO,Y,Y,16.97,2.324,0.052,2.941,,,0.617,2.433,0.932,9.69,107.56,237.81,242.88,0.2597,1390.0,0.0491,0.0,748
159518 (2001 FF7),AMO,Y,N,18.01,1.784,0.038,,,,0.4452,2.104,1.167,47.47,190.08,59.44,9.56,0.3229,1120.0,0.339,0.0,281
159560 (2001 TO103),AMO,Y,N,17.14,1.156,0.209,,,,0.4348,2.214,1.252,25.7,42.14,261.78,167.2,0.2991,1200.0,0.472,0.0,667
159686 (2002 LB6),APO,Y,N,16.34,1.845,0.162,,,,0.688,1.804,0.563,24.73,244.73,141.05,206.78,0.4069,885.0,0.283,0.0,886
159857 (2004 LJ1),APO,Y,Y,15.46,3.07,0.13,2.72627,,,0.5935,2.262,0.92,23.15,235.53,140.02,75.2,0.2896,1240.0,0.0154,0.0,3315
159929 (2005 UK),AMO,Y,N,17.72,2.62,0.026,33.4,,,0.4078,1.887,1.117,54.42,222.54,19.59,37.82,0.3803,947.0,0.126,0.0,367
161989 Cacus (1978 CA),APO,Y,Y,17.31,1.9,0.09,3.7538,,,0.2138,1.123,0.883,26.07,161.2,102.11,310.22,0.8286,434.0,0.0144,0.0,1795
161999 (1989 RC),AMO,Y,N,18.8,0.458,0.211,,,,0.5126,2.318,1.13,7.38,140.08,181.51,109.11,0.2793,1290.0,0.116,0.0,156
162000 (1990 OS),APO,Y,Y,19.64,0.4,,2.536,,,0.4624,1.678,0.902,1.09,346.49,21.62,60.96,0.4533,794.0,0.00902,0.0,427
162038 (1996 DH),AMO,Y,N,16.69,1.959,0.105,7.16,,,0.2766,1.587,1.148,17.23,309.26,351.6,179.28,0.493,730.0,0.134,0.0,1977
162058 (1997 AE12),AMO,Y,N,17.99,0.847,0.186,1880.0,,,0.5542,2.367,1.055,4.85,304.75,60.91,28.71,0.2706,1330.0,0.0875,0.0,887
162080 (1998 DG16),ATE,Y,N,19.93,0.777,0.035,,,,0.3582,0.8967,0.576,16.21,344.32,356.87,68.1,1.161,310.0,0.187,0.0,723
162116 (1998 SA15),APO,Y,Y,19.54,0.538,0.116,,,,0.5585,1.916,0.846,7.11,114.17,331.45,56.34,0.3717,968.0,0.0473,0.0,91
162142 (1998 VR),ATE,Y,N,18.78,0.462,0.25,8.44,,,0.3179,0.8753,0.597,21.81,46.35,170.74,196.47,1.204,299.0,0.151,0.0,773
162173 Ryugu (1999 JU3),APO,Y,Y,19.55,0.896,0.045,7.63262,3e-08,1.19,0.1911,1.191,0.963,5.87,251.29,211.62,270.66,0.7584,475.0,0.000833,0.0,5088
162181 (1999 LF6),APO,Y,N,18.2,0.729,0.175,37.26,,,0.2806,1.41,1.014,18.94,208.49,140.88,237.24,0.5889,611.0,0.0639,0.0,1914
162269 (1999 VO6),APO,Y,N,16.97,1.01,0.274,,,,0.7378,1.135,0.298,40.13,206.82,302.53,139.06,0.8147,442.0,0.077,0.0,933
162385 (2000 BM19),ATE,Y,N,18.59,0.812,0.115,9.463,,,0.3587,0.7406,0.475,6.88,70.2,247.73,305.81,1.547,233.0,0.0834,0.0,334
162463 (2000 JH5),APO,Y,N,17.97,1.048,0.084,3.024,,,0.2382,1.146,0.873,22.21,80.17,353.59,73.41,0.8038,448.0,0.111,0.0,3361
162483 (2000 PJ5),ATE,Y,N,17.53,0.906,0.236,2.642,,,0.3737,0.8727,0.547,51.18,124.41,7.65,145.73,1.209,298.0,0.174,0.0,874
162510 (2000 QW69),APO,Y,Y,17.6,1.406,0.089,,,,0.3023,1.376,0.96,38.14,344.32,220.72,335.64,0.6105,590.0,0.0237,0.0,1756
162566 (2000 RJ34),AMO,Y,N,15.73,4.299,0.071,50.67,,,0.5761,2.625,1.113,14.29,329.83,145.56,271.86,0.2317,1550.0,0.164,0.0,1145
162567 (2000 RW37),APO,Y,Y,19.97,0.335,0.173,2.439,,,0.2501,1.247,0.935,13.75,333.28,133.32,295.18,0.7075,509.0,0.00693,0.0,255
162741 (2000 WG6),AMO,Y,N,17.47,3.945,0.014,,,,0.4994,2.319,1.161,11.85,60.72,330.14,31.44,0.2791,1290.0,0.19,0.0,259
162903 (2001 JV2),APO,Y,N,18.66,1.086,0.06,,,,0.2373,1.305,0.995,47.49,216.89,301.22,221.2,0.6615,544.0,0.0857,0.0,200
162980 (2001 RR17),APO,Y,N,16.77,0.79,0.658,12.71,,,0.4887,1.553,0.794,30.4,177.6,351.49,10.5,0.5091,707.0,0.199,0.0,1244
162998 (2001 SK162),APO,Y,Y,18.16,0.875,0.161,68.0,,,0.4745,1.926,1.012,1.68,285.29,186.47,329.01,0.3688,976.0,0.0284,0.0,1611
163132 (2002 CU11),APO,Y,Y,18.61,0.46,0.408,,,,0.2952,1.22,0.86,48.78,157.74,110.52,161.85,0.7317,492.0,0.00113,0.0,516
163243 (2002 FB3),ATE,Y,Y,16.42,1.682,0.172,6.231,,,0.6016,0.7616,0.303,20.28,203.56,148.33,342.61,1.483,243.0,0.00394,0.0,1984
163348 (2002 NN4),ATE,Y,Y,20.05,0.735,0.03,14.5,,,0.4346,0.8758,0.495,5.42,259.41,222.21,328.82,1.203,299.0,0.00652,0.0,790
163454 (2002 RN129),APO,Y,N,19.11,0.712,0.096,,,,0.3699,1.162,0.732,23.12,332.1,198.65,12.07,0.7867,458.0,0.237,0.0,257
163691 (2003 BB43),AMO,Y,N,17.09,3.449,0.021,6.649,,,0.5217,2.418,1.156,40.8,148.79,60.82,11.97,0.2622,1370.0,0.354,0.0,434
163694 (2003 DP13),AMO,Y,N,17.5,0.832,0.276,2.387,,,0.5434,2.641,1.206,9.82,326.68,283.06,83.0,0.2297,1570.0,0.262,0.0,565
163760 (2003 OR14),AMO,Y,N,16.68,2.343,0.074,,,,0.5043,2.512,1.245,13.07,211.48,212.02,166.15,0.2476,1450.0,0.279,0.0,987
163818 (2003 RX7),APO,Y,Y,18.46,0.386,0.516,5.649,,,0.3546,1.229,0.793,10.39,241.0,245.91,357.89,0.723,498.0,0.0265,0.0,942
163899 (2003 SD220),ATE,Y,Y,17.56,0.791,0.34,285.0,,,0.2094,0.8279,0.655,8.55,273.63,327.02,291.9,1.308,275.0,0.0179,0.0,1935
164121 (2003 YT1),APO,Y,Y,16.15,1.717,0.198,2.343,,,0.2921,1.11,0.786,44.06,38.31,91.01,212.29,0.8429,427.0,0.00145,0.0,2597
164206 (2004 FN18),APO,Y,N,17.69,1.138,0.124,,,,0.4097,1.701,1.004,18.27,214.41,232.89,349.11,0.4443,810.0,0.112,0.0,1598
164207 Cardea (2004 GU9),APO,Y,Y,21.2,0.163,0.219,,,,0.1359,1.001,0.865,13.65,38.39,279.34,97.33,0.984,366.0,0.00309,0.0,363
168318 (1989 DA),APO,Y,Y,19.03,0.9,,3.925,,,0.5419,2.162,0.99,6.49,349.05,139.85,206.96,0.31,1160.0,0.0444,0.0,1040
168378 (1997 ET30),AMO,Y,N,16.91,0.841,0.509,5.721,,,0.4495,2.137,1.176,6.81,23.21,263.36,352.56,0.3155,1140.0,0.204,0.0,1330
169352 (2001 UY16),APO,Y,N,19.37,0.316,0.405,,,,0.5197,2.083,1.0,32.28,32.18,48.44,346.46,0.3279,1100.0,0.121,0.0,294
172034 (2001 WR1),AMO,Y,N,17.84,0.631,0.336,8.0475,,,0.2025,1.277,1.019,25.03,6.5,48.56,215.91,0.6828,527.0,0.0751,0.0,982
173689 (2001 PK9),AMO,Y,N,18.25,0.724,0.161,,,,0.3951,1.779,1.076,10.43,272.88,314.06,143.16,0.4152,867.0,0.113,0.0,397
175706 (1996 FG3),APO,Y,Y,18.31,1.196,0.072,3.5942,,,0.3501,1.055,0.685,1.97,299.47,24.06,36.65,0.9098,396.0,0.0281,0.0,3126
175921 (2000 DM1),APO,Y,N,18.32,1.039,0.02,,,,0.484,1.369,0.706,20.71,342.73,306.75,309.68,0.6154,585.0,0.143,0.0,619
184990 (2006 KE89),APO,Y,N,16.41,2.039,0.117,2.5435,,,0.799,1.053,0.212,45.12,88.59,299.23,321.19,0.9117,395.0,0.23,0.0,2606
185716 (1998 SF35),AMO,Y,N,17.95,0.629,0.339,6.864,,,0.2739,1.685,1.224,35.19,218.57,253.75,75.36,0.4505,799.0,0.413,0.0,1540
185851 (2000 DP107),APO,Y,Y,18.31,0.863,0.137,2.7754,3.224e-08,1.365,0.3767,1.365,0.851,8.67,358.62,289.83,309.34,0.618,583.0,0.0143,0.0,2094
187040 (2005 JS108),APO,Y,Y,19.2,0.43,0.199,,,,0.3222,1.355,0.919,6.03,110.79,244.02,278.29,0.6246,576.0,0.0187,0.0,832
190119 (2004 VA64),APO,Y,N,17.04,1.451,0.121,,,,0.8896,2.47,0.273,29.73,225.45,20.07,172.83,0.2539,1420.0,0.299,0.0,241
190161 (2005 TJ174),AMO,Y,N,16.73,3.041,0.04,,,,0.4525,2.239,1.226,3.98,304.62,56.26,23.67,0.2943,1220.0,0.23,0.0,1380
190166 (2005 UP156),AMO,Y,N,17.26,1.045,0.234,40.542,,,0.4715,2.115,1.118,4.21,193.1,91.63,258.92,0.3205,1120.0,0.127,0.0,2903
194268 (2001 UY4),APO,Y,Y,18.34,1.244,0.055,6.802,,,0.7875,1.453,0.309,5.44,160.48,108.05,299.4,0.5629,640.0,0.0258,0.0,749
194386 (2001 VG5),APO,Y,N,16.95,0.916,0.353,6.38,,,0.6138,2.301,0.889,13.69,248.23,280.41,275.57,0.2824,1270.0,0.114,0.0,1627
198856 (2005 LR3),AMO,Y,N,17.06,0.742,0.389,,,,0.3354,1.654,1.099,25.0,73.78,26.42,350.57,0.4634,777.0,0.139,0.0,1374
200754 (2001 WA25),APO,Y,N,18.51,0.553,0.21,3.653,,,0.517,1.756,0.848,15.51,279.74,83.78,130.54,0.4236,850.0,0.0963,0.0,564
206378 (2003 RB),APO,Y,Y,18.76,0.376,0.414,37.5,,,0.439,1.788,1.003,6.72,317.12,44.08,91.85,0.4121,873.0,0.0441,0.0,1445
207945 (1991 JW),APO,Y,Y,19.61,0.423,0.161,3.1499,,,0.1186,1.039,0.916,8.71,53.85,301.96,104.28,0.9304,387.0,0.0204,0.0,363
209924 (2005 WS55),AMO,Y,N,16.29,1.861,0.185,2.726,,,0.4535,2.03,1.109,23.77,283.54,203.35,272.76,0.3409,1060.0,0.148,0.0,1159
211871 (2004 HO),APO,Y,N,18.85,0.411,0.315,,,,0.5115,1.847,0.902,7.88,146.05,163.88,171.86,0.3927,917.0,0.0614,0.0,294
212359 (2006 EV52),APO,Y,N,16.72,1.261,0.232,,,,0.7075,2.016,0.59,15.96,168.47,167.14,208.14,0.3444,1050.0,0.257,0.0,690
214088 (2004 JN13),APO,Y,N,15.34,2.423,0.25,6.342,,,0.6903,2.888,0.895,13.35,85.02,279.23,93.93,0.2008,1790.0,0.134,0.0,2835
215442 (2002 MQ3),ATE,Y,N,18.53,1.075,0.08,473.0,,,0.2742,0.9136,0.663,36.29,109.06,346.89,83.61,1.129,319.0,0.133,0.0,857
215588 (2003 HF2),APO,Y,Y,19.42,0.488,0.118,,,,0.6755,1.114,0.361,3.05,189.85,231.07,170.66,0.8384,429.0,0.00304,0.0,437
215757 (2004 FU64),AMO,Y,N,17.88,0.78,0.241,4.99531,,,0.3671,1.838,1.163,24.88,20.82,286.52,183.02,0.3956,910.0,0.341,0.0,729
217628 Lugh (1990 HA),APO,Y,Y,16.68,1.4,,8.55,,,0.7117,2.527,0.728,4.44,177.73,316.19,258.62,0.2454,1470.0,0.0341,0.0,503
218017 (2001 XV266),APO,Y,N,19.82,0.451,0.115,,,,0.1927,1.196,0.966,12.0,214.07,265.08,41.47,0.7531,478.0,0.105,0.0,271
218863 (2006 WO127),APO,Y,N,16.34,1.237,0.418,210.0,,,0.5479,2.196,0.993,11.03,167.5,314.5,306.48,0.3028,1190.0,0.0739,0.0,2191
219071 (1997 US9),APO,Y,N,17.2,0.657,0.383,3.319,,,0.2821,1.053,0.756,20.02,212.18,357.39,182.28,0.9124,395.0,0.251,0.0,3125
220124 (2002 TE66),APO,Y,N,18.76,0.609,0.208,3.89,,,0.3779,1.457,0.906,51.35,190.99,290.55,357.76,0.5604,642.0,0.0948,0.0,550
221980 (1996 EO),APO,Y,Y,19.11,0.432,0.2,,,,0.4008,1.342,0.804,21.59,356.46,64.7,107.22,0.6343,568.0,0.0341,0.0,189
225416 (1999 YC),APO,Y,N,17.36,1.651,0.094,4.531,,,0.8302,1.422,0.241,38.26,64.75,156.45,70.92,0.5813,619.0,0.249,0.0,645
226554 (2003 WR21),APO,Y,Y,19.62,0.482,0.125,13.404,,,0.2614,1.118,0.826,9.27,85.76,108.11,96.45,0.8334,432.0,0.0309,0.0,545
228502 (2001 TE2),APO,Y,N,20.41,0.302,0.194,13.14,,,0.1966,1.084,0.87,7.63,171.1,35.78,310.64,0.8739,412.0,0.0663,0.0,486
230118 (2001 DB3),AMO,Y,N,17.09,1.166,0.15,,,,0.5595,2.684,1.182,24.49,340.34,264.65,194.58,0.2242,1610.0,0.441,0.0,504
230549 (2003 BH),APO,Y,Y,20.78,0.217,0.216,,,,0.3562,1.457,0.938,13.11,119.76,313.43,22.83,0.5607,642.0,0.0281,0.0,165
230979 (2005 AT42),AMO,Y,N,16.58,1.522,0.207,,,,0.6137,2.857,1.104,11.21,156.88,52.88,88.81,0.2041,1760.0,0.171,0.0,984
231937 (2001 FO32),APO,Y,Y,17.51,0.55,,39.905,,,0.8258,1.699,0.296,39.01,181.71,123.36,20.13,0.445,809.0,0.00346,0.0,287
232382 (2003 BT47),AMO,Y,N,17.25,1.123,0.154,,,,0.4935,2.335,1.183,7.45,352.42,235.67,115.61,0.2763,1300.0,0.206,0.0,898
234061 (1999 HE1),APO,Y,N,17.69,2.9,0.019,,,,0.5721,2.362,1.011,8.16,65.79,221.98,87.45,0.2714,1330.0,0.0519,0.0,444
234145 (2000 EW70),ATE,Y,Y,21.58,0.344,0.045,33.0,,,0.3213,0.9375,0.636,5.43,178.03,125.78,8.79,1.086,332.0,0.0101,0.0,410
234341 (2001 FZ57),ATE,Y,N,18.93,0.344,0.493,,,,0.6042,0.9442,0.374,20.67,22.08,339.98,165.9,1.074,335.0,0.157,0.0,545
235086 (2003 HW11),AMO,Y,N,17.36,1.024,0.168,6.385,,,0.4658,2.352,1.256,7.4,150.39,154.24,59.38,0.2733,1320.0,0.247,0.0,794
235756 (2004 VC),APO,Y,Y,18.58,1.136,0.042,7.18,,,0.2589,1.133,0.84,39.14,194.15,94.18,224.56,0.8168,441.0,0.0351,0.0,395
237551 (2000 WQ19),APO,Y,N,18.44,0.63,0.234,,,,0.347,1.406,0.918,34.27,38.78,270.72,49.63,0.591,609.0,0.193,0.0,528
237805 (2002 CF26),AMO,Y,N,17.4,0.703,0.43,3.7756,,,0.3411,1.604,1.057,35.3,342.07,33.62,6.23,0.4851,742.0,0.0923,0.0,3126
238063 (2003 EG),APO,Y,N,16.57,1.47,0.225,7.23,,,0.7137,1.738,0.498,31.79,359.02,326.94,270.16,0.4302,837.0,0.363,0.0,855
238456 (2004 RK),APO,Y,N,19.43,0.328,0.312,,,,0.3003,1.389,0.972,18.15,178.75,264.47,277.72,0.6022,598.0,0.165,0.0,579
239849 (1999 VO11),APO,Y,N,18.65,0.45,0.317,,,,0.6339,2.256,0.826,15.75,67.44,72.37,225.49,0.2909,1240.0,0.0707,0.0,205
241370 (2008 LW8),APO,Y,N,17.42,0.764,0.224,10.83,,,0.3935,1.676,1.016,17.27,223.1,118.61,355.9,0.4544,792.0,0.142,0.0,977
241596 (1998 XM2),AMO,Y,N,17.23,1.548,0.105,8.75,,,0.3401,1.805,1.191,27.1,248.52,99.11,73.3,0.4064,886.0,0.414,0.0,1102
241662 (2000 KO44),AMO,Y,N,17.66,0.898,0.2,2.42,,,0.3884,1.83,1.119,28.62,114.31,235.34,50.39,0.3981,904.0,0.224,0.0,559
242147 (2003 BH84),APO,Y,N,17.03,1.687,0.108,46.32,,,0.7202,1.958,0.548,23.35,283.21,35.54,221.51,0.3596,1000.0,0.301,0.0,496
242187 (2003 KR18),AMO,Y,N,17.99,0.605,0.334,,,,0.4801,2.347,1.22,5.58,244.03,86.85,73.56,0.2741,1310.0,0.234,0.0,993
242191 (2003 NZ6),ATE,Y,N,19.02,0.37,0.334,13.531,,,0.4923,0.7934,0.403,18.25,124.58,311.63,131.91,1.395,258.0,0.0666,0.0,647
242450 (2004 QY2),APO,Y,Y,14.64,2.914,0.274,,,,0.4771,1.084,0.567,37.03,295.27,104.99,224.11,0.8735,412.0,0.0479,0.0,3754
242643 (2005 NZ6),APO,Y,Y,17.39,1.989,0.041,7.0,,,0.8652,1.833,0.247,8.41,38.77,48.99,36.32,0.3971,907.0,0.00548,0.0,757
243025 (2006 UM216),AMO,Y,N,16.05,2.123,0.139,31.73,,,0.5237,2.674,1.274,15.89,251.05,146.68,143.48,0.2254,1600.0,0.314,0.0,870
243147 (2007 TX18),AMO,Y,N,17.39,0.912,0.28,13.538,,,0.4156,2.137,1.249,7.36,284.08,16.01,337.91,0.3154,1140.0,0.234,0.0,756
243566 (1995 SA),APO,Y,Y,17.37,0.881,0.091,2.313,,,0.6417,2.462,0.882,19.58,168.84,54.5,357.67,0.2551,1410.0,0.0398,0.0,577
244977 (2004 BE68),APO,Y,Y,18.36,0.495,0.235,,,,0.4446,1.761,0.978,15.74,210.87,191.28,152.24,0.4218,853.0,0.0108,0.0,540
246138 (2007 OG3),AMO,Y,N,18.25,0.588,0.269,,,,0.4814,2.165,1.123,1.69,78.32,272.01,269.02,0.3095,1160.0,0.12,0.0,300
247156 (2000 YH29),AMO,Y,N,18.16,1.655,0.033,,,,0.5272,2.218,1.049,21.85,103.66,284.87,212.34,0.2983,1210.0,0.271,0.0,282
247517 (2002 QY6),ATE,Y,N,19.59,0.269,0.357,,,,0.6991,0.8171,0.246,12.75,164.17,355.41,341.62,1.334,270.0,0.106,0.0,664
248083 (2004 QU24),AMO,Y,N,16.13,2.358,0.126,4.66,,,0.6136,3.329,1.286,23.36,187.62,272.14,162.58,0.1623,2220.0,0.539,0.0,1298
248590 (2006 CS),APO,Y,N,16.26,4.726,0.018,,,,0.6969,2.916,0.884,52.31,172.41,346.41,338.06,0.198,1820.0,0.101,0.0,860
248926 (2006 WZ2),AMO,Y,N,17.13,2.907,0.04,8.45,,,0.3301,1.694,1.135,24.65,354.35,66.01,260.8,0.4468,806.0,0.276,0.0,4004
249886 (2001 RY11),AMO,Y,N,17.62,1.201,0.051,,,,0.2834,1.483,1.063,22.85,295.49,71.55,124.77,0.5457,660.0,0.197,0.0,1808
250458 (2004 BO41),APO,Y,N,18.0,0.63,0.282,16.19,,,0.4929,1.019,0.517,35.55,337.73,254.46,35.94,0.9588,375.0,0.0897,0.0,881
250614 (2005 GG),APO,Y,N,16.22,1.617,0.269,,,,0.6595,2.042,0.695,34.84,106.38,335.29,40.87,0.3378,1070.0,0.251,0.0,590
250620 (2005 GE59),APO,Y,Y,18.07,0.654,0.26,5.354,,,0.6025,2.109,0.838,16.08,194.72,243.06,325.49,0.3219,1120.0,0.0317,0.0,643
250680 (2005 QC5),ATE,Y,Y,19.63,0.398,0.147,,,,0.3645,0.893,0.567,9.45,48.05,108.71,171.96,1.168,308.0,0.0477,0.0,125
250706 (2005 RR6),APO,Y,Y,18.55,0.535,0.322,7.0,,,0.7011,2.956,0.883,6.93,27.25,60.01,335.81,0.194,1860.0,0.0338,0.0,402
252399 (2001 TX44),ATE,Y,Y,19.41,0.291,0.478,,,,0.5459,0.8748,0.397,15.21,57.76,136.04,24.4,1.205,299.0,0.00913,0.0,351
252558 (2001 WT1),APO,Y,N,20.36,0.533,0.062,,,,0.3972,1.089,0.657,7.16,73.75,180.74,189.45,0.867,415.0,0.122,0.0,305
254419 (2004 VT60),AMO,Y,N,17.76,0.629,0.408,,,,0.434,2.076,1.175,43.51,57.53,247.33,55.91,0.3296,1090.0,0.376,0.0,457
256412 (2007 BT2),AMO,Y,N,16.93,4.444,0.014,20.0,,,0.2238,1.632,1.267,26.86,30.96,149.08,356.6,0.4726,762.0,0.289,0.0,1699
260277 (2004 TR12),ATE,Y,N,18.27,0.47,0.419,,,,0.2097,0.8951,0.707,19.36,155.35,77.79,97.51,1.164,309.0,0.0965,0.0,551
262623 (2006 WY2),ATE,Y,N,18.64,0.761,0.122,16.3,,,0.3329,0.9833,0.656,27.55,99.83,159.98,288.11,1.011,356.0,0.254,0.0,952
263976 (2009 KD5),APO,Y,Y,18.34,0.785,0.125,2.664,,,0.2614,1.046,0.773,13.47,104.48,294.33,35.35,0.9209,391.0,0.0478,0.0,2257
264357 (2000 AZ93),ATE,Y,Y,21.17,0.113,0.037,,,,0.36,0.7469,0.478,8.59,277.3,8.19,201.91,1.527,236.0,0.0214,0.0,160
265196 (2004 BW58),APO,Y,Y,18.84,0.361,0.31,6.479,,,0.3783,1.454,0.904,15.22,132.59,301.85,193.03,0.562,641.0,0.0378,0.0,933
267221 (2001 AD2),APO,Y,Y,19.85,0.562,0.097,,,,0.6599,1.04,0.354,1.64,210.52,111.96,246.96,0.9291,387.0,0.00834,0.0,461
267337 (2001 VK5),APO,Y,Y,18.05,0.439,0.578,39.05,,,0.5142,1.269,0.617,19.43,54.21,263.93,340.5,0.6894,522.0,0.000899,0.0,1117
269690 (1996 RG3),APO,Y,Y,18.47,0.888,0.098,,,,0.6037,2.001,0.793,3.58,158.04,300.28,76.6,0.3482,1030.0,0.00259,0.0,245
271480 (2004 FX31),APO,Y,N,17.66,0.709,0.352,77.1,,,0.442,1.26,0.703,24.75,169.12,285.81,149.28,0.6965,517.0,0.0673,0.0,1648
274138 (2008 FU6),APO,Y,N,17.77,0.747,0.24,2.852,,,0.5691,1.324,0.571,12.83,192.8,129.15,158.74,0.6469,557.0,0.101,0.0,1181
275611 (1999 XX262),AMO,Y,N,18.15,1.483,0.046,15.109,,,0.1818,1.533,1.254,8.23,334.63,102.75,254.34,0.5193,693.0,0.31,0.0,1285
275974 (2001 XD),APO,Y,N,18.68,0.626,0.216,26.1,,,0.7958,2.047,0.418,11.29,63.93,232.79,93.31,0.3366,1070.0,0.0639,0.0,339
275976 (2001 XV10),APO,Y,N,16.17,2.381,0.094,6.41,,,0.5853,2.204,0.914,22.35,31.37,342.06,147.65,0.3012,1200.0,0.0601,0.0,829
276049 (2002 CE26),APO,Y,N,16.64,3.5,0.07,3.2931,,0.9,0.5611,2.233,0.98,47.29,161.87,228.06,116.2,0.2954,1220.0,0.0957,0.0,2161
276468 (2003 HQ32),AMO,Y,N,18.07,1.034,0.114,,,,0.3454,1.979,1.295,35.88,217.57,291.27,67.21,0.3541,1020.0,0.478,0.0,383
276703 (2004 BL11),APO,Y,N,19.3,0.521,0.124,,,,0.75,1.26,0.315,9.82,142.41,176.96,252.83,0.6968,517.0,0.131,0.0,286
276786 (2004 KD1),AMO,Y,N,17.83,1.72,0.05,5.0177,,,0.3301,1.72,1.152,10.12,271.46,9.98,189.81,0.4369,824.0,0.136,0.0,872
277039 (2005 CF41),APO,Y,N,18.55,0.676,0.156,16.2,,,0.5859,1.649,0.683,15.87,132.16,208.78,64.39,0.4654,774.0,0.208,0.0,297
277570 (2005 YP180),APO,Y,Y,19.34,0.439,0.177,3.689,,,0.617,1.372,0.526,4.11,288.9,92.47,161.88,0.6131,587.0,0.0165,0.0,243
277616 (2006 BN6),APO,Y,N,17.41,1.236,0.119,5.45,,,0.692,2.581,0.795,18.71,249.39,338.77,280.92,0.2378,1510.0,0.169,0.0,402
277617 (2006 BT7),APO,Y,N,18.23,0.666,0.19,,,,0.6334,1.522,0.558,16.17,298.55,342.57,79.03,0.525,686.0,0.253,0.0,335
285331 (1999 FN53),APO,Y,N,18.19,0.654,0.198,4.42,,,0.4559,1.736,0.944,20.16,50.57,191.74,213.22,0.4311,835.0,0.0594,0.0,539
285339 (1999 JR6),APO,Y,N,18.07,0.614,0.268,,,,0.6754,1.367,0.444,20.32,52.6,27.3,301.09,0.617,583.0,0.221,0.0,446
285944 (2001 RZ11),AMO,Y,N,16.7,1.044,0.407,2.2455,,,0.5063,2.192,1.082,53.11,323.98,340.57,174.71,0.3037,1190.0,0.0889,0.0,1049
294739 (2008 CM),APO,Y,Y,17.04,0.74,0.425,3.05785,,,0.408,1.566,0.927,36.02,279.54,130.7,38.04,0.503,716.0,0.0437,0.0,1912
297274 (1996 SK),APO,Y,Y,16.93,1.199,0.234,4.645,,,0.7907,2.445,0.512,1.97,195.46,286.38,216.62,0.2578,1400.0,0.00626,0.0,479
297300 (1998 SC15),APO,Y,Y,19.29,0.32,,15.0,,,0.4145,1.273,0.745,16.08,198.67,277.51,252.08,0.6863,525.0,0.00158,0.0,586
297418 (2000 SP43),ATE,Y,Y,18.51,0.407,0.388,6.314,,,0.4669,0.8115,0.433,10.34,350.52,224.47,249.81,1.348,267.0,0.0193,0.0,1260
299582 (2006 GQ2),APO,Y,N,18.23,0.622,0.288,,,,0.4659,1.29,0.689,25.83,13.87,64.57,193.23,0.6723,535.0,0.126,0.0,313
301844 (1990 UA),APO,Y,Y,19.7,0.4,,,,,0.5266,1.642,0.777,0.93,104.28,202.58,274.85,0.4685,768.0,0.0122,0.0,188
303174 (2004 FH11),AMO,Y,N,16.72,1.504,0.163,2.523,,,0.4459,2.257,1.25,21.37,203.53,88.08,113.95,0.2907,1240.0,0.46,0.0,3089
303248 (2004 QV16),APO,Y,N,18.02,0.817,0.084,,,,0.5743,1.769,0.753,28.49,196.11,49.4,32.98,0.4189,859.0,0.114,0.0,529
303450 (2005 BY2),APO,Y,Y,20.51,0.187,0.317,,,,0.3307,1.269,0.85,7.29,74.4,130.31,156.19,0.6893,522.0,0.0417,0.0,301
304153 (2006 OU10),AMO,Y,N,17.81,2.054,0.033,,,,0.3496,1.754,1.141,33.7,335.2,173.49,307.93,0.4241,849.0,0.153,0.0,239
304330 (2006 SX217),APO,Y,Y,18.91,0.78,0.08,,,,0.3101,1.412,0.974,21.04,32.6,176.24,327.76,0.5876,613.0,0.0324,0.0,359
306462 (1999 RC32),AMO,Y,N,18.64,0.476,0.379,37.6,,,0.4318,1.838,1.045,30.96,352.28,82.87,150.28,0.3954,910.0,0.317,0.0,624
307070 (2002 AV31),APO,Y,N,20.63,0.282,0.117,,,,0.249,1.309,0.983,14.98,119.25,267.52,30.0,0.658,547.0,0.142,0.0,582
307493 (2002 XP90),APO,Y,N,18.57,1.666,0.023,,,,0.5858,2.08,0.861,23.12,78.55,324.2,248.1,0.3287,1100.0,0.05,0.0,435
307918 (2004 EU9),ATE,Y,N,19.02,0.374,0.358,,,,0.5052,0.8805,0.436,28.58,161.08,202.43,215.48,1.193,302.0,0.167,0.0,560
308635 (2005 YU55),APO,Y,Y,21.91,0.4,,18.0,,,0.4305,1.157,0.659,0.34,35.92,273.57,146.19,0.7921,454.0,0.000476,0.0,4013
310560 (2001 QL142),APO,Y,Y,17.8,0.654,0.313,2.97387,,,0.4991,1.049,0.526,26.6,165.54,72.16,274.19,0.9167,393.0,0.0486,0.0,367
311321 (2005 NP1),AMO,Y,N,18.61,0.583,0.172,,,,0.2965,1.827,1.285,34.71,274.95,307.61,116.42,0.3992,902.0,0.368,0.0,208
311554 (2006 BQ147),ATE,Y,N,18.72,0.382,0.401,9.15,,,0.4223,0.8199,0.474,24.38,146.77,153.22,35.43,1.328,271.0,0.07,0.0,609
312070 (2007 TA19),ATE,Y,Y,19.4,0.595,0.087,,,,0.5095,0.9539,0.468,22.63,181.16,58.06,239.69,1.058,340.0,0.0199,0.0,224
315098 (2007 EX),ATE,Y,N,16.67,0.993,0.313,2.447,,,0.4174,0.8716,0.508,18.7,297.41,78.88,108.78,1.211,297.0,0.125,0.0,814
315508 (2008 AB31),AMO,Y,N,20.14,0.836,0.023,,,,0.3205,1.602,1.089,30.02,302.98,255.65,250.61,0.486,741.0,0.293,0.0,124
322763 (2001 FA7),APO,Y,N,17.21,1.252,0.196,,,,0.5359,2.007,0.931,22.83,352.34,62.7,305.83,0.3466,1040.0,0.104,0.0,511
322775 (2001 HA8),AMO,Y,N,17.27,1.632,0.069,,,,0.5317,2.385,1.117,11.47,95.68,202.76,207.18,0.2676,1350.0,0.114,0.0,302
323179 (2003 HR32),APO,Y,N,18.1,1.17,0.068,,,,0.6871,1.748,0.547,8.28,341.91,352.73,234.82,0.4265,844.0,0.142,0.0,539
325102 (2008 EY5),ATE,Y,N,20.17,0.361,0.124,,,,0.6268,0.6262,0.234,5.11,245.43,106.7,47.7,1.989,181.0,0.079,1.0,175
326388 (2001 QD96),APO,Y,N,18.38,1.142,0.071,,,,0.4964,1.274,0.642,17.95,330.26,145.79,189.69,0.6852,525.0,0.233,0.0,537
326683 (2002 WP),AMO,Y,N,18.48,0.518,0.315,6.262,,,0.2159,1.45,1.137,19.15,76.29,1.25,44.42,0.5645,638.0,0.152,0.0,2119
329915 (2005 MB),ATE,Y,N,17.05,1.012,0.249,,,,0.793,0.9855,0.204,41.36,88.6,42.86,51.49,1.008,357.0,0.0696,1.0,196
331792 (2003 MT2),AMO,Y,N,15.9,1.275,0.499,,,,0.5337,2.686,1.252,27.92,305.08,304.51,49.53,0.224,1610.0,0.372,0.0,1483
332775 (2009 VO24),APO,Y,N,19.7,0.467,0.098,,,,0.4619,1.547,0.833,6.06,163.66,343.58,65.24,0.5121,703.0,0.0743,0.0,168
333578 (2006 KM103),APO,Y,Y,20.18,0.204,0.352,5.737,,,0.3766,1.573,0.981,11.68,169.45,197.01,235.5,0.4995,721.0,0.0136,0.0,385
333889 (1998 SV4),ATE,Y,N,18.24,0.919,0.11,2.817,,,0.642,0.8165,0.292,53.3,177.24,359.52,101.92,1.336,269.0,0.336,0.0,1038
334673 (2003 AL18),APO,Y,N,17.98,0.57,0.376,2.484,,,0.4166,1.684,0.983,15.72,312.88,246.72,127.66,0.4508,799.0,0.134,0.0,650
337119 (1999 TK12),AMO,Y,N,18.6,0.521,0.235,,,,0.393,1.683,1.022,24.5,359.04,112.24,292.58,0.4515,797.0,0.194,0.0,486
337248 (2000 RH60),ATE,Y,N,20.08,0.846,0.025,25.2,,,0.5513,0.8259,0.371,19.65,177.86,354.41,21.55,1.313,274.0,0.176,0.0,628
338347 (2002 XG4),AMO,Y,N,18.31,1.42,0.046,,,,0.4784,2.267,1.183,20.98,259.11,238.55,243.22,0.2887,1250.0,0.315,0.0,366
341843 (2008 EV5),ATE,Y,Y,20.05,0.4,0.137,3.725,,,0.0828,0.9598,0.88,7.45,93.19,235.92,122.87,1.048,343.0,0.0137,0.0,1486
343166 (2009 SO103),APO,Y,N,17.42,0.67,0.431,,,,0.6636,2.004,0.674,29.49,194.63,304.65,195.93,0.3474,1040.0,0.148,0.0,320
345646 (2006 TN),AMO,Y,N,19.74,0.413,0.117,3.05,,,0.3451,1.562,1.023,17.28,24.29,131.72,176.34,0.5051,713.0,0.0968,0.0,382
345705 (2006 VB14),ATE,Y,N,18.58,0.406,0.402,3.204,,,0.4211,0.767,0.444,31.03,258.71,346.46,302.36,1.467,245.0,0.0786,0.0,1416
345722 (2007 BG29),ATE,Y,N,18.23,0.653,0.258,,,,0.3347,0.8326,0.554,18.51,60.95,245.15,140.87,1.297,278.0,0.0875,0.0,528
345813 (2007 HX4),APO,Y,N,17.8,1.377,0.069,,,,0.3319,1.318,0.88,56.55,41.67,14.55,201.45,0.6517,552.0,0.104,0.0,273
349068 (2006 YT13),APO,Y,Y,18.3,0.496,0.343,2.433,,,0.4258,1.323,0.76,38.25,116.68,105.46,104.16,0.6478,556.0,0.0386,0.0,500
349074 (2007 BM8),APO,Y,N,18.39,1.081,0.067,,,,0.7209,1.341,0.374,27.64,87.62,179.31,343.05,0.6344,568.0,0.407,0.0,217
349219 (2007 SV11),APO,Y,N,18.13,0.583,0.272,,,,0.494,1.734,0.877,32.22,292.21,23.73,349.26,0.4316,834.0,0.112,0.0,191
349925 (2009 WC26),APO,Y,N,17.34,0.92,0.229,,,,0.6971,2.172,0.658,12.01,203.04,350.89,313.55,0.308,1170.0,0.199,0.0,515
350513 (2000 BG19),AMO,Y,N,18.06,1.77,0.043,,,,0.5544,2.675,1.192,12.45,144.7,82.95,310.23,0.2253,1600.0,0.297,0.0,375
355770 (2008 RE80),AMO,Y,N,18.35,1.199,0.054,,,,0.2459,1.482,1.117,16.59,181.98,26.26,327.28,0.5466,659.0,0.135,0.0,412
356394 (2010 QD2),APO,Y,N,17.46,1.071,0.152,,,,0.7857,2.009,0.43,10.66,120.53,126.03,150.96,0.3461,1040.0,0.0609,0.0,338
357022 (1999 YG3),APO,Y,Y,19.07,0.432,0.217,,,,0.3296,1.285,0.861,34.52,293.25,250.24,229.28,0.6769,532.0,0.0414,0.0,327
357024 (1999 YR14),APO,Y,Y,19.47,0.255,0.43,4.2477,,,0.4001,1.651,0.991,3.73,2.97,9.71,111.52,0.4645,775.0,0.00712,0.0,1298
360191 (1988 TA),APO,Y,Y,21.08,0.4,,,,,0.4787,1.54,0.803,2.53,194.6,105.34,175.56,0.5155,698.0,0.00571,0.0,304
361538 (2007 JZ20),APO,Y,N,18.67,0.479,0.313,,,,0.335,1.311,0.872,40.48,200.48,139.02,58.07,0.6566,548.0,0.0662,0.0,686
363024 (1998 OK1),APO,Y,Y,19.42,0.558,0.099,,,,0.4292,1.356,0.774,13.99,109.64,298.65,50.61,0.6241,577.0,0.0403,0.0,291
363027 (1998 ST27),ATE,Y,Y,19.58,0.578,0.059,3.0,,,0.5298,0.8198,0.386,21.05,197.51,322.44,88.41,1.328,271.0,0.00981,0.0,1047
363505 (2003 UC20),ATE,Y,Y,18.47,1.876,0.029,29.6,,,0.3369,0.7812,0.518,3.78,187.92,60.17,117.8,1.427,252.0,0.0352,0.0,1071
363599 (2004 FG11),APO,Y,Y,21.05,0.152,0.306,7.021,,,0.724,1.586,0.438,3.13,83.44,228.81,266.81,0.4934,730.0,0.0203,0.0,525
363626 (2004 RA11),AMO,Y,N,18.92,0.633,0.135,,,,0.3994,1.824,1.096,39.36,169.7,276.45,168.23,0.4,900.0,0.395,0.0,209
363814 (2005 ND7),APO,Y,N,17.97,1.105,0.1,6.6,,,0.4827,1.964,1.016,52.58,110.06,241.48,122.19,0.3581,1010.0,0.188,0.0,375
363831 (2005 PY16),APO,Y,Y,19.33,0.371,0.268,,,,0.5252,1.976,0.938,6.42,159.29,193.53,109.41,0.355,1010.0,0.0429,0.0,240
364762 (2007 XC10),AMO,Y,N,19.38,1.047,0.028,,,,0.2259,1.619,1.254,47.94,254.02,112.5,304.4,0.4783,753.0,0.411,0.0,97
364877 (2008 EM9),APO,Y,N,17.34,0.786,0.317,43.6586,,,0.8525,1.959,0.289,9.44,229.68,181.79,185.09,0.3595,1000.0,0.135,0.0,526
365071 (2009 AV),APO,Y,Y,18.18,0.674,0.246,,,,0.0739,1.03,0.954,45.87,150.73,322.12,97.1,0.9433,382.0,0.0218,0.0,1195
365424 (2010 KX7),ATE,Y,Y,21.91,0.212,0.075,,,,0.1709,0.9893,0.82,21.49,46.45,61.94,12.53,1.002,359.0,0.0311,1.0,95
365449 (2010 NJ1),ATE,Y,N,20.28,0.215,0.264,,,,0.5406,0.9685,0.445,11.22,128.23,358.58,128.9,1.034,348.0,0.155,0.0,197
366774 (2004 TB18),APO,Y,Y,17.87,0.859,0.199,,,,0.4508,1.815,0.997,13.2,120.97,13.19,171.81,0.4031,893.0,0.0195,0.0,698
367248 (2007 MK13),APO,Y,Y,20.21,0.386,0.119,5.286,,,0.1397,1.025,0.881,19.88,95.07,259.97,205.52,0.9504,379.0,0.0348,1.0,310
367684 (2010 OS22),APO,Y,N,18.07,0.498,0.412,,,,0.6887,1.637,0.51,9.36,256.9,179.66,86.92,0.4707,765.0,0.159,0.0,452
368184 (2000 RN77),ATE,Y,N,19.36,0.381,0.193,,,,0.3182,0.9513,0.649,16.1,312.68,211.76,253.83,1.062,339.0,0.107,0.0,488
369264 (2009 MS),APO,Y,Y,16.34,1.515,0.232,,,,0.5701,2.005,0.862,52.37,252.04,219.54,48.3,0.3471,1040.0,0.0435,0.0,459
369454 (2010 NZ1),APO,Y,N,19.09,0.846,0.036,,,,0.6466,1.373,0.485,32.76,158.97,37.89,263.82,0.6126,588.0,0.274,0.0,86
371336 (2006 KD1),APO,Y,N,17.38,1.137,0.18,,,,0.785,2.481,0.533,30.79,168.92,338.25,9.74,0.2523,1430.0,0.416,0.0,307
371660 (2007 CN26),APO,Y,Y,21.09,0.23,0.16,,,,0.2692,1.293,0.945,7.58,159.26,135.69,139.99,0.6707,537.0,0.00281,0.0,293
373135 (2011 SD173),APO,Y,Y,19.52,1.05,0.025,,,,0.4975,1.653,0.83,4.39,203.03,59.66,308.19,0.464,776.0,0.00215,0.0,217
374449 (2005 XD1),AMO,Y,N,19.39,0.414,0.179,,,,0.3066,1.621,1.124,18.28,287.34,198.76,225.1,0.4778,753.0,0.15,0.0,356
377732 (2005 XJ8),APO,Y,Y,17.06,0.986,0.288,42.89,,,0.6205,1.931,0.733,23.56,115.79,67.45,124.43,0.3672,980.0,0.016,0.0,874
380188 (2000 WC67),AMO,Y,N,18.81,1.312,0.037,,,,0.5826,2.673,1.116,9.93,249.72,251.69,220.38,0.2255,1600.0,0.21,0.0,239
381181 (2007 LV19),APO,Y,N,19.68,0.602,0.064,,,,0.3204,1.471,1.0,14.89,264.01,301.42,142.79,0.5522,652.0,0.0866,0.0,231
381677 (2009 BJ81),APO,Y,N,18.36,0.472,0.346,325.0,,,0.4559,1.851,1.007,5.84,108.47,90.65,227.95,0.3914,920.0,0.0979,0.0,1939
381906 (2010 CL19),APO,Y,Y,17.8,0.52,0.451,3.5197,,,0.6456,1.543,0.547,7.31,243.77,76.83,116.79,0.5142,700.0,0.0113,0.0,1127
381989 (2010 HR80),APO,Y,N,19.87,0.783,0.02,,,,0.4958,1.347,0.679,26.72,6.19,291.34,292.2,0.6302,571.0,0.105,0.0,175
385186 (1994 AW1),AMO,Y,Y,17.64,0.811,0.223,2.5193,,,0.0756,1.105,1.021,24.1,290.34,37.14,294.57,0.8485,424.0,0.0182,0.0,2792
385268 (2001 RC12),AMO,Y,N,15.81,3.2,0.08,,,,0.6428,3.21,1.146,27.41,208.9,185.54,63.62,0.1714,2100.0,0.153,0.0,1290
385343 (2002 LV),APO,Y,Y,16.55,1.359,0.334,6.195,,,0.6051,2.314,0.914,29.53,132.14,224.23,212.48,0.2799,1290.0,0.00664,0.0,1961
385402 (2002 WZ2),APO,Y,N,17.19,1.597,0.11,,,,0.8845,2.462,0.284,51.27,261.27,48.2,356.46,0.2551,1410.0,0.13,0.0,232
386454 (2008 XM),APO,Y,Y,20.03,0.367,0.128,,,,0.9092,1.222,0.111,5.44,240.57,27.44,232.74,0.7294,494.0,0.0046,0.0,104
386720 (2009 XC2),AMO,Y,N,17.04,0.964,0.244,,,,0.5826,2.645,1.104,25.78,104.14,93.26,233.28,0.2291,1570.0,0.393,0.0,352
386847 (2010 LR33),APO,Y,Y,18.06,0.663,0.211,,,,0.4625,1.692,0.909,5.83,352.07,333.21,348.35,0.4479,804.0,0.0291,0.0,433
387505 (1998 KN3),APO,Y,Y,18.78,1.06,0.074,,,,0.8734,1.542,0.195,2.29,313.22,71.27,94.65,0.5147,699.0,0.0183,0.0,1501
387733 (2003 GS),ATE,Y,N,18.93,0.344,0.411,2.467,,,0.2186,0.8928,0.698,12.03,196.18,181.9,101.62,1.168,308.0,0.0857,0.0,933
387746 (2003 MH4),APO,Y,Y,20.13,0.366,0.132,,,,0.5131,1.963,0.956,3.91,259.48,323.53,70.73,0.3584,1000.0,0.00218,0.0,576
388185 (2006 CX10),AMO,Y,N,17.79,2.75,0.019,,,,0.5092,2.574,1.263,26.98,32.09,189.84,276.69,0.2386,1510.0,0.26,0.0,343
388189 (2006 DS14),ATE,Y,N,20.53,0.315,0.123,,,,0.3365,0.8638,0.573,26.54,162.24,187.5,11.82,1.228,293.0,0.155,0.0,264
388838 (2008 EZ5),AMO,Y,N,19.62,0.378,0.196,2.859,,,0.5065,2.091,1.032,7.99,14.8,228.58,293.35,0.3259,1100.0,0.0806,0.0,1992
389694 (2011 QD48),APO,Y,Y,18.2,0.451,0.456,5.24,,,0.4922,1.545,0.785,19.07,358.78,106.8,61.92,0.5131,702.0,0.018,0.0,825
390725 (2003 HB),ATE,Y,Y,19.69,0.293,0.271,,,,0.3803,0.8497,0.527,18.12,70.34,306.76,130.68,1.258,286.0,0.0472,0.0,499
391151 (2005 YY93),APO,Y,N,17.23,1.745,0.084,,,,0.8811,2.584,0.307,24.8,294.8,313.35,265.81,0.2373,1520.0,0.106,0.0,403
391211 (2006 HZ51),AMO,Y,Y,18.48,0.412,0.415,,,,0.45,1.898,1.044,12.41,84.27,193.37,138.06,0.3771,955.0,0.0335,0.0,207
393359 (1998 ME3),AMO,Y,N,19.44,0.774,0.062,,,,0.4836,2.179,1.125,6.01,129.36,165.65,182.24,0.3064,1180.0,0.111,0.0,280
393569 (2003 JC13),APO,Y,N,20.3,0.551,0.048,,,,0.3152,1.066,0.73,8.51,205.79,172.03,48.8,0.8951,402.0,0.143,0.0,515
394130 (2006 HY51),APO,Y,N,17.22,1.218,0.157,,,,0.9684,2.589,0.082,33.53,40.62,341.98,228.07,0.2366,1520.0,0.113,0.0,315
394392 (2007 EP88),ATE,Y,N,18.37,0.636,0.174,,,,0.8859,0.8373,0.096,20.73,328.48,47.13,256.44,1.286,280.0,0.143,0.0,215
395143 (2010 CN1),APO,Y,N,18.95,0.636,0.124,,,,0.439,1.499,0.841,20.97,216.42,192.5,250.47,0.5371,670.0,0.144,0.0,183
395207 (2010 HQ80),APO,Y,Y,19.61,0.724,0.022,,,,0.4897,1.568,0.8,27.84,218.43,66.37,280.5,0.5021,717.0,0.00938,0.0,321
397237 (2006 KZ112),APO,Y,N,16.76,1.18,0.269,,,,0.8872,2.523,0.285,37.85,166.33,358.2,323.51,0.246,1460.0,0.531,0.0,305
398188 Agni (2010 LE15),ATE,Y,Y,19.33,0.462,0.137,21.99,,,0.2733,0.8645,0.628,13.25,134.18,328.63,252.91,1.226,294.0,0.0219,0.0,718
399325 (1999 GY5),APO,Y,N,20.18,0.669,0.039,,,,0.6148,1.146,0.442,24.43,203.37,232.24,297.62,0.8029,448.0,0.0631,0.0,345
399433 (2001 YK4),APO,Y,N,18.58,1.339,0.021,,,,0.7767,2.655,0.593,4.38,155.69,210.86,204.04,0.2279,1580.0,0.0646,0.0,168
401857 (2000 PG3),APO,Y,N,16.14,4.2,0.046,,,,0.8554,2.826,0.409,22.05,323.53,141.28,88.55,0.2075,1740.0,0.212,0.0,464
401925 (2002 AT15),APO,Y,N,18.48,0.475,0.342,,,,0.4752,1.894,0.994,36.38,108.4,266.51,86.34,0.3781,952.0,0.31,0.0,162
406952 (2009 KJ),APO,Y,N,17.11,0.772,0.429,,,,0.7175,1.241,0.351,32.95,12.47,67.13,15.33,0.713,505.0,0.0894,0.0,163
407324 (2010 OB101),APO,Y,N,20.58,0.281,0.141,,,,0.5225,1.617,0.772,9.13,260.89,334.46,195.84,0.4795,751.0,0.112,0.0,117
408751 (1987 SF3),AMO,Y,N,19.02,0.399,0.278,21.0,,,0.5344,2.254,1.049,3.35,186.84,134.79,116.58,0.2913,1240.0,0.0543,0.0,384
409256 (2004 HO1),AMO,Y,N,18.42,1.887,0.026,,,,0.5215,2.207,1.056,25.74,43.25,265.25,177.97,0.3007,1200.0,0.331,0.0,174
409836 (2006 QY110),APO,Y,Y,18.07,0.554,0.331,,,,0.5742,1.924,0.819,6.4,222.61,221.65,49.6,0.3693,975.0,0.0319,0.0,249
410088 (2007 EJ),APO,Y,N,18.2,1.032,0.095,4.5569,,,0.6293,2.501,0.927,8.32,61.73,3.64,276.14,0.2492,1440.0,0.0573,0.0,1814
410777 (2009 FD),APO,Y,N,22.18,0.472,0.01,4.0,,,0.4931,1.164,0.59,3.12,9.17,281.66,50.41,0.7849,459.0,0.0021,0.0,516
410778 (2009 FG19),APO,Y,Y,18.15,1.457,0.048,8.0,,,0.719,2.911,0.818,54.5,187.49,120.41,96.83,0.1985,1810.0,0.0253,0.0,347
411165 (2010 DF1),APO,Y,N,22.09,0.159,0.121,45.8,,,0.5028,1.599,0.795,20.09,154.79,101.89,240.86,0.4875,738.0,0.0428,0.0,281
411201 (2010 LJ14),AMO,Y,N,17.8,0.658,0.31,113.0,,,0.3418,1.626,1.07,12.03,177.36,295.41,269.66,0.4753,757.0,0.172,0.0,1506
411611 (2011 QF14),AMO,Y,N,18.75,0.358,0.415,,,,0.4833,2.026,1.047,3.4,138.26,297.33,293.15,0.3419,1050.0,0.0811,0.0,479
413038 (2001 MF1),AMO,Y,N,16.94,1.237,0.301,6.569,,,0.577,2.649,1.121,23.97,288.58,76.61,215.94,0.2286,1570.0,0.341,0.0,639
413123 (2001 XS1),AMO,Y,N,18.99,1.258,0.03,,,,0.5562,2.672,1.186,10.94,266.9,164.82,179.32,0.2257,1590.0,0.205,0.0,330
413192 (2002 VY94),AMO,Y,N,16.91,2.16,0.043,,,,0.6571,3.245,1.113,9.12,280.8,233.36,306.43,0.1686,2140.0,0.174,0.0,697
413421 (2004 VA15),AMO,Y,N,18.27,1.9,0.023,,,,0.5846,2.903,1.206,17.82,34.65,332.24,99.41,0.1993,1810.0,0.236,0.0,222
413820 (2006 QR89),AMO,Y,N,19.65,0.659,0.049,,,,0.3672,1.889,1.195,9.24,166.34,263.76,92.4,0.3797,948.0,0.271,0.0,203
414286 (2008 OC6),ATE,Y,Y,18.59,0.369,0.471,,,,0.1992,0.9231,0.739,21.85,177.57,295.87,96.24,1.111,324.0,0.0306,0.0,527
414287 (2008 OB9),APO,Y,Y,17.73,1.974,0.038,42.5,,,0.7597,3.201,0.769,13.5,202.67,238.62,331.52,0.1721,2090.0,0.0125,0.0,329
414429 (2009 DC43),APO,Y,N,18.02,2.866,0.015,,,,0.4894,1.8,0.919,20.84,84.22,172.97,304.26,0.408,882.0,0.0953,0.0,368
414586 (2009 UV18),AMO,Y,N,16.13,0.996,0.709,,,,0.6331,3.172,1.164,8.34,86.75,62.66,288.89,0.1744,2060.0,0.221,0.0,960
414746 (2010 EH20),AMO,Y,N,17.86,1.8,0.019,,,,0.523,2.621,1.25,23.87,120.65,207.67,210.66,0.2323,1550.0,0.267,0.0,241
414772 (2010 OC103),APO,Y,N,19.14,1.466,0.019,,,,0.672,1.195,0.392,23.11,17.94,178.33,36.29,0.7549,477.0,0.333,0.0,251
415711 (1998 WT7),AMO,Y,N,19.01,0.346,0.371,,,,0.11,1.152,1.025,40.7,248.26,235.94,259.17,0.7973,452.0,0.0849,0.0,513
415986 (2002 AT5),AMO,Y,N,18.03,1.072,0.088,,,,0.5461,2.664,1.21,25.73,332.21,181.5,158.85,0.2266,1590.0,0.22,0.0,184
416071 (2002 NV),AMO,Y,N,18.05,0.803,0.189,17.7,,,0.6171,2.666,1.021,22.27,294.23,271.81,155.81,0.2264,1590.0,0.307,0.0,239
416567 (2004 EB),AMO,Y,N,17.13,2.538,0.036,,,,0.6613,3.108,1.053,21.09,20.74,238.68,309.57,0.1798,2000.0,0.197,0.0,210
416694 (2004 YR32),APO,Y,N,17.67,2.292,0.031,50.3,,,0.6984,3.071,0.926,20.45,89.89,89.04,317.65,0.1832,1970.0,0.246,0.0,359
416801 (2005 GC120),APO,Y,Y,19.64,0.906,0.031,9.0,,,0.4975,1.193,0.6,16.54,67.92,258.31,215.55,0.756,476.0,0.00561,0.0,350
417264 (2006 AT2),AMO,Y,N,17.06,1.93,0.062,,,,0.6046,2.697,1.066,21.13,143.82,39.5,136.58,0.2226,1620.0,0.146,0.0,1673
417634 (2006 XG1),APO,Y,Y,18.57,0.418,0.154,,,,0.5956,2.458,0.994,20.49,38.45,344.15,334.55,0.2557,1410.0,0.0149,0.0,171
418094 (2007 WV4),APO,Y,Y,19.65,0.89,0.042,9.929,,,0.4408,1.486,0.831,38.34,249.86,297.64,268.04,0.5439,662.0,0.019,0.0,399
418797 (2008 VF),ATE,Y,N,19.41,0.789,0.063,7.35,,,0.3258,0.9059,0.611,26.2,234.4,3.28,90.34,1.143,315.0,0.209,0.0,470
418929 (2009 DM1),AMO,Y,N,17.03,1.432,0.137,4.59,,,0.6407,2.894,1.04,15.2,197.58,219.77,151.56,0.2002,1800.0,0.109,0.0,2675
419472 (2010 DW1),APO,Y,Y,19.97,0.459,0.088,,,,0.2002,1.225,0.98,23.77,157.11,9.66,217.22,0.727,495.0,0.00882,0.0,385
419624 (2010 SO16),APO,Y,Y,20.44,0.357,0.084,,,,0.0754,1.004,0.928,14.51,40.34,109.26,234.44,0.9798,367.0,0.0306,0.0,350
419880 (2011 AH37),APO,Y,Y,19.83,0.982,0.026,,,,0.672,2.548,0.836,9.66,102.04,322.42,253.44,0.2423,1490.0,0.0353,0.0,190
422638 (1994 CB),APO,Y,N,21.09,0.193,0.195,8.676,,,0.1451,1.149,0.983,18.26,310.62,288.52,202.23,0.7998,450.0,0.0545,0.0,205
422686 (2000 AC6),ATE,Y,Y,21.6,0.176,0.143,2.4437,,,0.2865,0.8537,0.609,4.7,101.35,188.09,114.79,1.25,288.0,0.0462,0.0,464
422699 (2000 PD3),APO,Y,Y,18.28,0.619,0.22,42.484,,,0.5919,1.999,0.816,7.7,298.63,110.25,310.77,0.3488,1030.0,0.0271,0.0,528
423321 (2005 ED318),AMO,Y,Y,20.9,0.202,0.212,17.157,,,0.4502,1.85,1.017,2.39,82.04,164.37,52.13,0.3917,919.0,0.00676,0.0,615
424089 (2007 DU103),AMO,Y,N,17.56,2.314,0.027,,,,0.5016,2.463,1.227,23.26,337.73,295.21,244.14,0.255,1410.0,0.368,0.0,417
424392 (2007 YJ),APO,Y,N,22.11,0.239,0.054,,,,0.2797,1.103,0.795,3.31,28.87,199.41,39.45,0.8505,423.0,0.0512,0.0,189
428223 (2006 WW),APO,Y,N,16.02,2.525,0.101,,,,0.8696,2.697,0.352,31.81,87.89,198.38,135.5,0.2225,1620.0,0.399,0.0,367
429073 (2009 ND1),AMO,Y,N,17.23,2.498,0.041,,,,0.571,2.733,1.172,11.83,97.94,292.28,176.32,0.2182,1650.0,0.264,0.0,228
429382 (2010 NW117),AMO,Y,N,18.34,0.448,0.463,,,,0.5328,2.354,1.1,3.41,252.66,148.6,53.96,0.273,1320.0,0.112,0.0,466
429746 (2011 SA16),AMO,Y,N,17.27,1.275,0.131,,,,0.5328,2.732,1.276,20.12,275.39,317.46,109.18,0.2183,1650.0,0.325,0.0,178
431107 (2006 GU),AMO,Y,N,17.69,1.266,0.092,,,,0.584,2.698,1.123,17.7,148.92,146.48,115.05,0.2223,1620.0,0.154,0.0,451
433953 (1997 XR2),APO,Y,Y,20.91,0.259,0.115,9.3205,,,0.2009,1.077,0.86,7.19,250.62,84.52,84.77,0.8824,408.0,0.0011,0.0,548
433992 (2000 HD74),AMO,Y,N,17.93,0.827,0.144,9.36,,,0.5979,2.918,1.173,49.25,55.18,223.54,29.45,0.1977,1820.0,0.274,0.0,694
434096 (2002 GO5),APO,Y,Y,18.15,0.528,0.431,,,,0.7679,1.896,0.44,13.77,22.59,65.37,35.8,0.3776,953.0,0.0311,0.0,263
434632 (2005 WE),APO,Y,N,19.88,1.15,0.019,,,,0.2513,1.151,0.862,12.37,289.91,22.66,144.74,0.798,451.0,0.129,0.0,260
434633 (2005 WB1),APO,Y,Y,20.7,0.31,0.039,,,,0.3553,1.264,0.815,22.88,61.4,265.78,81.59,0.6939,519.0,0.0454,0.0,277
434740 (2006 GZ),APO,Y,N,19.49,0.997,0.031,,,,0.3798,1.527,0.947,12.48,25.57,292.5,59.58,0.5221,689.0,0.0828,0.0,251
435404 (2008 AT28),AMO,Y,N,18.63,0.921,0.083,,,,0.4424,2.21,1.232,8.86,130.26,263.95,202.4,0.3,1200.0,0.292,0.0,372
436030 (2009 JO2),ATE,Y,N,19.42,0.295,0.296,,,,0.4784,0.8883,0.463,19.62,203.41,239.73,327.2,1.177,306.0,0.0567,0.0,653
436324 (2010 GZ6),AMO,Y,N,19.44,0.369,0.205,,,,0.1441,1.401,1.199,44.84,199.43,73.93,83.33,0.5941,606.0,0.309,0.0,462
436325 (2010 GR7),APO,Y,N,18.36,0.452,0.378,,,,0.8456,1.831,0.283,24.13,157.55,192.01,75.21,0.3977,905.0,0.283,0.0,224
436329 (2010 GX62),APO,Y,Y,20.09,0.622,0.012,,,,0.6989,2.971,0.895,21.82,206.92,317.0,33.14,0.1924,1870.0,0.000481,0.0,182
436671 (2011 SV71),AMO,Y,Y,18.0,2.159,0.024,,,,0.6081,2.635,1.032,13.39,80.6,190.72,155.11,0.2305,1560.0,0.0213,0.0,205
436761 (2012 DN),APO,Y,N,18.2,2.773,0.013,,,,0.5932,2.235,0.909,19.95,143.25,247.33,96.65,0.295,1220.0,0.103,0.0,151
437879 (2001 RX11),AMO,Y,N,17.72,1.82,0.044,,,,0.5462,2.767,1.256,13.09,343.59,308.08,106.69,0.2142,1680.0,0.298,0.0,534
437994 (2003 UL12),APO,Y,N,17.48,1.078,0.2,,,,0.7034,3.28,0.973,19.81,192.68,275.32,243.17,0.166,2170.0,0.254,0.0,495
438107 (2005 GY110),APO,Y,N,18.36,0.663,0.191,,,,0.6864,1.849,0.58,12.65,294.6,169.16,88.38,0.3921,918.0,0.215,0.0,113
438897 (2009 WN),AMO,Y,N,18.83,0.946,0.06,,,,0.2215,1.38,1.074,32.79,249.33,236.18,282.41,0.6079,592.0,0.174,0.0,260
438902 (2009 WF104),AMO,Y,N,17.5,2.226,0.047,56.5,,,0.6559,3.083,1.061,16.97,81.63,94.4,312.39,0.182,1980.0,0.278,0.0,938
438990 (2010 SG13),APO,Y,N,18.34,0.818,0.126,,,,0.7485,1.252,0.315,33.8,252.94,225.13,235.36,0.7032,512.0,0.0641,0.0,122
439889 (2000 PG5),AMO,Y,N,20.38,0.59,0.046,,,,0.458,2.088,1.132,6.12,309.69,358.86,141.85,0.3266,1100.0,0.116,0.0,235
439898 (2000 TG2),AMO,Y,N,19.99,0.53,0.063,,,,0.2454,1.522,1.148,12.0,206.82,200.43,113.7,0.5251,686.0,0.163,0.0,273
441952 (2010 LR68),AMO,Y,N,18.39,2.246,0.017,,,,0.587,3.096,1.279,4.71,109.01,299.82,288.4,0.1809,1990.0,0.3,0.0,418
441987 (2010 NY65),APO,Y,Y,21.35,0.228,0.071,4.9706,,,0.3701,1.004,0.632,11.54,267.92,252.09,207.8,0.9803,367.0,0.0185,0.0,999
442037 (2010 PR66),APO,Y,Y,19.26,0.695,0.063,2.0734,,,0.6874,2.928,0.915,17.6,292.75,319.53,29.0,0.1967,1830.0,0.00257,0.0,671
442605 (2012 HY33),APO,Y,N,19.29,0.44,0.209,,,,0.5437,1.997,0.911,14.7,63.57,270.8,238.56,0.3492,1030.0,0.163,0.0,138
442742 (2012 WP3),AMO,Y,N,17.81,2.003,0.04,221.0,,,0.3842,2.1,1.293,22.57,227.14,141.72,128.17,0.3239,1110.0,0.348,0.0,1252
443806 (1998 FL3),APO,Y,Y,21.72,0.288,0.034,,,,0.2478,1.26,0.948,26.38,180.1,121.34,111.29,0.6968,517.0,0.0397,0.0,59
443837 (2000 TJ1),AMO,Y,N,19.68,0.253,0.399,14.09,,,0.0808,1.16,1.067,39.54,190.41,52.5,158.17,0.7885,457.0,0.0978,0.0,684
443880 (2001 UZ16),APO,Y,Y,19.38,0.228,0.593,13.719,,,0.4265,1.76,1.009,12.67,323.09,28.63,128.94,0.4221,853.0,0.0292,0.0,451
443923 (2002 RU25),AMO,Y,N,17.57,3.316,0.018,119.4,,,0.4826,2.178,1.127,28.9,5.02,306.41,99.11,0.3067,1170.0,0.248,0.0,780
444193 (2005 SE71),APO,Y,Y,18.19,0.437,0.503,66.8,,,0.1944,1.07,0.862,24.83,39.1,78.3,19.16,0.891,404.0,0.00228,0.0,487
445025 (2008 NS1),APO,Y,N,17.43,2.098,0.04,,,,0.8092,2.408,0.459,13.47,305.78,211.12,230.93,0.2637,1370.0,0.17,0.0,88
445305 (2010 DM56),APO,Y,Y,19.81,0.762,0.025,,,,0.2926,1.306,0.924,25.6,349.6,48.17,254.76,0.6601,545.0,0.00703,0.0,346
450159 (2000 JJ5),APO,Y,N,19.03,0.735,0.09,,,,0.7025,1.91,0.568,9.44,59.81,50.93,268.47,0.3733,964.0,0.0962,0.0,185
450237 (2002 XY38),ATE,Y,N,23.18,0.096,0.134,,,,0.2177,0.9113,0.713,2.12,158.7,119.93,293.99,1.133,318.0,0.00287,0.0,145
450238 (2002 XN40),AMO,Y,N,18.35,1.25,0.059,,,,0.4267,2.17,1.244,25.62,270.95,216.51,38.27,0.3083,1170.0,0.312,0.0,262
451124 (2009 KC3),APO,Y,Y,18.08,2.188,0.023,,,,0.6984,3.21,0.968,10.01,340.11,337.26,300.39,0.1714,2100.0,0.00649,0.0,472
451217 (2009 XE11),AMO,Y,N,17.0,2.72,0.038,,,,0.6106,3.315,1.291,14.06,99.79,107.71,197.73,0.1633,2200.0,0.38,0.0,155
452313 (1998 XR16),APO,Y,N,18.6,1.514,0.031,,,,0.5817,2.272,0.951,20.5,91.47,68.58,287.09,0.2877,1250.0,0.16,0.0,359
452389 (2002 NW16),AMO,Y,N,18.15,0.846,0.156,46.7,,,0.0301,1.109,1.075,14.16,301.51,317.41,46.35,0.8444,426.0,0.0661,0.0,2129
452639 (2005 UY6),APO,Y,N,18.14,2.249,0.018,,,,0.8728,2.249,0.286,12.22,343.55,180.92,304.51,0.2923,1230.0,0.18,0.0,195
453687 (2010 VY190),AMO,Y,N,19.39,0.948,0.037,,,,0.3091,1.809,1.25,19.98,241.82,142.95,75.1,0.4049,889.0,0.299,0.0,303
453707 (2010 XY72),APO,Y,Y,18.73,0.495,0.261,13.248,,,0.2287,1.133,0.874,31.48,34.42,307.02,177.28,0.8171,441.0,0.0474,0.0,458
454078 (2012 VV93),AMO,Y,N,17.39,2.959,0.02,,,,0.4893,2.24,1.144,25.0,314.12,145.75,326.98,0.294,1220.0,0.209,0.0,294
454094 (2013 BZ45),APO,Y,Y,21.87,0.167,0.11,0.4831,,,0.1447,1.015,0.868,11.85,131.05,98.78,121.72,0.9639,374.0,0.0242,0.0,190
454100 (2013 BO73),APO,Y,Y,20.18,0.548,0.054,1.1,,,0.4184,1.331,0.774,4.54,24.76,298.17,252.78,0.6417,561.0,0.018,0.0,282
455185 (2000 EB107),AMO,Y,N,17.35,0.599,0.056,,,,0.5828,3.067,1.28,24.26,175.83,45.37,293.14,0.1835,1960.0,0.363,0.0,334
455192 (2000 QN130),AMO,Y,N,18.36,1.082,0.121,30.33,,,0.5767,2.881,1.22,2.68,100.0,306.22,25.06,0.2015,1790.0,0.233,0.0,628
455299 (2002 EL6),APO,Y,Y,18.05,0.537,0.386,,,,0.5802,2.299,0.965,9.53,84.83,186.97,258.02,0.2827,1270.0,0.0454,0.0,602
455426 (2003 MT9),APO,Y,N,18.76,0.685,0.137,,,,0.9223,2.534,0.197,6.83,233.37,200.72,184.5,0.2444,1470.0,0.0538,0.0,260
455594 (2004 SV55),APO,Y,N,17.91,1.625,0.042,,,,0.6583,1.759,0.601,41.17,344.49,280.88,44.44,0.4224,852.0,0.092,0.0,483
455795 (2005 SF),APO,Y,N,18.84,1.242,0.035,,,,0.654,1.952,0.675,10.11,110.4,148.96,162.91,0.3614,996.0,0.131,0.0,108
456537 (2007 BG),ATE,Y,N,19.63,0.308,0.242,,,,0.3306,0.7869,0.527,12.75,168.27,133.41,162.37,1.412,255.0,0.0523,0.0,319
457647 (2009 CZ),APO,Y,N,17.9,1.958,0.031,,,,0.7133,2.287,0.656,21.75,46.46,189.28,291.38,0.285,1260.0,0.312,0.0,107
458135 (2010 GE25),AMO,Y,N,20.27,0.304,0.23,,,,0.4677,2.067,1.1,21.61,324.31,235.56,85.98,0.3317,1090.0,0.223,0.0,182
458436 (2011 AL52),AMO,Y,Y,17.45,1.102,0.159,,,,0.6363,2.802,1.019,13.44,272.7,171.76,49.42,0.2101,1710.0,0.0387,0.0,168
459683 (2013 MY5),APO,Y,Y,19.79,0.269,0.322,,,,0.453,1.662,0.909,3.0,102.88,279.03,245.9,0.46,783.0,0.0322,0.0,183
462041 (2007 DL8),APO,Y,N,17.36,1.847,0.052,,,,0.763,2.664,0.631,19.64,154.67,135.44,72.19,0.2266,1590.0,0.18,0.0,234
462238 (2008 CN1),ATE,Y,Y,20.66,0.227,0.197,6.0555,,,0.3478,0.7706,0.503,7.22,331.43,7.29,249.03,1.457,247.0,0.0336,1.0,568
462775 (2010 GY6),APO,Y,N,19.39,0.579,0.028,,,,0.2342,1.287,0.985,21.91,204.66,116.04,137.79,0.6754,533.0,0.0926,0.0,384
463664 (2014 JY24),APO,Y,N,18.64,0.868,0.085,,,,0.5929,1.632,0.665,19.96,67.26,38.18,257.4,0.4726,762.0,0.202,0.0,292
464797 (2004 FZ1),APO,Y,N,18.3,0.726,0.16,45.4,,,0.5308,1.794,0.842,52.63,152.56,89.5,335.8,0.4103,878.0,0.227,0.0,357
464798 (2004 JX20),ATE,Y,N,19.37,1.109,0.028,10.758,,,0.2657,0.9016,0.662,10.53,101.74,349.13,166.42,1.151,313.0,0.0947,0.0,995
464885 (2005 LS3),AMO,Y,N,19.47,0.384,0.19,,,,0.2677,1.49,1.091,34.9,85.21,123.61,124.49,0.5421,664.0,0.176,0.0,214
465098 (2006 UQ217),AMO,Y,N,16.62,2.073,0.097,,,,0.5895,2.99,1.227,22.22,84.57,240.27,272.12,0.1906,1890.0,0.35,0.0,415
465749 (2009 WO6),AMO,Y,N,17.32,2.49,0.034,86.2,,,0.5832,3.08,1.284,28.79,76.21,30.37,325.85,0.1823,1970.0,0.343,0.0,501
465826 (2010 GA24),APO,Y,Y,21.09,0.15,0.285,,,,0.5469,2.097,0.95,7.68,30.65,237.59,31.31,0.3247,1110.0,0.0479,0.0,241
467352 (2003 KZ18),ATE,Y,N,21.34,0.47,0.026,,,,0.3308,0.9491,0.635,23.89,249.95,154.64,339.12,1.066,338.0,0.158,0.0,166
467372 (2004 LG),APO,Y,N,18.11,0.874,0.146,,,,0.8967,2.065,0.213,71.17,256.84,164.73,57.36,0.3322,1080.0,0.518,0.0,132
468117 (2014 ED),APO,Y,N,19.18,0.493,0.139,,,,0.6382,1.546,0.559,21.77,74.95,355.08,66.59,0.5125,702.0,0.366,0.0,92
468468 (2004 KH17),ATE,Y,Y,22.01,0.197,0.072,,,,0.4981,0.7122,0.357,22.13,79.11,340.73,112.1,1.64,220.0,0.0047,0.0,248
468727 (2010 JE87),ATE,Y,Y,20.76,0.308,0.108,,,,0.437,0.9042,0.509,16.91,120.47,242.31,292.89,1.146,314.0,0.0355,0.0,192
469445 (2002 LT24),ATE,Y,N,22.14,0.143,0.136,,,,0.4958,0.7201,0.363,0.77,165.65,283.09,302.27,1.613,223.0,0.0114,0.0,287
469494 (2002 XS40),APO,Y,N,20.09,0.758,0.028,,,,0.3382,1.498,0.991,11.63,97.59,83.83,125.47,0.5378,669.0,0.155,0.0,391
469513 (2003 QR79),APO,Y,N,20.87,0.297,0.087,4.11,,,0.3055,1.278,0.888,17.16,333.01,103.2,72.87,0.6818,528.0,0.0693,0.0,264
471083 (2009 XF2),APO,Y,N,20.04,0.244,0.271,,,,0.2469,1.286,0.968,14.01,88.46,113.44,239.91,0.6762,532.0,0.063,0.0,225
471241 (2011 BX18),APO,Y,Y,18.58,1.451,0.044,4.828,,,0.7321,2.865,0.768,14.7,310.41,304.52,334.94,0.2032,1770.0,0.0373,0.0,2101
474425 (2002 YF4),AMO,Y,N,18.84,0.358,0.368,,,,0.3339,1.755,1.169,33.68,61.65,93.58,276.87,0.4241,849.0,0.429,0.0,391
474549 (2003 WX153),APO,Y,N,18.07,1.488,0.06,,,,0.6029,2.186,0.868,32.54,91.35,63.16,263.68,0.3049,1180.0,0.0862,0.0,713
475016 (2005 UO),APO,Y,N,22.06,0.164,0.094,,,,0.5826,1.351,0.564,7.7,19.09,258.66,325.88,0.6279,573.0,0.00186,0.0,124
475950 (2007 FE1),APO,Y,N,18.85,0.389,0.353,,,,0.5488,2.017,0.91,9.85,44.72,193.23,156.58,0.344,1050.0,0.0691,0.0,133
476438 (2008 EB9),AMO,Y,N,20.34,0.433,0.065,,,,0.2172,1.563,1.223,21.35,341.66,251.47,329.77,0.5045,714.0,0.344,0.0,331
477490 (2010 CG18),AMO,Y,N,20.59,0.652,0.017,,,,0.2261,1.439,1.113,10.15,78.78,351.62,78.71,0.5712,630.0,0.129,0.0,299
477491 (2010 CD19),APO,Y,N,17.99,0.739,0.25,,,,0.5787,2.258,0.951,20.75,309.39,132.64,241.77,0.2906,1240.0,0.0721,0.0,204
477519 (2010 DJ56),APO,Y,Y,19.15,0.321,0.327,,,,0.2453,1.25,0.943,34.84,149.91,309.29,153.78,0.7053,510.0,0.0265,0.0,226
477524 (2010 EH43),AMO,Y,N,18.67,0.991,0.054,,,,0.0441,1.278,1.222,37.54,5.4,196.1,295.93,0.6823,528.0,0.225,0.0,333
477588 (2010 JD87),APO,Y,N,19.39,0.692,0.093,,,,0.6395,1.428,0.515,24.62,338.33,148.61,77.19,0.5778,623.0,0.284,0.0,94
477762 (2010 XZ67),AMO,Y,N,19.74,0.326,0.201,15.04,,,0.4943,2.06,1.042,11.85,280.19,169.17,10.12,0.3333,1080.0,0.0623,0.0,633
480936 (2003 QH5),APO,Y,Y,20.26,0.537,0.056,6.74,,,0.2201,1.26,0.982,17.62,299.2,321.2,306.64,0.6972,516.0,0.00532,0.0,267
481327 (2006 BB27),AMO,Y,Y,19.9,0.216,0.378,,,,0.2457,1.362,1.027,27.16,132.16,144.68,54.84,0.62,581.0,0.0486,0.0,179
482054 (2010 AE),APO,Y,N,19.47,0.413,0.18,,,,0.377,1.489,0.927,15.98,294.47,270.86,217.48,0.5426,663.0,0.146,0.0,322
482055 (2010 AH30),AMO,Y,N,18.5,1.855,0.022,,,,0.5501,2.288,1.03,43.35,104.39,118.83,157.5,0.2847,1260.0,0.21,0.0,278
482111 (2010 NT1),AMO,Y,N,19.44,0.383,0.209,,,,0.2179,1.458,1.141,39.53,283.25,306.32,282.0,0.5596,643.0,0.205,0.0,153
483508 (2003 CR1),APO,Y,Y,20.02,0.202,0.433,26.39,,,0.4629,1.453,0.78,12.72,310.93,101.98,44.99,0.5629,640.0,0.0267,0.0,281
484402 (2007 XH16),APO,Y,Y,19.68,0.452,0.125,3.6342,,,0.2349,1.187,0.908,27.43,91.27,58.33,267.84,0.7621,472.0,0.0137,0.0,462
485110 (2010 HZ108),APO,Y,N,20.93,0.356,0.055,,,,0.2086,1.249,0.988,22.88,173.98,106.69,350.2,0.7064,510.0,0.107,0.0,107
488494 (2000 JA3),AMO,Y,N,18.74,0.766,0.1,,,,0.4557,2.256,1.228,10.2,119.54,151.42,181.43,0.2908,1240.0,0.225,0.0,471
488789 (2004 XK50),APO,Y,Y,18.98,1.039,0.038,,,,0.6886,1.451,0.452,38.23,94.05,104.01,314.44,0.5638,639.0,0.042,0.0,234
488803 (2005 GB120),ATE,Y,N,20.48,0.209,0.283,,,,0.3947,0.7912,0.479,9.15,160.86,243.83,223.41,1.401,257.0,0.0743,0.0,239
489203 (2006 JT),AMO,Y,N,18.65,1.52,0.019,,,,0.4783,2.403,1.254,36.38,20.88,162.61,99.01,0.2646,1360.0,0.266,0.0,71
490581 (2009 WZ104),ATE,Y,Y,20.85,0.237,0.314,19.304,,,0.1926,0.8555,0.691,9.84,263.23,10.59,209.78,1.246,289.0,0.0302,0.0,1209
492478 (2014 NB39),APO,Y,N,19.71,1.084,0.024,,,,0.686,1.675,0.526,17.02,218.44,179.67,46.66,0.4546,792.0,0.288,0.0,89
495858 (2003 MJ4),APO,Y,N,18.83,0.342,0.548,,,,0.5619,2.303,1.009,5.31,77.37,271.83,124.93,0.2821,1280.0,0.0916,0.0,732
496174 (2011 CQ4),APO,Y,N,18.46,0.657,0.179,128.0,,,0.5832,2.002,0.834,23.74,85.97,86.46,45.62,0.348,1030.0,0.166,0.0,224
496816 (1989 UP),APO,Y,Y,20.54,0.3,,6.98,,,0.4723,1.861,0.982,3.85,53.15,17.84,51.75,0.3881,928.0,0.00562,0.0,368
496817 (1989 VB),APO,Y,Y,19.99,0.4,,14.533,,,0.4602,1.862,1.005,2.18,37.83,330.93,73.57,0.388,928.0,0.0166,0.0,308
496837 (1998 SB15),AMO,Y,N,20.83,0.337,0.062,,,,0.1614,1.226,1.028,15.63,6.74,67.7,302.47,0.7257,496.0,0.112,0.0,376
496962 (2002 GP186),APO,Y,N,20.31,0.175,0.439,,,,0.3311,1.285,0.859,8.11,31.17,24.85,194.8,0.6767,532.0,0.0813,0.0,119
498066 (2007 RM133),AMO,Y,N,18.55,0.589,0.268,6.21,,,0.4413,2.21,1.235,10.76,106.04,181.28,227.12,0.2999,1200.0,0.217,0.0,1780
498143 (2007 TR65),APO,Y,N,18.8,1.531,0.023,,,,0.5615,1.154,0.506,43.48,23.74,215.75,288.22,0.7947,453.0,0.296,0.0,244
499490 (2010 MW),AMO,Y,N,18.98,1.202,0.031,,,,0.4713,2.277,1.204,21.35,246.24,105.6,135.33,0.2869,1250.0,0.385,0.0,188
499496 (2010 MR87),AMO,Y,N,19.49,0.357,0.22,,,,0.3907,1.734,1.056,34.99,195.26,132.49,243.82,0.4318,834.0,0.15,0.0,261
499582 (2010 TH19),APO,Y,Y,20.53,0.461,0.044,,,,0.3101,1.464,1.01,6.83,254.2,201.5,139.78,0.5562,647.0,0.0364,0.0,261
501878 (2014 WF365),APO,Y,N,17.25,2.177,0.049,,,,0.7616,2.264,0.54,17.82,165.68,15.23,44.38,0.2894,1240.0,0.287,0.0,238
503941 (2003 UV11),APO,Y,Y,19.62,0.26,0.376,18.25,,,0.7627,1.454,0.345,5.93,31.77,124.94,189.05,0.5624,640.0,0.00783,0.0,1084
504800 (2010 CO1),APO,Y,Y,21.48,0.38,0.032,,,,0.2179,1.013,0.792,24.02,351.55,252.72,105.66,0.9671,372.0,0.0215,0.0,158
504827 (2010 KZ117),AMO,Y,N,19.09,0.615,0.092,,,,0.5112,2.272,1.111,33.19,314.09,321.48,179.71,0.2878,1250.0,0.169,0.0,106
504994 (2011 JU2),AMO,Y,N,18.41,1.492,0.035,,,,0.4603,2.014,1.087,56.1,47.22,301.29,322.68,0.3448,1040.0,0.268,0.0,130
505093 (2011 VQ5),AMO,Y,N,20.2,0.556,0.052,,,,0.4368,2.061,1.161,7.19,30.26,89.6,228.51,0.333,1080.0,0.222,0.0,487
505657 (2014 SR339),APO,Y,Y,18.48,0.971,0.068,8.71,,,0.3038,1.299,0.905,29.8,138.74,299.65,123.32,0.6654,541.0,0.035,0.0,1636
505667 (2014 UV33),AMO,Y,N,17.82,0.82,0.182,18.83,,,0.4139,2.016,1.182,8.86,115.67,335.32,282.08,0.3443,1050.0,0.207,0.0,730
506074 Svarog (2015 UM67),APO,Y,Y,18.9,0.665,0.11,,,,0.6874,1.558,0.487,6.01,150.01,132.28,90.47,0.5068,710.0,0.048,0.0,651
506590 (2005 XB1),APO,Y,N,21.97,0.099,0.287,,,,0.4188,1.131,0.658,8.71,73.31,232.95,291.54,0.819,440.0,0.0704,0.0,132
510055 (2010 FH81),APO,Y,Y,21.46,0.2,0.094,,,,0.2104,1.225,0.968,16.8,84.6,158.32,154.39,0.7265,496.0,0.037,0.0,105
510073 (2010 JF88),APO,Y,N,18.56,0.451,0.316,,,,0.6586,2.232,0.762,17.31,115.63,212.1,207.63,0.2956,1220.0,0.15,0.0,244
510262 (2011 HJ61),APO,Y,N,19.2,1.284,0.02,,,,0.4176,1.484,0.864,21.08,216.04,191.05,180.9,0.5454,660.0,0.124,0.0,192
511008 (2013 PX6),APO,Y,Y,18.55,1.647,0.028,,,,0.6514,2.597,0.905,13.66,187.35,229.74,319.72,0.2356,1530.0,0.0298,0.0,451
511243 (2014 BS32),AMO,Y,N,18.91,1.195,0.037,,,,0.217,1.576,1.234,11.64,334.91,271.33,241.5,0.4979,723.0,0.314,0.0,521
511684 (2015 BN509),APO,Y,Y,20.77,0.315,0.093,5.6713,,,0.5684,1.007,0.435,4.16,120.06,143.22,196.45,0.9756,369.0,0.0247,0.0,592
511777 (2015 EZ),APO,Y,N,20.14,0.194,0.358,6.57,,,0.2837,1.364,0.977,13.21,185.39,65.21,204.08,0.6186,582.0,0.0845,0.0,855
511808 (2015 FH120),APO,Y,N,18.67,0.746,0.105,,,,0.6097,2.038,0.795,11.09,71.43,15.46,256.25,0.3388,1060.0,0.127,0.0,2309
513550 (2010 NG3),AMO,Y,N,17.18,1.451,0.111,4.229,,,0.5698,2.61,1.123,26.66,63.73,195.52,251.4,0.2338,1540.0,0.12,0.0,378
514041 (2014 MQ18),AMO,Y,N,15.65,5.272,0.037,,,,0.5986,2.901,1.164,35.07,347.21,333.08,84.58,0.1995,1800.0,0.196,0.0,575
514652 (2005 SC71),AMO,Y,N,18.31,0.741,0.154,,,,0.3828,1.91,1.179,32.38,196.49,117.88,262.33,0.3734,964.0,0.331,0.0,284
515049 (2010 FL),APO,Y,N,19.3,0.351,0.273,,,,0.6565,1.917,0.659,11.39,66.55,214.21,292.39,0.3712,970.0,0.142,0.0,277
516803 (2010 JG88),APO,Y,N,19.52,0.463,0.144,,,,0.3845,1.374,0.846,30.61,213.33,106.08,184.62,0.6122,588.0,0.0526,0.0,228
516984 (2012 PN28),APO,Y,N,18.26,1.824,0.04,,,,0.5316,1.78,0.834,24.48,319.03,174.92,76.09,0.4149,868.0,0.152,0.0,177
518507 (2006 EE1),APO,Y,N,19.94,0.794,0.034,4.62,,,0.2764,1.203,0.87,36.4,154.21,278.04,32.48,0.7473,482.0,0.0725,0.0,272
518810 (2010 CF19),APO,Y,Y,21.85,0.083,0.448,,,,0.2699,1.193,0.871,7.18,154.7,265.32,85.37,0.7563,476.0,0.0321,0.0,180
520808 (2014 TF64),APO,Y,N,20.01,0.704,0.032,,,,0.418,1.613,0.939,52.67,217.96,114.24,180.93,0.481,748.0,0.131,0.0,236
523589 (2001 HA4),APO,Y,Y,17.79,1.851,0.047,,,,0.7934,2.69,0.556,17.18,353.95,95.72,224.25,0.2234,1610.0,0.0252,0.0,243
523595 (2002 OS4),AMO,Y,N,18.37,0.658,0.195,,,,0.4536,1.924,1.051,26.81,289.41,102.23,231.83,0.3694,975.0,0.298,0.0,789
523631 (2009 SX1),APO,Y,N,18.94,0.564,0.167,4.1321,,,0.4473,1.722,0.952,8.29,335.01,115.4,22.85,0.4361,825.0,0.0726,0.0,886
523632 (2009 UX17),AMO,Y,N,21.51,0.309,0.042,,,,0.0835,1.189,1.09,10.8,216.08,278.62,50.96,0.7599,474.0,0.149,0.0,341
523636 (2010 EX119),APO,Y,N,19.42,0.55,0.086,,,,0.5939,1.905,0.774,15.52,211.73,22.46,324.22,0.3749,960.0,0.158,0.0,105
523637 (2010 LT108),APO,Y,N,19.53,0.602,0.059,,,,0.3708,1.349,0.849,31.87,161.12,9.48,356.82,0.6288,573.0,0.139,0.0,99
523664 (2012 OD1),ATE,Y,Y,18.52,0.346,0.536,12.63,,,0.5029,0.8288,0.412,42.26,303.72,224.36,353.67,1.306,276.0,0.0391,0.0,1140
523747 (2014 US192),APO,Y,N,18.82,0.873,0.077,,,,0.7585,2.205,0.533,14.65,175.0,340.63,111.31,0.301,1200.0,0.231,0.0,223
523775 (2014 YB35),APO,Y,Y,19.11,0.279,0.569,3.277,,,0.4831,1.877,0.97,12.63,3.69,188.66,49.98,0.3833,939.0,0.0234,0.0,745
523816 (2009 ST103),APO,Y,Y,18.14,0.851,0.141,,,,0.7185,2.7,0.76,15.73,226.43,234.69,215.07,0.2221,1620.0,0.0372,0.0,153
523826 (1990 UP),AMO,Y,N,20.34,0.3,,20.0,,,0.1708,1.33,1.103,28.22,33.18,294.21,2.32,0.6427,560.0,0.2,0.0,182
529668 (2010 JL33),APO,Y,Y,17.89,1.778,0.047,9.443,,,0.7348,2.677,0.71,5.38,52.46,309.88,160.75,0.225,1600.0,0.0312,0.0,757
529718 (2010 KY127),APO,Y,N,16.83,1.77,0.129,,,,0.8826,2.491,0.292,60.75,6.85,357.16,310.72,0.2507,1440.0,0.708,0.0,90
529720 (2010 LM14),APO,Y,N,21.33,0.361,0.037,,,,0.3794,1.111,0.689,25.92,176.64,187.93,9.08,0.8421,427.0,0.314,0.0,64
529753 (2010 MF1),AMO,Y,Y,19.65,0.363,0.178,,,,0.5882,2.499,1.029,9.1,286.93,27.83,312.58,0.2495,1440.0,0.041,0.0,680
529819 (2010 PM58),APO,Y,N,20.86,0.259,0.095,,,,0.4597,1.371,0.741,13.59,332.35,53.83,153.74,0.6138,586.0,0.0975,1.0,38
530531 (2011 OL5),AMO,Y,N,20.24,0.28,0.187,11.009,,,0.1586,1.222,1.028,15.73,105.67,64.96,338.79,0.7299,493.0,0.118,0.0,636
530871 (2011 WS2),APO,Y,N,17.25,1.434,,,,,0.7433,1.009,0.259,46.8,326.72,307.68,334.04,0.9718,370.0,0.094,1.0,127
530938 (2011 XE),ATE,Y,N,19.29,0.413,0.197,,,,0.4634,0.7839,0.421,20.72,221.24,46.64,179.72,1.42,254.0,0.0535,0.0,305
532874 (2013 YZ13),AMO,Y,N,19.64,0.31,0.266,23.86,,,0.2617,1.391,1.027,31.22,288.39,235.52,51.5,0.6011,599.0,0.135,0.0,291
533722 (2014 NE52),APO,Y,Y,18.11,0.701,0.249,,,,0.6585,2.385,0.815,3.86,54.52,337.62,3.99,0.2675,1350.0,0.0358,0.0,712
534676 (2014 VK2),APO,Y,N,18.53,0.691,0.123,,,,0.604,1.838,0.728,16.37,63.25,232.12,181.52,0.3955,910.0,0.0953,0.0,282
535148 (2014 XR6),AMO,Y,N,18.38,0.861,0.114,,,,0.5325,2.587,1.21,27.13,67.94,70.8,218.95,0.2368,1520.0,0.427,0.0,330
537829 (2015 XY378),ATE,Y,N,19.51,0.312,0.214,,,,0.4893,0.7102,0.363,13.92,1.2,265.69,59.42,1.647,219.0,0.197,1.0,168
538212 (2016 CA136),APO,Y,Y,19.35,0.654,0.079,,,,0.7812,2.031,0.445,1.26,239.74,125.0,154.94,0.3405,1060.0,0.00704,0.0,296
612929 (2005 CR37),APO,Y,N,18.95,1.201,0.034,5.6,,,0.4686,1.905,1.012,26.05,335.51,209.79,309.75,0.3749,960.0,0.0615,0.0,285
613726 (2007 EF),ATE,Y,Y,21.34,0.26,0.072,,,,0.4101,0.8203,0.484,21.73,158.33,226.04,159.16,1.327,271.0,0.0259,0.0,120
613939 (2008 CH116),ATE,Y,N,19.25,0.322,0.355,,,,0.5875,0.6628,0.273,20.37,85.89,248.18,206.7,1.827,197.0,0.225,0.0,155
613995 (2008 NP3),APO,Y,N,22.85,0.193,0.023,,,,0.334,1.005,0.669,1.43,78.33,328.19,4.28,0.9783,368.0,0.0152,0.0,114
614316 (2008 YZ32),APO,Y,N,20.25,0.382,0.111,0.0963683,,,0.6205,1.038,0.394,16.54,105.19,224.47,68.54,0.9324,386.0,0.051,0.0,231
614521 (2009 UK),AMO,Y,N,19.92,0.28,0.225,,,,0.483,1.977,1.022,3.53,165.49,309.49,243.84,0.3544,1020.0,0.0584,0.0,245
614599 (2010 AB78),AMO,Y,N,18.31,1.671,0.03,,,,0.5454,2.256,1.026,33.27,316.8,296.6,215.85,0.2908,1240.0,0.208,0.0,177
614603 (2010 CM),AMO,Y,N,18.52,1.168,0.057,,,,0.5299,2.628,1.236,7.43,124.95,94.41,220.4,0.2313,1560.0,0.268,0.0,128
614643 (2010 GH65),AMO,Y,N,18.87,0.493,0.241,,,,0.6084,2.717,1.064,20.84,42.4,228.65,172.9,0.2201,1640.0,0.158,0.0,98
618348 (2016 PN),ATE,Y,N,20.22,0.16,0.495,5.455,,,0.3323,0.8587,0.573,21.6,126.04,23.68,22.8,1.239,291.0,0.0695,0.0,315
620091 (2015 FD341),ATE,Y,N,17.87,1.248,0.094,,,,0.6751,0.9552,0.31,20.54,7.51,67.03,234.51,1.056,341.0,0.125,1.0,114
620094 (2016 AJ193),APO,Y,Y,18.98,1.374,0.031,,,,0.8161,3.262,0.6,22.57,331.1,82.2,252.4,0.1673,2150.0,0.0147,0.0,467
666241 (2010 BK2),ATE,Y,N,22.04,0.118,0.205,,,,0.4479,0.9043,0.499,6.05,278.0,72.66,232.06,1.146,314.0,0.0329,0.0,85
675481 (2015 XL128),APO,Y,N,17.82,0.492,0.563,,,,0.702,2.574,0.767,17.94,42.17,161.28,123.47,0.2386,1510.0,0.192,0.0,231
676261 (2016 EE156),APO,Y,N,17.89,1.99,0.031,,,,0.8113,2.577,0.486,29.01,134.05,175.73,97.64,0.2383,1510.0,0.478,0.0,360
676362 (2016 FG15),APO,Y,N,19.96,0.686,0.041,,,,0.6945,2.498,0.763,16.62,72.48,183.79,144.32,0.2496,1440.0,0.225,0.0,157
706765 (2010 TK7),ATE,Y,N,20.78,0.379,0.059,,,,0.1903,0.9986,0.809,20.91,96.42,46.06,306.87,0.9877,364.0,0.082,0.0,153
723661 (2007 ES),APO,Y,N,18.84,0.848,,,,,0.5951,1.57,0.636,35.19,334.5,19.34,282.06,0.5012,718.0,0.355,1.0,87
726196 (2009 UP1),APO,Y,N,20.02,0.615,0.035,,,,0.4031,1.516,0.905,17.27,237.09,195.87,201.6,0.5279,682.0,0.0712,0.0,131
738442 (2016 SG1),APO,Y,N,17.21,2.73,0.024,,,,0.6964,2.13,0.647,36.42,175.49,354.44,306.21,0.3171,1140.0,0.348,0.0,203
741537 (2006 HV5),ATE,Y,Y,19.41,0.307,0.246,,,,0.3156,0.8425,0.577,32.02,35.94,317.51,8.22,1.275,282.0,0.0169,0.0,402
749081 (2014 EZ48),APO,Y,N,18.93,0.453,0.26,5.96,,,0.5639,2.255,0.983,25.51,178.75,82.05,136.8,0.2911,1240.0,0.264,0.0,600
749593 (2014 NE3),APO,Y,N,20.04,0.233,0.296,,,,0.3151,1.216,0.833,25.87,120.33,278.72,101.84,0.7347,490.0,0.0505,0.0,261
750500 (2014 VL6),APO,Y,Y,21.38,0.242,0.091,,,,0.3291,1.243,0.834,6.09,38.84,279.94,30.75,0.7109,506.0,0.0177,0.0,231
753131 (2015 WH13),APO,Y,N,18.87,1.403,0.023,,,,0.7992,2.491,0.5,10.96,280.82,25.93,206.46,0.2506,1440.0,0.159,0.0,451
778852 (2011 AM24),APO,Y,Y,20.47,0.511,0.043,,,,0.1488,1.177,1.001,9.14,127.11,215.28,345.47,0.7723,466.0,0.00873,0.0,959
786229 (2015 XD130),APO,Y,N,19.49,0.936,0.032,,,,0.4633,1.482,0.796,32.98,253.55,297.87,126.98,0.546,659.0,0.0507,0.0,510
828534 (2004 TG10),APO,Y,Y,19.47,1.316,0.018,,,,0.8611,2.237,0.311,4.19,204.84,317.64,83.43,0.2946,1220.0,0.0232,0.0,119
831781 (2009 WF106),APO,Y,N,19.77,0.731,0.04,,,,0.7096,2.115,0.614,36.87,76.59,102.46,51.93,0.3203,1120.0,0.0758,0.0,139
832994 (2010 GW62),APO,Y,N,19.36,0.285,0.378,,,,0.5755,1.27,0.539,32.43,99.25,352.52,20.45,0.6888,523.0,0.441,0.0,148
833009 (2010 GR75),APO,Y,N,19.64,0.277,0.334,,,,0.6364,1.726,0.628,17.8,118.51,0.03,340.35,0.4345,829.0,0.299,0.0,139
833459 (2010 JM151),APO,Y,N,19.72,0.543,0.086,,,,0.4817,1.698,0.88,16.66,305.99,343.6,341.63,0.4453,808.0,0.114,0.0,109
841631 (2015 OS35),AMO,Y,N,19.02,1.417,0.02,,,,0.5204,2.253,1.08,18.52,276.01,76.49,12.34,0.2915,1230.0,0.26,0.0,191
841703 (2015 PD),APO,Y,N,19.25,0.62,0.088,,,,0.6357,1.848,0.673,12.09,242.78,165.68,358.82,0.3922,918.0,0.181,0.0,147
842528 (2015 WV1),AMO,Y,N,17.33,2.23,0.037,,,,0.5685,3.011,1.299,23.67,320.31,127.53,329.04,0.1886,1910.0,0.419,0.0,652
843003 (2016 BX14),APO,Y,N,20.87,0.199,0.195,16.67,,,0.52,2.057,0.987,4.44,102.29,108.13,87.26,0.334,1080.0,0.0568,0.0,497
843651 (2016 LE9),APO,Y,N,17.72,0.681,0.289,,,,0.7575,2.137,0.518,15.32,215.46,181.51,333.12,0.3156,1140.0,0.259,0.0,475
861128 (2014 JH57),APO,Y,N,16.27,4.613,0.019,,,,0.8756,3.328,0.414,25.71,54.43,11.99,300.52,0.1623,2220.0,0.394,0.0,240
862524 (2014 QK434),APO,Y,Y,19.26,0.296,0.461,78.4,,,0.5033,1.941,0.964,5.98,252.25,166.16,19.8,0.3645,988.0,0.00883,0.0,272
875163 (1998 SH2),APO,Y,Y,20.88,0.383,0.058,,,,0.7139,2.743,0.785,2.43,6.08,268.72,26.6,0.2169,1660.0,0.0192,0.0,368
877413 (2010 GO33),APO,Y,N,19.27,0.313,0.377,,,,0.6981,2.41,0.728,19.12,143.59,153.56,40.31,0.2634,1370.0,0.193,0.0,186
877685 (2010 VD72),ATE,Y,Y,21.55,0.124,0.29,,,,0.1813,0.9184,0.752,19.2,224.06,310.3,275.98,1.12,321.0,0.0136,0.0,82
878228 (2011 VR5),AMO,Y,N,18.09,3.079,0.012,,,,0.5186,2.507,1.207,12.09,280.69,233.03,143.6,0.2483,1450.0,0.274,0.0,235
883088 (2016 JU33),APO,Y,Y,20.91,0.174,0.304,,,,0.5337,1.828,0.852,3.88,293.11,223.89,330.34,0.3988,903.0,0.00916,0.0,251
883378 (2016 QM11),APO,Y,N,18.24,1.862,0.011,,,,0.7222,2.777,0.771,19.22,327.42,153.32,338.42,0.213,1690.0,0.149,0.0,245
       (1996 GQ),APO,Y,N,23.19,0.208,0.024,,,,0.4947,1.99,1.005,0.88,85.28,59.24,221.83,0.3512,1030.0,0.0217,0.0,97
       (1998 KY26),APO,Y,N,25.91,0.011,0.52,0.089193,,,0.2001,1.229,0.983,1.49,84.18,210.0,0.98,0.7235,498.0,0.00297,2.0,85
       (1998 WB2),APO,Y,Y,21.85,0.15,0.151,0.313,,,0.5866,1.972,0.815,2.37,52.12,78.85,241.28,0.3558,1010.0,0.0146,0.0,320
       (1999 XK136),APO,Y,Y,20.56,0.811,0.02,,,,0.7028,2.384,0.708,2.66,63.32,302.91,34.04,0.2678,1340.0,0.0113,0.0,152
       (2000 AA6),APO,Y,Y,22.44,0.316,0.026,,,,0.5194,1.286,0.618,2.03,279.69,287.77,218.79,0.6756,533.0,0.00766,0.0,151
       (2000 AG205),AMO,Y,N,19.58,0.955,0.026,,,,0.5194,2.294,1.102,18.39,269.57,249.34,141.44,0.2837,1270.0,0.27,0.0,107
       (2000 GW127),APO,Y,N,19.4,0.477,0.135,,,,0.7272,2.247,0.613,6.65,127.1,332.81,235.36,0.2927,1230.0,0.0972,0.0,104
       (2000 RE52),APO,Y,N,22.33,0.149,0.095,4.909,,,0.2478,1.154,0.868,18.46,344.14,258.19,188.13,0.7946,453.0,0.0304,1.0,107
       (2001 SJ262),AMO,Y,N,19.9,0.34,0.177,,,,0.5741,2.95,1.256,10.8,210.4,164.88,275.15,0.1946,1850.0,0.262,0.0,117
       (2002 AO11),ATE,Y,N,23.05,0.175,0.048,,,,0.1621,0.9172,0.769,13.06,294.98,305.95,314.52,1.122,321.0,0.00247,2.0,23
       (2002 BF25),APO,Y,N,22.62,0.152,0.1,,,,0.2215,1.075,0.837,6.31,305.77,77.89,223.29,0.8848,407.0,0.0191,0.0,147
       (2002 BM26),AMO,Y,Y,20.1,0.84,0.023,2.7,,,0.4448,1.832,1.017,16.22,319.58,180.55,209.44,0.3974,906.0,0.03,0.0,243
       (2002 CT46),AMO,Y,N,20.8,0.16,0.32,,,,0.5249,2.37,1.126,15.68,157.22,356.92,190.76,0.2701,1330.0,0.136,5.0,117
       (2002 CX58),APO,Y,N,22.3,0.13,0.126,51.7,,,0.6444,2.852,1.014,2.48,106.57,80.13,11.43,0.2046,1760.0,0.0454,0.0,195
       (2002 JR100),ATE,Y,N,24.3,0.028,0.441,,,,0.2989,0.9237,0.648,3.71,202.25,254.26,278.46,1.11,324.0,0.0197,0.0,168
       (2003 CC11),AMO,Y,N,19.09,1.129,0.032,,,,0.5877,3.149,1.298,11.51,135.4,359.79,35.28,0.1764,2040.0,0.312,0.0,100
       (2003 RW11),APO,Y,N,18.7,1.507,0.026,,,,0.825,2.629,0.46,10.34,170.47,53.91,88.46,0.2312,1560.0,0.0737,0.0,165
       (2003 SS214),AMO,Y,N,20.22,0.856,0.022,,,,0.536,2.365,1.097,8.11,211.97,194.95,22.6,0.271,1330.0,0.11,0.0,131
       (2004 BZ74),APO,Y,N,18.27,0.962,0.11,,,,0.8891,3.061,0.34,17.06,230.06,124.85,40.6,0.184,1960.0,0.0529,0.0,169
       (2004 MX2),APO,Y,Y,19.3,1.258,0.021,,,,0.7183,2.763,0.778,18.09,116.14,243.79,219.91,0.2146,1680.0,0.00117,0.0,116
       (2004 SC56),ATE,Y,N,22.7,0.291,0.017,,,,0.4284,0.7676,0.439,4.78,201.8,322.97,28.66,1.466,246.0,0.0107,1.0,168
       (2004 XK14),ATE,Y,N,22.44,0.24,0.034,,,,0.4339,0.7485,0.424,3.1,306.79,303.22,319.8,1.522,237.0,0.0251,0.0,152
       (2005 QL),AMO,Y,N,18.79,1.847,0.017,,,,0.5019,2.446,1.218,10.72,104.95,290.7,79.06,0.2577,1400.0,0.293,0.0,100
       (2006 KL89),AMO,Y,N,18.64,0.965,0.056,,,,0.5384,2.76,1.274,13.74,83.96,155.69,98.63,0.215,1670.0,0.273,0.0,190
       (2006 OF5),AMO,Y,N,19.17,1.415,0.017,,,,0.5375,2.756,1.275,10.17,137.29,195.01,81.2,0.2155,1670.0,0.266,0.0,251
       (2006 OG15),APO,Y,N,19.82,0.365,0.159,,,,0.6303,2.542,0.94,17.13,118.18,265.21,255.92,0.2432,1480.0,0.194,0.0,113
       (2006 UR217),AMO,Y,N,19.84,0.887,0.027,,,,0.6084,2.746,1.075,17.6,64.08,305.19,76.47,0.2166,1660.0,0.194,0.0,187
       (2007 RU10),APO,Y,N,19.2,0.922,0.048,,,,0.6874,2.271,0.71,15.42,324.14,134.03,80.79,0.288,1250.0,0.104,0.0,88
       (2007 VG189),AMO,Y,N,19.51,0.505,0.065,,,,0.5128,2.15,1.047,6.02,249.98,71.53,300.27,0.3127,1150.0,0.1,0.0,349
       (2007 WE55),APO,Y,N,20.06,0.687,0.031,,,,0.5732,1.909,0.815,11.48,303.82,206.0,269.03,0.3735,964.0,0.0907,0.0,88
       (2007 YZ),APO,Y,N,19.53,0.532,0.09,,,,0.3612,1.043,0.666,16.42,90.63,129.72,210.28,0.9257,389.0,0.109,0.0,827
       (2008 QS11),APO,Y,Y,19.93,0.453,0.094,46.65,,,0.4826,1.861,0.963,12.48,11.49,30.76,259.93,0.3882,927.0,0.0071,0.0,403
       (2008 US4),APO,Y,N,20.96,0.516,0.029,5.2,,,0.6326,2.336,0.858,13.18,31.14,72.83,267.8,0.276,1300.0,0.0802,0.0,231
       (2008 WB59),APO,Y,N,19.14,0.407,0.203,,,,0.1881,1.045,0.848,25.65,60.48,188.87,148.3,0.9227,390.0,0.163,0.0,576
       (2009 FY4),APO,Y,Y,21.0,0.129,0.421,,,,0.3274,1.013,0.681,20.98,162.61,244.68,235.11,0.9674,372.0,0.0425,1.0,204
       (2009 SP),AMO,Y,N,19.4,0.485,0.119,,,,0.495,2.219,1.121,25.27,177.94,256.33,289.77,0.2981,1210.0,0.347,0.0,135
       (2009 UY19),APO,Y,N,23.43,0.105,0.063,,,,0.0308,1.023,0.992,9.05,33.01,99.96,92.19,0.9519,378.0,0.01,2.0,192
       (2009 WA),APO,Y,N,21.19,0.164,0.217,,,,0.1448,1.136,0.971,29.84,47.53,71.13,26.3,0.8144,442.0,0.0696,0.0,74
       (2009 XD),APO,Y,N,18.78,0.615,0.154,,,,0.6732,2.451,0.801,31.45,255.87,269.25,39.58,0.2568,1400.0,0.199,0.0,278
       (2010 AN2),APO,Y,N,22.19,0.123,0.155,,,,0.4993,1.679,0.841,8.47,291.07,270.91,66.79,0.4531,795.0,0.0661,0.0,73
       (2010 AE30),APO,Y,N,23.6,0.05,0.259,,,,0.4168,1.268,0.739,5.97,279.36,278.42,356.3,0.6905,521.0,0.00788,0.0,88
       (2010 AJ30),ATE,Y,N,22.7,0.111,0.12,,,,0.3024,0.8113,0.566,7.57,303.36,350.83,63.34,1.349,267.0,0.0456,0.0,117
       (2010 AG40),APO,Y,N,22.01,0.089,0.319,,,,0.609,1.754,0.686,2.02,21.54,183.89,269.24,0.4241,849.0,0.0336,0.0,83
       (2010 AG79),AMO,Y,N,20.04,0.892,0.018,,,,0.5818,2.897,1.211,33.03,50.17,13.83,79.76,0.1999,1800.0,0.232,0.0,181
       (2010 BC),APO,Y,N,22.2,0.08,0.433,,,,0.5703,1.935,0.831,9.55,120.74,60.94,299.67,0.3661,983.0,0.0149,7.0,150
       (2010 BH2),AMO,Y,N,19.61,0.363,0.213,,,,0.4613,2.353,1.268,24.58,108.08,45.82,126.14,0.273,1320.0,0.362,0.0,111
       (2010 CK1),APO,Y,N,24.0,0.084,0.063,,,,0.2153,1.146,0.9,27.27,141.46,77.89,306.54,0.803,448.0,0.0536,8.0,38
       (2010 CH18),AMO,Y,N,18.98,0.394,0.286,,,,0.5722,2.603,1.114,27.18,49.17,109.89,261.84,0.2347,1530.0,0.325,1.0,138
       (2010 CC19),APO,Y,N,22.46,0.104,0.196,,,,0.7513,1.1,0.274,46.17,144.18,138.39,315.85,0.8542,421.0,0.0544,9.0,47
       (2010 CN44),APO,Y,Y,19.72,0.34,0.185,,,,0.6713,2.867,0.943,3.86,188.73,304.0,95.09,0.203,1770.0,0.0293,0.0,104
       (2010 CO44),APO,Y,N,24.6,0.034,0.218,,,,0.2307,1.07,0.823,6.18,327.43,73.82,161.23,0.89,404.0,0.0284,6.0,36
       (2010 CA55),APO,Y,N,22.2,0.352,,,,,0.7131,2.337,0.671,55.03,106.63,302.79,18.72,0.2758,1310.0,0.138,8.0,69
       (2010 CB55),APO,Y,N,22.69,0.198,0.037,,,,0.148,1.133,0.966,25.92,144.6,108.49,291.56,0.817,441.0,0.043,0.0,96
       (2010 CC55),APO,Y,N,22.44,0.242,0.033,,,,0.4689,1.546,0.821,6.78,70.55,18.25,100.32,0.5128,702.0,0.0794,1.0,41
       (2010 CD55),APO,Y,N,23.36,0.083,0.145,,,,0.2013,1.024,0.818,5.93,326.79,279.38,357.75,0.9513,378.0,0.0115,2.0,62
       (2010 CF55),APO,Y,N,21.68,0.176,0.119,,,,0.7612,1.9,0.454,5.15,311.51,321.84,331.86,0.3763,957.0,0.0536,8.0,22
       (2010 CP140),APO,Y,N,19.44,0.556,0.11,,,,0.5384,1.9,0.877,14.47,271.77,189.96,26.96,0.3763,957.0,0.0975,0.0,88
       (2010 CN141),APO,Y,N,22.4,0.254,0.03,,,,0.3993,1.517,0.911,23.8,37.87,22.05,193.26,0.5278,682.0,0.0607,7.0,19
       (2010 CJ171),APO,Y,N,21.08,0.134,0.358,,,,0.491,1.996,1.016,7.38,147.18,99.8,174.93,0.3494,1030.0,0.112,0.0,157
       (2010 DL),APO,Y,N,27.0,0.019,0.08,,,,0.3138,1.353,0.928,2.57,333.65,113.68,33.12,0.6265,575.0,0.0186,8.0,14
       (2010 DO),APO,Y,Y,21.66,0.149,0.176,,,,0.7456,1.613,0.41,11.95,154.24,117.05,224.23,0.4811,748.0,0.0183,0.0,66
       (2010 DX1),APO,Y,N,21.61,0.167,0.146,,,,0.7048,2.593,0.765,20.25,333.34,102.43,292.27,0.236,1530.0,0.0728,6.0,79
       (2010 DM21),APO,Y,N,20.26,0.303,0.133,,,,0.6574,2.862,0.98,21.15,178.0,263.2,99.45,0.2036,1770.0,0.258,0.0,77
       (2010 DK34),APO,Y,N,20.4,0.283,0.152,,,,0.7653,2.779,0.652,27.41,91.11,164.08,350.68,0.2127,1690.0,0.332,9.0,18
       (2010 DH56),APO,Y,N,20.31,0.774,0.022,,,,0.5677,2.236,0.967,33.66,285.7,267.02,234.58,0.2949,1220.0,0.33,4.0,35
       (2010 DH77),APO,Y,N,21.06,0.52,0.009,,,,0.7084,3.267,0.953,34.33,305.23,236.58,231.31,0.1669,2160.0,0.147,0.0,48
       (2010 DJ77),ATE,Y,N,21.59,0.277,,,,,0.2106,0.9545,0.753,24.75,286.71,103.79,70.22,1.057,341.0,0.0517,1.0,56
       (2010 ES4),AMO,Y,N,,1.572,,,,,0.1702,1.534,1.273,25.13,102.88,184.99,183.1,0.519,694.0,0.258,9.0,11
       (2010 EX11),ATE,Y,N,24.11,0.04,0.234,9.4,,,0.1096,0.9562,0.851,9.75,3.91,42.81,38.43,1.054,342.0,0.0269,1.0,145
       (2010 EG21),ATE,Y,N,24.5,0.09,0.038,,,,0.2266,0.8441,0.653,9.7,168.55,186.42,256.56,1.271,283.0,0.0392,7.0,50
       (2010 EC43),APO,Y,N,23.0,0.051,0.434,,,,0.6041,2.43,0.962,0.78,344.28,225.61,351.19,0.2602,1380.0,0.00477,8.0,35
       (2010 EK43),APO,Y,N,21.67,0.233,0.068,,,,0.6536,1.398,0.484,7.88,18.38,38.61,218.11,0.5965,604.0,0.076,1.0,55
       (2010 FC),APO,Y,N,24.0,0.093,0.051,,,,0.2402,1.33,1.01,7.04,155.73,62.47,56.36,0.6427,560.0,0.0758,6.0,57
       (2010 FK),ATE,Y,N,23.8,0.087,0.071,,,,0.0973,0.9401,0.849,12.67,173.43,166.12,274.3,1.081,333.0,0.0324,6.0,83
       (2010 FQ),APO,Y,Y,19.99,0.285,0.204,,,,0.3563,1.527,0.983,10.56,140.42,359.53,125.26,0.5223,689.0,0.00426,0.0,292
       (2010 FS),ATE,Y,N,24.2,0.023,0.548,,,,0.3175,0.78,0.532,9.12,169.74,206.3,148.24,1.431,252.0,0.00869,8.0,42
       (2010 FT),APO,Y,N,25.7,0.018,0.294,,,,0.1946,1.09,0.878,5.6,13.77,246.22,219.6,0.8659,416.0,0.0133,7.0,34
       (2010 FD6),APO,Y,N,26.8,0.008,0.497,,,,0.4352,1.446,0.817,0.46,152.04,314.57,31.4,0.5666,635.0,0.00275,8.0,20
       (2010 FD7),APO,Y,N,22.1,0.075,0.448,,,,0.6944,2.569,0.785,6.21,352.2,274.78,260.15,0.2393,1500.0,0.0406,7.0,51
       (2010 FE7),APO,Y,N,23.8,0.045,0.288,,,,0.5532,1.949,0.871,1.55,57.19,43.22,296.34,0.3621,994.0,0.00237,7.0,33
       (2010 FR9),APO,Y,N,26.1,0.015,0.287,,,,0.3813,1.579,0.977,5.71,2.26,214.27,304.01,0.4967,725.0,0.0146,7.0,43
       (2010 FW9),APO,Y,N,26.7,0.024,0.075,,,,0.4326,1.642,0.931,3.77,4.23,220.6,342.93,0.4686,768.0,0.00206,8.0,27
       (2010 FX9),APO,Y,N,24.06,0.03,0.425,,,,0.367,1.131,0.716,3.77,9.82,75.38,64.78,0.819,440.0,0.0133,0.0,100
       (2010 FF10),APO,Y,Y,21.8,0.095,0.407,,,,0.6317,2.38,0.877,5.08,166.08,105.34,76.35,0.2685,1340.0,0.0373,0.0,196
       (2010 FX80),AMO,Y,N,20.37,0.676,0.022,,,,0.454,2.169,1.184,36.97,129.19,88.92,296.83,0.3085,1170.0,0.535,0.0,48
       (2010 FY80),AMO,Y,N,19.56,0.451,0.118,,,,0.6126,2.693,1.043,18.81,164.42,45.76,183.17,0.223,1610.0,0.137,0.0,124
       (2010 FZ80),APO,Y,N,20.33,0.867,0.018,,,,0.7441,2.751,0.704,27.34,267.76,347.38,134.83,0.216,1670.0,0.297,5.0,38
       (2010 FA81),APO,Y,N,22.42,0.097,0.224,,,,0.1519,1.195,1.014,15.48,47.78,140.84,351.24,0.7542,477.0,0.0325,0.0,171
       (2010 FB81),APO,Y,N,21.36,0.319,0.048,,,,0.609,2.567,1.004,9.46,90.69,46.55,289.27,0.2396,1500.0,0.0835,5.0,47
       (2010 FC81),APO,Y,Y,21.91,0.402,0.021,0.3263,,,0.6232,2.677,1.009,1.68,144.31,63.6,200.62,0.2251,1600.0,0.0259,0.0,193
       (2010 FG81),APO,Y,N,23.05,0.105,0.058,,,,0.393,1.658,1.006,7.97,344.07,191.41,118.7,0.4616,780.0,0.0176,0.0,120
       (2010 FJ81),AMO,Y,N,20.48,0.416,0.049,,,,0.6817,3.609,1.149,42.42,97.33,171.77,96.91,0.1438,2500.0,0.135,6.0,132
       (2010 FO92),AMO,Y,N,20.05,0.268,0.277,,,,0.5194,2.144,1.03,6.76,163.85,125.04,316.99,0.314,1150.0,0.0778,1.0,215
       (2010 GZ5),APO,Y,N,22.96,0.071,0.281,,,,0.5859,1.435,0.594,6.12,186.48,123.02,355.09,0.5736,628.0,0.0479,0.0,76
       (2010 GB6),ATE,Y,N,22.07,0.134,0.142,,,,0.2449,0.8821,0.666,35.31,195.13,187.96,111.59,1.19,303.0,0.0928,1.0,90
       (2010 GT6),APO,Y,N,21.4,0.116,0.3,,,,0.592,1.495,0.61,10.07,8.15,303.48,153.06,0.539,668.0,0.0864,0.0,97
       (2010 GU6),APO,Y,N,20.69,0.252,0.147,,,,0.6799,2.695,0.863,10.13,191.27,88.99,181.99,0.2227,1620.0,0.106,7.0,160
       (2010 GA7),ATE,Y,N,21.27,0.151,0.256,,,,0.3891,0.9126,0.557,30.0,21.5,25.51,86.97,1.131,318.0,0.162,0.0,190
       (2010 GH7),APO,Y,N,27.35,0.008,0.326,,,,0.2997,1.4,0.981,3.52,191.83,335.83,163.68,0.5948,605.0,6.56e-05,6.0,70
       (2010 GS7),APO,Y,Y,21.51,0.203,0.107,,,,0.6578,2.696,0.923,9.1,190.71,57.21,178.22,0.2227,1620.0,0.0476,0.0,255
       (2010 GT7),APO,Y,N,20.19,0.216,0.326,,,,0.6784,2.733,0.879,8.43,65.07,68.8,182.33,0.2181,1650.0,0.0595,0.0,348
       (2010 GU21),APO,Y,Y,21.14,0.51,0.025,4.326,,,0.5639,2.18,0.951,3.16,56.98,201.6,289.32,0.3061,1180.0,0.0108,0.0,458
       (2010 GK23),APO,Y,N,19.7,0.277,0.303,,,,0.6828,2.749,0.872,35.0,141.53,342.8,11.85,0.2163,1660.0,0.0969,9.0,48
       (2010 GL23),APO,Y,N,22.8,0.092,0.159,,,,0.3658,1.155,0.733,7.2,214.09,237.75,276.8,0.7939,453.0,0.0642,7.0,43
       (2010 GX23),APO,Y,N,23.0,0.06,0.334,,,,0.4512,1.483,0.814,1.91,116.66,6.07,265.2,0.5455,660.0,0.028,7.0,67
       (2010 GF25),APO,Y,N,19.3,1.127,0.018,,,,0.7366,1.422,0.374,38.5,323.32,339.26,44.63,0.5815,619.0,0.399,0.0,68
       (2010 GP67),APO,Y,N,22.36,0.251,0.034,,,,0.1074,1.114,0.995,13.27,211.42,44.72,64.68,0.8381,430.0,0.0156,0.0,80
       (2010 GQ75),APO,Y,N,20.2,0.372,0.106,,,,0.8603,2.443,0.341,43.3,82.41,353.36,49.76,0.2581,1390.0,0.616,7.0,27
       (2010 GV147),ATE,Y,N,18.27,2.055,0.018,,,,0.6602,0.9588,0.326,44.05,295.08,97.9,92.2,1.05,343.0,0.318,1.0,92
       (2010 HA),ATE,Y,N,23.9,0.032,0.482,,,,0.1958,0.9599,0.772,2.18,251.12,186.12,321.99,1.048,344.0,0.0331,0.0,73
       (2010 HC),APO,Y,N,21.3,0.128,0.328,,,,0.5229,2.126,1.015,6.87,20.45,246.86,347.57,0.3179,1130.0,0.089,4.0,102
       (2010 HV20),APO,Y,N,21.93,0.465,0.016,,,,0.7883,2.611,0.553,6.45,99.04,216.27,347.64,0.2336,1540.0,0.0895,9.0,80
       (2010 HD33),AMO,Y,N,18.33,0.563,0.267,,,,0.5149,2.62,1.271,24.41,165.03,50.37,232.78,0.2324,1550.0,0.372,0.0,116
       (2010 HW81),APO,Y,N,20.26,0.352,0.039,,,,0.7544,1.261,0.31,13.48,228.63,95.34,316.2,0.6959,517.0,0.121,1.0,41
       (2010 HZ104),APO,Y,N,22.5,0.14,0.09,,,,0.5659,2.251,0.977,20.23,77.43,165.53,213.27,0.2918,1230.0,0.0274,7.0,18
       (2010 HX107),ATE,Y,N,23.54,0.064,0.187,,,,0.3004,0.8014,0.561,3.36,51.56,352.97,56.87,1.374,262.0,0.013,1.0,36
       (2010 JE),APO,Y,N,20.27,0.406,0.09,,,,0.656,2.784,0.958,13.81,229.91,65.57,111.53,0.2121,1700.0,0.111,0.0,116
       (2010 JG),APO,Y,Y,20.95,0.192,0.209,3.191,,,0.3198,1.19,0.81,23.31,49.72,292.02,269.26,0.7591,474.0,0.0294,0.0,226
       (2010 JH3),APO,Y,N,25.31,0.039,0.087,,,,0.4708,1.759,0.931,19.78,47.37,226.27,343.74,0.4226,852.0,0.0185,8.0,32
       (2010 JJ3),APO,Y,N,23.7,0.032,0.609,,,,0.5804,2.23,0.936,2.43,234.12,298.17,251.07,0.296,1220.0,0.0184,0.0,101
       (2010 JK33),APO,Y,Y,21.03,0.208,0.148,,,,0.611,2.231,0.868,4.04,28.46,289.91,212.73,0.2958,1220.0,0.0243,0.0,139
       (2010 JN33),AMO,Y,N,20.5,0.286,0.086,,,,0.2878,1.555,1.107,53.14,199.9,64.84,352.57,0.5085,708.0,0.254,1.0,45
       (2010 JV34),APO,Y,Y,20.85,0.226,0.165,2.7824,,,0.5445,1.723,0.785,7.21,225.29,87.04,285.82,0.436,826.0,0.0381,0.0,357
       (2010 JA35),APO,Y,N,20.49,0.309,0.107,,,,0.5763,2.159,0.915,29.02,48.37,278.0,290.41,0.3107,1160.0,0.225,0.0,91
       (2010 JW39),APO,Y,N,24.63,0.039,0.187,,,,0.3902,1.637,0.998,3.0,157.74,36.87,164.09,0.4705,765.0,0.0224,7.0,24
       (2010 JL41),APO,Y,N,20.64,0.359,0.073,,,,0.6658,1.727,0.577,7.57,166.74,164.96,278.51,0.4344,829.0,0.126,1.0,86
       (2010 JN71),APO,Y,Y,21.42,0.214,0.106,,,,0.5903,2.381,0.976,17.74,62.4,185.58,73.1,0.2682,1340.0,0.0364,0.0,137
       (2010 JO71),APO,Y,N,23.98,0.037,0.349,0.4561,,,0.3867,1.172,0.719,6.01,219.8,119.19,25.6,0.7772,463.0,0.0463,7.0,66
       (2010 JF87),APO,Y,N,19.12,0.945,0.041,,,,0.6205,2.437,0.925,24.92,138.94,12.06,44.86,0.2591,1390.0,0.0529,0.0,82
       (2010 JG87),APO,Y,N,19.2,0.408,0.202,,,,0.9467,2.77,0.148,16.75,204.48,269.44,145.33,0.2137,1680.0,0.217,0.0,94
       (2010 JH87),APO,Y,N,19.53,0.428,0.127,,,,0.5402,1.537,0.707,43.76,113.06,222.79,9.8,0.5171,696.0,0.224,0.0,87
       (2010 KH),AMO,Y,N,19.48,0.645,0.029,,,,0.5477,2.767,1.251,14.57,85.19,273.56,113.82,0.2142,1680.0,0.376,0.0,96
       (2010 KU7),AMO,Y,N,22.24,0.102,0.224,,,,0.3812,1.665,1.03,6.75,39.37,216.08,65.68,0.4587,785.0,0.0485,6.0,26
       (2010 KV7),APO,Y,N,26.0,0.013,0.397,,,,0.2185,1.214,0.949,0.31,255.92,36.86,322.44,0.7368,489.0,0.00125,8.0,13
       (2010 KA8),APO,Y,N,21.4,0.183,0.147,,,,0.4339,1.62,0.917,10.12,246.31,277.28,218.24,0.4779,753.0,0.0954,6.0,66
       (2010 KP10),APO,Y,N,23.1,0.087,0.101,,,,0.1662,1.132,0.944,16.2,233.29,276.43,30.99,0.8188,440.0,0.0596,0.0,136
       (2010 KY39),AMO,Y,N,20.15,0.685,0.029,,,,0.3986,1.74,1.047,25.51,187.55,93.37,258.33,0.4293,839.0,0.301,0.0,160
       (2010 KB61),APO,Y,Y,20.41,0.417,0.065,,,,0.2339,1.275,0.977,44.59,55.93,234.97,229.22,0.6846,526.0,0.0483,0.0,164
       (2010 KK127),AMO,Y,N,20.7,0.501,0.034,,,,0.4258,2.229,1.28,6.97,182.34,158.06,214.18,0.2962,1220.0,0.275,0.0,92
       (2010 KD149),ATE,Y,Y,21.48,0.213,0.118,,,,0.2118,0.8889,0.701,14.23,324.42,131.06,315.37,1.176,306.0,0.0224,1.0,53
       (2010 LH14),APO,Y,N,22.08,0.101,0.274,,,,0.5763,2.198,0.931,4.66,206.84,80.96,257.62,0.3025,1190.0,0.0537,0.0,143
       (2010 LQ33),AMO,Y,N,19.56,0.872,0.04,,,,0.4597,2.269,1.226,24.65,246.22,342.85,185.35,0.2884,1250.0,0.224,0.0,127
       (2010 LK34),APO,Y,Y,21.91,0.108,0.271,,,,0.8073,1.829,0.352,5.32,130.06,249.31,64.27,0.3986,903.0,0.00852,0.0,163
       (2010 LJ61),APO,Y,N,21.0,0.192,0.208,,,,0.4595,1.046,0.565,9.8,70.83,48.37,229.87,0.9217,391.0,0.0507,0.0,103
       (2010 LK61),APO,Y,N,21.79,0.191,0.084,,,,0.5781,1.667,0.703,22.73,231.04,298.44,93.36,0.4579,786.0,0.0991,6.0,48
       (2010 LZ63),APO,Y,Y,20.2,0.877,0.021,,,,0.7609,1.89,0.452,13.87,306.98,79.58,315.41,0.3793,949.0,0.0168,0.0,34
       (2010 LB64),AMO,Y,N,21.76,0.088,0.477,,,,0.2153,1.353,1.062,51.68,85.67,197.46,279.74,0.6261,575.0,0.0529,0.0,198
       (2010 LG64),AMO,Y,N,20.23,0.94,0.015,,,,0.6049,2.678,1.058,42.1,8.69,356.12,169.63,0.2249,1600.0,0.0577,0.0,161
       (2010 LJ68),APO,Y,N,22.7,0.193,0.039,,,,0.453,1.769,0.967,17.11,164.19,36.97,19.7,0.419,859.0,0.0321,9.0,23
       (2010 LK68),APO,Y,N,22.42,0.236,0.032,,,,0.4736,1.169,0.615,21.92,268.62,261.65,54.42,0.7797,462.0,0.0255,9.0,13
       (2010 LL68),APO,Y,N,22.88,0.153,0.063,,,,0.5247,2.071,0.984,10.49,192.31,98.78,52.57,0.3307,1090.0,0.138,5.0,38
       (2010 LO97),AMO,Y,N,18.76,1.629,0.02,,,,0.5284,2.577,1.215,21.7,43.48,3.64,229.86,0.2383,1510.0,0.225,0.0,250
       (2010 LU108),APO,Y,N,19.95,0.825,0.026,,,,0.8231,2.229,0.394,9.46,154.03,22.62,235.19,0.2962,1220.0,0.121,0.0,114
       (2010 LV108),APO,Y,N,22.36,0.234,0.029,,,,0.6359,2.777,1.011,5.41,248.59,350.88,125.33,0.213,1690.0,0.000672,5.0,24
       (2010 LU134),APO,Y,N,19.31,0.317,0.443,,,,0.5457,1.897,0.862,27.36,345.72,359.4,304.38,0.3771,955.0,0.146,0.0,44
       (2010 MG1),APO,Y,N,23.34,0.053,0.301,,,,0.5066,1.972,0.973,6.55,263.34,49.86,346.05,0.3559,1010.0,0.0356,8.0,33
       (2010 MP1),ATE,Y,N,21.5,0.104,0.518,,,,0.4873,0.8552,0.438,22.64,93.05,32.39,276.6,1.246,289.0,0.0558,0.0,134
       (2010 MY1),APO,Y,N,23.88,0.043,0.265,,,,0.2114,1.215,0.958,9.7,102.41,218.92,152.89,0.7359,489.0,0.0175,7.0,54
       (2010 MU111),APO,Y,N,18.43,1.947,0.015,,,,0.6146,2.387,0.92,41.64,79.96,157.14,70.42,0.2672,1350.0,0.067,0.0,80
       (2010 MU112),APO,Y,Y,20.79,0.599,0.028,,,,0.5398,1.756,0.808,48.04,261.1,119.21,194.65,0.4235,850.0,0.000261,0.0,57
       (2010 MY112),APO,Y,N,,0.372,,,,,0.2447,1.072,0.809,38.58,83.06,327.67,271.71,0.8884,405.0,0.146,9.0,18
       (2010 MA113),APO,Y,N,21.92,0.903,,,,,0.6683,2.691,0.893,41.06,309.75,25.88,165.71,0.2232,1610.0,0.083,4.0,46
       (2010 NA),APO,Y,N,20.7,0.32,0.109,,,,0.6541,1.723,0.596,6.39,172.51,203.31,265.8,0.4356,826.0,0.101,0.0,110
       (2010 NG1),ATE,Y,N,20.29,0.229,0.142,,,,0.3326,0.8493,0.567,24.74,167.11,299.99,35.82,1.259,286.0,0.0819,0.0,127
       (2010 NK1),APO,Y,N,22.41,0.219,0.04,,,,0.1837,1.014,0.828,14.76,277.17,262.97,98.54,0.9646,373.0,0.0124,2.0,126
       (2010 NU1),APO,Y,N,21.1,0.286,0.072,,,,0.8007,2.428,0.484,34.63,105.09,42.41,16.42,0.2606,1380.0,0.337,9.0,21
       (2010 NB2),APO,Y,N,20.1,0.21,0.303,,,,0.7609,2.085,0.499,28.69,240.74,292.39,55.74,0.3273,1100.0,0.104,0.0,49
       (2010 OC),AMO,Y,N,19.11,0.344,0.342,,,,0.6334,2.884,1.057,12.74,324.89,28.52,41.63,0.2012,1790.0,0.0788,0.0,285
       (2010 OA1),APO,Y,N,23.5,0.663,,,,,0.4426,1.758,0.98,7.83,119.48,209.17,348.78,0.4229,851.0,0.00236,8.0,20
       (2010 OP1),AMO,Y,N,19.16,1.188,0.025,,,,0.6187,2.778,1.059,18.45,125.04,256.93,96.55,0.2129,1690.0,0.258,0.0,169
       (2010 OQ1),APO,Y,N,19.09,0.539,0.153,,,,0.5484,2.146,0.969,18.89,113.3,286.46,290.14,0.3136,1150.0,0.184,0.0,122
       (2010 OE22),APO,Y,N,21.23,0.174,0.176,,,,0.629,2.649,0.983,14.22,173.35,82.83,213.35,0.2286,1570.0,0.188,6.0,44
       (2010 OL100),APO,Y,N,19.5,0.308,0.246,,,,0.6538,2.261,0.783,22.21,225.71,148.2,165.75,0.29,1240.0,0.131,0.0,70
       (2010 OC101),APO,Y,N,20.77,0.148,0.384,,,,0.2274,1.222,0.944,13.6,268.38,86.95,92.83,0.7299,493.0,0.0904,0.0,150
       (2010 OD101),AMO,Y,N,20.72,0.198,0.217,,,,0.3581,1.619,1.039,15.39,185.04,102.83,171.48,0.4785,752.0,0.189,0.0,138
       (2010 OF101),ATE,Y,N,19.73,0.303,0.231,,,,0.325,0.951,0.642,23.37,212.35,282.53,317.25,1.063,339.0,0.0622,0.0,282
       (2010 OL101),AMO,Y,N,20.4,0.195,0.321,,,,0.5989,2.609,1.047,26.13,169.39,104.03,232.88,0.2338,1540.0,0.29,4.0,61
       (2010 ON101),APO,Y,Y,20.39,0.238,0.225,,,,0.4093,1.629,0.962,9.31,251.57,8.15,147.31,0.474,759.0,0.0468,1.0,138
       (2010 OH126),APO,Y,N,21.3,0.218,0.103,,,,0.4992,1.889,0.946,14.34,97.5,175.08,333.02,0.3796,948.0,0.0701,0.0,34
       (2010 OK126),AMO,Y,N,20.56,0.854,0.013,,,,0.4462,1.955,1.083,52.58,338.26,321.03,223.28,0.3604,999.0,0.147,0.0,58
       (2010 PK9),ATE,Y,Y,21.81,0.143,0.138,,,,0.6759,0.6821,0.221,12.59,306.51,195.65,194.38,1.75,206.0,0.0155,0.0,123
       (2010 PU66),APO,Y,N,22.19,0.18,0.079,,,,0.3903,1.486,0.906,18.09,350.35,267.64,186.35,0.5442,662.0,0.147,6.0,39
       (2010 PY75),APO,Y,N,18.5,0.758,0.102,,,,0.7757,2.658,0.596,31.55,269.94,136.13,173.87,0.2274,1580.0,0.251,0.0,98
       (2010 QE2),APO,Y,N,17.45,2.156,0.05,,,,0.7392,3.375,0.88,64.68,2.05,32.91,154.8,0.1589,2270.0,0.0568,0.0,212
       (2010 QG2),APO,Y,N,24.67,0.038,0.228,,,,0.516,1.667,0.807,4.7,342.7,64.81,2.36,0.4578,786.0,0.00126,7.0,38
       (2010 QA5),AMO,Y,N,22.16,0.35,0.014,,,,0.6319,2.918,1.074,33.41,174.1,176.24,14.79,0.1977,1820.0,0.0693,0.0,156
       (2010 TN4),APO,Y,N,27.5,0.018,0.062,,,,0.4349,1.725,0.974,3.03,16.91,324.42,11.27,0.4352,827.0,0.0096,8.0,23
       (2010 TU149),APO,Y,Y,20.68,0.603,0.025,,,,0.8249,2.213,0.387,1.96,58.87,92.67,203.8,0.2995,1200.0,0.0103,0.0,125
       (2010 UY6),APO,Y,Y,20.11,0.712,0.03,,,,0.6162,2.65,1.017,19.87,9.03,20.4,176.35,0.2285,1580.0,0.0383,0.0,247
       (2010 UC7),APO,Y,N,24.68,0.043,0.129,,,,0.5677,1.885,0.815,5.18,224.39,236.68,342.53,0.3807,946.0,0.00426,8.0,46
       (2010 UB8),AMO,Y,N,19.25,1.122,0.02,,,,0.6174,2.995,1.146,31.13,73.36,324.48,335.38,0.1902,1890.0,0.225,0.0,198
       (2010 VZ),APO,Y,Y,19.31,0.38,0.194,,,,0.592,2.446,0.998,8.46,181.91,215.66,330.49,0.2576,1400.0,0.0435,0.0,109
       (2010 VT11),APO,Y,Y,21.7,0.152,0.189,,,,0.6117,1.754,0.681,2.48,249.33,65.78,191.72,0.4243,848.0,0.0123,0.0,245
       (2010 VZ71),AMO,Y,N,19.69,0.237,,,,,0.5404,2.336,1.074,22.66,59.79,262.15,107.86,0.2761,1300.0,0.311,0.0,91
       (2010 VK139),ATE,Y,N,23.71,0.055,0.196,0.0299522,,,0.2822,0.7799,0.56,26.96,233.34,8.33,102.55,1.431,252.0,0.00666,0.0,96
       (2010 WB),APO,Y,N,24.1,0.057,0.126,,,,0.2881,1.358,0.967,5.5,230.99,150.36,190.46,0.6225,578.0,0.00408,6.0,107
       (2010 WE9),AMO,Y,N,19.97,0.608,0.052,,,,0.2494,1.555,1.167,42.13,295.47,132.52,267.22,0.5084,708.0,0.256,1.0,96
       (2010 XP69),APO,Y,Y,20.88,0.273,0.065,,,,0.3427,1.523,1.001,14.59,199.84,197.34,357.57,0.5243,687.0,0.0146,0.0,58
       (2010 XY82),AMO,Y,N,19.17,0.453,0.18,,,,0.4896,2.188,1.117,26.78,132.97,297.37,220.48,0.3046,1180.0,0.293,0.0,338
       (2010 YD),APO,Y,N,26.6,0.026,0.06,,,,0.5383,2.041,0.942,0.44,94.44,39.5,28.35,0.338,1070.0,0.00152,7.0,44
       (2010 YC1),APO,Y,N,21.22,0.227,0.029,,,,0.4131,1.415,0.83,17.66,32.72,358.42,347.9,0.5858,615.0,0.163,1.0,38
       (2010 YD3),AMO,Y,N,19.68,0.755,0.031,,,,0.5664,2.586,1.121,24.47,251.95,219.57,215.72,0.237,1520.0,0.207,1.0,136
       (2011 AV55),APO,Y,N,23.5,0.063,0.176,,,,0.6059,2.409,0.95,17.71,299.86,145.12,6.81,0.2635,1370.0,0.028,8.0,40
       (2011 BY24),APO,Y,N,22.88,0.195,0.042,,,,0.4919,1.891,0.961,13.96,189.82,325.28,241.4,0.3791,950.0,0.0165,0.0,35
       (2011 BN59),AMO,Y,N,20.46,0.994,0.013,,,,0.6244,3.054,1.147,20.38,185.12,293.3,274.11,0.1847,1950.0,0.316,6.0,42
       (2011 LA19),APO,Y,Y,19.17,0.852,0.056,,,,0.6517,2.913,1.015,19.21,97.95,202.74,310.96,0.1982,1820.0,0.026,0.0,344
       (2011 QP96),AMO,Y,N,18.63,0.617,0.158,,,,0.6378,2.814,1.019,7.2,128.19,320.4,318.46,0.2088,1720.0,0.0719,0.0,216
       (2011 YB40),AMO,Y,N,19.17,0.424,0.225,,,,0.5933,2.556,1.039,32.73,93.29,315.17,158.74,0.2413,1490.0,0.159,0.0,135
       (2012 CC17),AMO,Y,N,20.5,0.231,0.208,,,,0.3645,1.621,1.03,11.8,343.5,234.89,200.94,0.4774,754.0,0.111,1.0,140
       (2012 LZ1),AMO,Y,Y,19.91,1.252,0.012,12.87,,,0.5894,2.559,1.051,26.09,264.49,14.33,100.05,0.2407,1500.0,0.0447,0.0,716
       (2012 UR158),APO,Y,Y,20.67,0.629,0.023,,,,0.8578,2.232,0.317,3.19,286.43,239.45,310.26,0.2956,1220.0,0.00121,0.0,139
       (2012 XB112),APO,Y,N,29.9,0.0025,,0.043333,,,0.1446,1.029,0.88,1.32,76.89,88.87,79.95,0.9445,381.0,0.00112,3.0,78
       (2013 WT44),APO,Y,Y,19.3,0.653,0.079,2.8849,,,0.5656,2.264,0.983,12.21,182.65,325.87,163.35,0.2894,1240.0,0.0382,0.0,563
       (2013 WU44),APO,Y,N,21.05,0.286,0.086,,,,0.3899,1.516,0.925,17.87,74.23,95.0,93.78,0.5282,682.0,0.143,1.0,105
       (2013 WT45),APO,Y,Y,20.36,0.185,0.391,,,,0.4671,1.63,0.868,9.34,33.01,122.1,234.07,0.4738,760.0,0.00652,0.0,167
       (2013 YP139),APO,Y,Y,21.17,0.402,0.025,,,,0.6829,2.399,0.761,0.82,291.89,83.81,83.64,0.2652,1360.0,0.00399,0.0,44
       (2014 AC),AMO,Y,N,21.0,0.343,0.06,,,,0.6741,3.241,1.056,13.15,85.99,57.4,12.78,0.1689,2130.0,0.17,5.0,47
       (2014 AG16),APO,Y,N,22.77,0.2,0.037,,,,0.4111,1.66,0.978,4.29,308.12,118.62,214.11,0.4607,781.0,0.0491,6.0,106
       (2014 AA33),APO,Y,N,19.28,0.787,0.054,,,,0.6641,2.882,0.968,20.1,103.82,86.82,133.7,0.2015,1790.0,0.261,0.0,231
       (2014 AQ46),AMO,Y,N,19.73,0.585,0.047,,,,0.529,2.417,1.138,24.67,108.49,323.32,58.85,0.2623,1370.0,0.213,0.0,99
       (2014 AN51),APO,Y,N,20.46,0.222,0.225,,,,0.557,1.425,0.631,9.92,339.05,14.26,35.41,0.5793,621.0,0.165,1.0,34
       (2014 AA53),APO,Y,N,19.4,0.698,0.044,,,,0.6733,2.369,0.774,12.49,23.78,344.97,104.6,0.2704,1330.0,0.143,0.0,82
       (2014 BX2),APO,Y,Y,21.89,0.11,0.253,,,,0.7605,2.216,0.531,2.25,135.75,100.04,190.17,0.2989,1200.0,0.00405,6.0,40
       (2014 BR8),APO,Y,N,21.7,0.141,0.187,13.85,,,0.2391,1.22,0.928,17.14,304.76,114.36,320.34,0.7313,492.0,0.0521,0.0,191
       (2014 BH25),APO,Y,N,21.6,0.257,0.061,,,,0.686,2.66,0.835,9.59,137.39,283.64,274.27,0.2271,1580.0,0.0659,6.0,82
       (2014 BG60),AMO,Y,N,19.42,0.675,0.035,,,,0.6243,2.99,1.123,8.55,291.14,248.44,86.5,0.1906,1890.0,0.191,1.0,361
       (2014 BE63),APO,Y,N,23.2,0.36,0.01,,,,0.6436,2.104,0.75,8.57,182.02,359.52,347.54,0.323,1110.0,0.133,9.0,14
       (2014 CR),APO,Y,N,22.78,0.116,0.094,6.35,,,0.5846,2.141,0.889,4.04,137.82,60.67,257.63,0.3146,1140.0,0.02,7.0,298
       (2014 CY4),APO,Y,Y,20.34,0.574,0.019,,,,0.8185,2.655,0.482,15.03,126.54,289.5,275.18,0.2278,1580.0,0.0439,1.0,33
       (2014 CD13),APO,Y,Y,21.33,0.398,0.034,,,,0.7546,2.211,0.543,6.89,331.86,285.01,193.55,0.2997,1200.0,0.0243,0.0,147
       (2014 DC10),APO,Y,N,19.98,0.889,0.02,,,,0.6596,2.836,0.965,13.48,153.09,42.19,153.03,0.2064,1740.0,0.0542,0.0,128
       (2014 EN45),AMO,Y,N,20.94,0.372,0.042,,,,0.5659,2.442,1.06,14.0,295.18,232.36,29.85,0.2583,1390.0,0.159,7.0,112
       (2014 EQ49),APO,Y,Y,21.7,0.379,0.023,,,,0.2068,1.148,0.91,15.16,11.49,50.46,248.94,0.8016,449.0,0.0268,0.0,102
       (2014 ER49),APO,Y,Y,18.55,0.461,0.301,,,,0.6405,2.829,1.017,13.68,100.24,160.25,145.21,0.2071,1740.0,0.0199,0.0,345
       (2014 FD),APO,Y,N,25.5,0.022,0.223,,,,0.4804,1.878,0.976,6.19,178.42,27.78,183.04,0.383,940.0,0.00935,7.0,82
       (2014 GJ35),APO,Y,N,20.2,0.377,0.094,,,,0.633,1.516,0.557,33.87,193.15,114.06,39.48,0.5278,682.0,0.123,0.0,130
       (2014 HE3),APO,Y,N,20.01,0.561,0.061,,,,0.7261,3.267,0.895,6.36,22.62,287.33,329.35,0.1669,2160.0,0.0542,0.0,179
       (2014 HG4),APO,Y,N,19.95,0.975,0.022,,,,0.7869,2.768,0.59,4.54,109.22,210.55,167.87,0.214,1680.0,0.0665,0.0,194
       (2014 HQ124),ATE,Y,Y,18.95,0.325,0.291,16.0,,,0.2593,0.8507,0.63,26.37,257.53,144.57,89.46,1.256,287.0,0.00972,0.0,372
       (2014 HJ129),AMO,Y,N,20.58,0.597,0.018,,,,0.5656,2.579,1.12,8.44,241.15,264.71,292.56,0.238,1510.0,0.203,0.0,74
       (2014 HF177),AMO,Y,N,19.79,0.253,0.364,,,,0.549,2.281,1.029,7.21,43.04,251.3,106.54,0.2861,1260.0,0.105,0.0,227
       (2014 JL25),APO,Y,N,22.65,0.228,0.021,,,,0.6562,2.898,0.997,15.75,70.09,172.1,118.28,0.1997,1800.0,0.015,2.0,57
       (2014 JV55),APO,Y,Y,20.1,0.321,0.156,,,,0.6919,2.457,0.757,41.44,59.76,106.33,11.7,0.2559,1410.0,0.045,4.0,41
       (2014 JN57),AMO,Y,Y,20.68,0.273,0.124,,,,0.1678,1.243,1.035,28.59,68.27,143.79,138.51,0.711,506.0,0.0482,0.0,105
       (2014 KO76),APO,Y,N,23.9,0.166,0.018,,,,0.6135,2.436,0.941,9.47,57.46,134.47,10.92,0.2593,1390.0,0.0259,8.0,31
       (2014 KV86),APO,Y,Y,20.55,0.644,0.032,,,,0.6417,2.631,0.943,25.59,130.97,37.22,264.68,0.2309,1560.0,0.033,0.0,64
       (2014 KX99),AMO,Y,N,18.01,1.724,0.031,,,,0.584,2.819,1.172,13.66,287.94,349.43,163.35,0.2083,1730.0,0.158,0.0,102
       (2014 LQ25),APO,Y,N,20.17,0.938,0.02,,,,0.6783,2.023,0.651,33.55,301.67,245.55,16.89,0.3426,1050.0,0.0995,1.0,57
       (2014 LR26),AMO,Y,N,18.65,2.082,0.016,,,,0.634,3.13,1.146,10.62,113.72,239.8,358.04,0.178,2020.0,0.206,0.0,97
       (2014 MS5),APO,Y,N,22.69,0.113,0.116,,,,0.5591,1.933,0.852,2.51,75.9,267.26,67.53,0.3668,981.0,0.0224,0.0,60
       (2014 MF18),ATE,Y,N,26.11,0.069,0.015,,,,0.1595,0.8886,0.747,2.73,100.41,351.94,55.21,1.177,306.0,0.00816,0.0,78
       (2014 NK52),APO,Y,Y,21.22,0.502,0.021,,,,0.8344,2.21,0.366,2.54,248.7,276.34,190.74,0.3,1200.0,0.0124,7.0,33
       (2014 NC64),APO,Y,N,19.99,0.501,0.044,,,,0.6368,2.182,0.792,22.7,17.03,9.69,170.8,0.3058,1180.0,0.2,0.0,42
       (2014 NM64),AMO,Y,Y,21.6,0.33,0.015,,,,0.6282,2.845,1.058,28.95,302.83,8.5,131.18,0.2054,1750.0,0.0451,5.0,75
       (2014 OY1),APO,Y,N,19.1,0.598,0.113,,,,0.6334,2.563,0.94,23.09,76.06,187.29,277.0,0.2402,1500.0,0.0729,0.0,113
       (2014 OZ1),AMO,Y,N,21.0,0.732,0.013,,,,0.601,2.852,1.138,21.34,137.03,113.27,132.81,0.2047,1760.0,0.294,7.0,42
       (2014 PS59),APO,Y,Y,20.59,0.206,0.263,,,,0.5455,1.963,0.892,14.14,162.47,222.9,17.75,0.3584,1000.0,0.0166,0.0,347
       (2014 PW59),APO,Y,Y,20.9,0.412,0.045,,,,0.7001,2.408,0.722,2.38,294.49,296.52,11.35,0.2638,1360.0,0.00677,1.0,98
       (2014 PC68),AMO,Y,N,20.28,0.562,0.039,,,,0.2848,1.519,1.087,40.68,161.6,152.86,20.42,0.5263,684.0,0.103,1.0,63
       (2014 PF68),AMO,Y,N,18.05,3.33,0.01,,,,0.586,2.858,1.184,22.58,341.96,14.21,95.7,0.2039,1770.0,0.185,0.0,276
       (2014 QT295),APO,Y,N,25.9,0.041,0.046,,,,0.5273,1.793,0.848,0.83,221.45,180.0,337.54,0.4104,877.0,0.0114,8.0,22
       (2014 QC433),AMO,Y,N,19.22,2.009,0.091,,,,0.5287,2.368,1.116,14.53,165.72,115.78,58.63,0.2705,1330.0,0.218,0.0,88
       (2014 QK433),AMO,Y,N,18.42,1.784,0.027,,,,0.5993,2.994,1.2,39.19,308.62,2.29,76.79,0.1903,1890.0,0.184,0.0,163
       (2014 RH12),APO,Y,N,23.33,0.088,0.092,,,,0.5361,2.18,1.011,7.27,200.31,145.69,171.11,0.3062,1180.0,0.0444,6.0,100
       (2014 RL12),APO,Y,N,17.96,0.694,0.254,5.206,,,0.6737,2.761,0.901,23.79,277.43,115.44,146.24,0.2148,1680.0,0.122,0.0,325
       (2014 SV141),APO,Y,Y,21.6,0.172,0.137,,,,0.5238,2.13,1.014,7.82,158.4,141.93,227.9,0.3171,1140.0,0.0467,1.0,73
       (2014 SU260),APO,Y,N,21.8,0.174,0.112,,,,0.3756,1.54,0.961,26.76,174.76,229.22,282.08,0.516,698.0,0.0508,0.0,50
       (2014 TA36),APO,Y,Y,20.69,0.554,0.03,,,,0.7065,2.841,0.834,6.13,228.94,256.49,94.91,0.2059,1750.0,0.0439,4.0,100
       (2014 TW57),APO,Y,N,19.55,0.469,0.073,,,,0.7377,2.173,0.57,6.74,256.18,237.37,153.12,0.3076,1170.0,0.061,0.0,68
       (2014 TJ64),AMO,Y,N,20.62,0.519,0.02,,,,0.6036,2.612,1.035,14.77,143.2,236.45,220.92,0.2334,1540.0,0.142,4.0,105
       (2014 US),AMO,Y,N,19.18,0.556,0.186,,,,0.589,2.619,1.076,27.03,228.34,237.51,206.42,0.2325,1550.0,0.241,0.0,323
       (2014 UG176),APO,Y,N,21.5,0.421,0.025,,,,0.7203,2.798,0.783,16.43,87.95,15.3,351.94,0.2105,1710.0,0.162,9.0,16
       (2014 UF206),AMO,Y,N,18.6,1.387,0.028,6.83,,,0.5455,2.422,1.101,48.06,114.54,13.22,310.63,0.2615,1380.0,0.126,1.0,286
       (2014 UH210),APO,Y,N,20.61,0.404,0.039,,,,0.6588,2.597,0.886,22.1,151.68,162.15,12.41,0.2355,1530.0,0.1,9.0,23
       (2014 VG2),APO,Y,N,22.72,0.085,0.201,0.0385,,,0.197,1.19,0.955,8.6,80.36,44.69,123.04,0.7597,474.0,0.0146,0.0,116
       (2014 VP35),APO,Y,N,22.82,0.122,0.099,,,,0.3485,1.466,0.955,9.17,269.61,173.51,60.06,0.5555,648.0,0.0268,3.0,40
       (2014 WL6),APO,Y,Y,20.08,0.198,0.527,,,,0.6358,2.261,0.824,13.5,74.51,68.91,62.85,0.2899,1240.0,0.05,0.0,201
       (2014 WJ70),AMO,Y,N,17.75,2.923,0.019,,,,0.6018,3.219,1.282,10.07,148.82,28.33,313.93,0.1707,2110.0,0.299,0.0,413
       (2014 WZ120),APO,Y,Y,20.5,0.297,0.126,3.361,,,0.64,2.212,0.796,20.91,244.77,245.23,107.64,0.2996,1200.0,0.0269,3.0,346
       (2014 WK368),APO,Y,Y,21.31,0.486,0.021,,,,0.7122,2.155,0.62,14.3,237.12,105.22,186.33,0.3116,1160.0,0.0359,7.0,21
       (2014 XQ7),APO,Y,N,20.18,0.651,0.024,,,,0.7507,2.638,0.658,31.02,141.12,13.27,347.94,0.2301,1560.0,0.312,9.0,22
       (2014 XX7),AMO,Y,N,19.23,1.198,0.015,,,,0.5929,2.91,1.185,36.66,186.07,162.98,86.95,0.1985,1810.0,0.198,0.0,374
       (2014 XX31),APO,Y,N,17.24,1.349,0.079,,,,0.8699,2.827,0.368,36.06,290.59,344.84,126.62,0.2074,1740.0,0.487,0.0,87
       (2014 YJ14),APO,Y,N,18.38,2.443,0.014,,,,0.8217,2.2,0.392,29.29,305.16,57.55,140.55,0.3021,1190.0,0.101,0.0,161
       (2014 YL14),APO,Y,Y,20.6,0.355,0.081,,,,0.7641,2.749,0.648,5.92,67.82,291.08,152.14,0.2163,1660.0,0.0156,5.0,139
       (2014 YS14),APO,Y,N,21.1,0.299,0.072,,,,0.6673,2.451,0.815,18.3,124.32,14.43,285.89,0.2569,1400.0,0.145,5.0,40
       (2014 YT14),APO,Y,N,18.59,1.757,0.016,,,,0.5057,1.724,0.852,30.6,275.53,28.2,339.73,0.4353,827.0,0.124,0.0,90
       (2014 YS34),APO,Y,Y,20.85,0.129,0.505,,,,0.3854,1.553,0.955,6.89,210.05,322.0,190.07,0.5091,707.0,0.00499,0.0,196
       (2014 YR43),APO,Y,N,19.63,0.37,0.204,,,,0.6111,2.486,0.967,26.45,123.11,268.9,290.8,0.2515,1430.0,0.299,0.0,109
       (2015 AC17),AMO,Y,N,19.63,0.986,0.02,,,,0.4586,2.259,1.223,29.19,256.5,188.34,67.08,0.2902,1240.0,0.241,0.0,56
       (2015 AY245),APO,Y,Y,20.99,0.374,0.042,,,,0.1094,1.127,1.004,13.59,143.64,13.03,359.35,0.8239,437.0,0.0181,0.0,269
       (2015 AK280),APO,Y,N,21.59,0.358,0.026,,,,0.7046,2.656,0.785,11.36,17.19,45.1,192.84,0.2277,1580.0,0.0516,6.0,33
       (2015 BW310),APO,Y,N,22.0,0.146,0.132,,,,0.6389,2.623,0.947,10.04,95.07,322.51,210.28,0.232,1550.0,0.0272,4.0,51
       (2015 BY516),APO,Y,N,20.02,0.349,0.017,,,,0.6622,2.908,0.982,13.45,296.21,249.33,355.51,0.1988,1810.0,0.151,8.0,27
       (2015 CX12),APO,Y,Y,20.0,0.184,0.533,12.2,,,0.6098,2.003,0.781,5.74,195.88,227.57,308.23,0.3478,1040.0,0.0302,1.0,176
       (2015 CP13),APO,Y,N,19.8,0.384,0.144,,,,0.6632,2.439,0.821,8.83,68.15,0.34,313.44,0.2588,1390.0,0.117,0.0,115
       (2015 CV13),APO,Y,Y,20.43,0.437,0.07,,,,0.2882,1.338,0.953,13.04,124.79,132.56,261.44,0.6366,566.0,0.00799,0.0,187
       (2015 DA54),APO,Y,N,20.88,0.468,0.039,,,,0.7828,2.604,0.566,8.24,147.33,246.53,216.02,0.2346,1530.0,0.0583,0.0,70
       (2015 DE176),APO,Y,N,19.72,0.679,0.048,,,,0.5626,2.01,0.879,10.25,69.15,178.41,248.61,0.346,1040.0,0.123,1.0,212
       (2015 DU180),APO,Y,Y,20.93,0.435,0.045,,,,0.9219,1.926,0.15,4.86,51.75,315.41,28.02,0.3687,976.0,0.00792,0.0,67
       (2015 DX198),AMO,Y,N,21.93,0.349,0.023,,,,0.3758,1.641,1.025,11.05,309.66,216.06,27.3,0.4686,768.0,0.0741,1.0,55
       (2015 DN215),APO,Y,Y,19.8,0.535,0.074,18.2,,,0.7484,2.741,0.69,10.36,3.18,80.78,142.74,0.2172,1660.0,0.0199,0.0,325
       (2015 ED7),APO,Y,N,20.77,0.313,0.086,,,,0.7823,2.469,0.537,11.1,42.28,41.34,286.97,0.2541,1420.0,0.137,0.0,88
       (2015 EE7),APO,Y,N,20.28,0.294,0.17,9.42,,,0.411,1.702,1.002,27.3,9.35,219.21,268.73,0.4439,811.0,0.0662,0.0,295
       (2015 FL),APO,Y,Y,20.8,0.232,0.131,28.43,,,0.6513,2.686,0.937,15.7,11.66,224.78,141.88,0.2239,1610.0,0.0369,3.0,271
       (2015 FS33),APO,Y,N,22.56,0.066,0.531,,,,0.628,1.27,0.473,13.3,15.76,297.35,116.25,0.6884,523.0,0.0215,0.0,115
       (2015 FZ35),APO,Y,N,19.48,0.636,0.076,,,,0.8109,2.792,0.528,9.46,351.15,324.39,80.91,0.2113,1700.0,0.128,0.0,106
       (2015 FY117),AMO,Y,N,20.12,0.544,0.018,,,,0.4348,2.018,1.14,24.36,188.23,348.75,252.08,0.3439,1050.0,0.147,6.0,99
       (2015 FN120),APO,Y,N,23.5,0.064,0.173,,,,0.6185,2.099,0.801,5.02,18.45,97.8,196.62,0.3241,1110.0,0.0311,7.0,66
       (2015 FU332),APO,Y,N,17.23,0.944,0.261,,,,0.7426,2.64,0.68,35.87,82.52,25.65,189.67,0.2298,1570.0,0.262,1.0,178
       (2015 FT344),AMO,Y,N,20.12,0.753,0.034,,,,0.5686,2.557,1.103,12.56,325.68,289.45,213.91,0.2411,1490.0,0.208,0.0,150
       (2015 GS),APO,Y,N,20.53,0.262,0.149,,,,0.4771,1.727,0.903,11.86,113.79,20.98,267.21,0.4343,829.0,0.0504,0.0,112
       (2015 GY),APO,Y,Y,21.68,0.143,0.18,,,,0.2001,1.068,0.854,11.81,207.75,108.69,125.38,0.893,403.0,0.0233,0.0,272
       (2015 GK50),APO,Y,N,19.92,0.66,0.023,,,,0.6696,3.058,1.01,19.1,155.44,74.76,347.32,0.1843,1950.0,0.227,5.0,56
       (2015 HF1),APO,Y,N,22.7,0.108,0.125,,,,0.6145,1.317,0.508,22.0,18.38,67.59,42.31,0.652,552.0,0.0312,8.0,55
       (2015 HF11),AMO,Y,N,19.28,1.115,0.025,,,,0.419,2.098,1.219,35.08,234.0,340.96,186.54,0.3244,1110.0,0.224,0.0,377
       (2015 HU171),APO,Y,N,23.7,0.108,0.05,,,,0.5739,2.294,0.978,5.58,76.97,179.17,352.34,0.2836,1270.0,0.0346,8.0,61
       (2015 HX181),APO,Y,N,23.9,0.078,0.079,,,,0.5601,1.79,0.787,7.91,211.9,293.6,169.55,0.4115,875.0,0.00101,7.0,46
       (2015 JC2),APO,Y,N,20.83,0.382,0.048,,,,0.546,1.487,0.675,10.43,114.7,354.24,334.37,0.5434,663.0,0.176,0.0,56
       (2015 KN122),APO,Y,N,20.39,0.342,0.095,,,,0.6825,1.377,0.437,22.08,82.38,26.38,220.17,0.6103,590.0,0.24,0.0,95
       (2015 KH157),APO,Y,Y,19.89,0.582,0.052,,,,0.5325,1.792,0.838,21.55,89.32,51.32,160.39,0.4108,876.0,0.0156,0.0,118
       (2015 KL157),AMO,Y,Y,18.68,1.288,0.024,,,,0.6154,2.652,1.02,35.55,279.19,5.48,144.42,0.2282,1580.0,0.00355,1.0,182
       (2015 LL21),APO,Y,N,19.9,0.374,0.139,,,,0.7179,2.186,0.617,6.99,111.5,56.33,20.55,0.305,1180.0,0.0548,8.0,63
       (2015 LM21),APO,Y,N,22.1,0.066,0.594,,,,0.7719,2.435,0.555,6.36,121.13,36.95,280.41,0.2594,1390.0,0.0867,6.0,61
       (2015 LK24),AMO,Y,Y,21.52,0.306,0.043,18.55,,,0.6179,2.683,1.025,14.4,94.83,202.91,132.87,0.2243,1610.0,0.0338,3.0,175
       (2015 MN116),APO,Y,N,19.75,0.394,0.137,,,,0.5296,1.708,0.803,44.78,265.06,97.08,208.7,0.4416,815.0,0.136,0.0,90
       (2015 MQ130),AMO,Y,N,20.9,0.36,0.012,,,,0.5337,2.206,1.029,40.21,238.88,111.85,47.66,0.3008,1200.0,0.27,1.0,59
       (2015 NZ13),APO,Y,Y,20.6,0.258,0.152,3.42,,,0.7806,2.016,0.442,6.58,175.36,239.72,200.5,0.3444,1050.0,0.0292,3.0,128
       (2015 NA14),ATE,Y,N,22.0,0.091,0.338,6.91,,,0.1837,0.9659,0.788,6.35,281.79,152.88,199.34,1.038,347.0,0.0597,1.0,460
       (2015 OA22),AMO,Y,N,19.82,1.184,0.013,,,,0.6939,3.51,1.074,45.4,347.3,356.67,196.26,0.1499,2400.0,0.0674,5.0,68
       (2015 PC),APO,Y,N,19.4,1.266,0.019,,,,0.7556,2.156,0.527,8.02,251.22,335.22,103.61,0.3114,1160.0,0.12,1.0,120
       (2015 PK57),APO,Y,N,24.4,0.075,0.041,,,,0.6189,2.521,0.961,4.72,133.74,247.3,190.34,0.2462,1460.0,0.0499,0.0,50
       (2015 PM57),APO,Y,N,18.66,0.585,0.187,,,,0.7343,2.206,0.586,17.39,112.86,341.91,16.07,0.3009,1200.0,0.269,0.0,113
       (2015 PU228),APO,Y,Y,20.3,0.328,0.125,,,,0.7858,2.291,0.491,9.43,299.1,274.42,8.65,0.2843,1270.0,0.00996,1.0,173
       (2015 PP291),APO,Y,N,18.29,0.439,0.568,,,,0.7827,2.378,0.517,16.51,97.56,310.81,257.73,0.2688,1340.0,0.159,1.0,111
       (2015 QG),APO,Y,N,23.8,0.132,0.031,,,,0.3922,1.57,0.954,20.05,322.49,313.69,97.33,0.5009,719.0,0.0263,7.0,82
       (2015 QM3),ATE,Y,N,20.38,0.267,0.189,,,,0.5312,0.706,0.331,16.15,159.69,324.65,320.2,1.662,217.0,0.0607,0.0,171
       (2015 RS83),APO,Y,N,19.3,0.474,0.137,,,,0.7657,2.795,0.655,11.64,70.09,24.11,53.5,0.2109,1710.0,0.157,0.0,49
       (2015 RR150),AMO,Y,Y,19.63,0.343,0.198,,,,0.4982,2.038,1.023,42.16,174.2,167.33,188.58,0.3387,1060.0,0.0253,1.0,67
       (2015 SF20),APO,Y,N,19.59,0.398,0.147,,,,0.557,2.129,0.943,5.97,336.83,2.92,108.01,0.3173,1130.0,0.0539,0.0,150
       (2015 SS20),APO,Y,N,22.12,0.256,0.03,,,,0.3463,1.543,1.009,11.47,244.92,164.69,92.41,0.5143,700.0,0.0292,1.0,49
       (2015 TE),APO,Y,N,22.5,0.156,0.073,1.68,,,0.7513,2.71,0.674,7.62,358.28,102.19,348.2,0.221,1630.0,0.00471,8.0,100
       (2015 TX24),APO,Y,Y,21.58,0.252,0.07,,,,0.8743,2.262,0.284,6.11,32.27,127.8,330.84,0.2898,1240.0,0.0107,6.0,59
       (2015 TK237),APO,Y,N,22.42,0.233,0.03,,,,0.5505,2.032,0.914,11.66,33.13,306.81,189.23,0.3402,1060.0,0.037,6.0,38
       (2015 TK238),APO,Y,Y,21.9,0.076,0.54,,,,0.6071,2.41,0.947,3.68,170.12,161.97,262.01,0.2635,1370.0,0.0144,6.0,165
       (2015 TD323),APO,Y,Y,19.93,0.332,0.176,,,,0.631,1.616,0.596,48.91,13.83,95.89,303.58,0.4797,750.0,0.0301,0.0,83
       (2015 UK52),APO,Y,Y,20.14,0.213,0.353,,,,0.369,1.555,0.981,20.95,239.1,216.83,33.0,0.5082,708.0,0.0451,0.0,427
       (2015 VE1),APO,Y,Y,21.06,0.139,0.368,,,,0.5669,2.246,0.973,1.9,98.27,273.52,2.04,0.2929,1230.0,0.0301,0.0,452
       (2015 VF1),APO,Y,N,23.77,0.072,0.103,,,,0.5371,1.878,0.869,5.16,17.43,75.62,343.28,0.3831,940.0,0.0378,8.0,54
       (2015 VB65),APO,Y,N,22.93,0.049,0.519,,,,0.5638,2.187,0.954,8.61,230.85,224.96,23.33,0.3047,1180.0,0.0402,5.0,217
       (2015 VU65),APO,Y,N,26.4,0.047,0.022,,,,0.5791,1.972,0.83,2.96,230.64,238.67,344.66,0.356,1010.0,0.00245,8.0,64
       (2015 VZ145),APO,Y,N,23.63,0.157,0.024,,,,0.5414,2.128,0.976,2.74,103.25,327.49,75.74,0.3175,1130.0,0.0143,4.0,93
       (2015 WG9),APO,Y,Y,20.39,0.48,0.047,,,,0.6917,2.032,0.627,34.36,239.34,90.02,178.37,0.3402,1060.0,0.0291,0.0,332
       (2015 WC13),AMO,Y,N,19.61,0.882,0.033,,,,0.467,2.276,1.213,23.42,80.77,39.58,304.86,0.287,1250.0,0.289,0.0,326
       (2015 WM16),APO,Y,N,21.48,0.392,0.022,,,,0.6784,2.756,0.886,32.41,55.76,333.65,72.52,0.2155,1670.0,0.0595,6.0,27
       (2015 XE),APO,Y,N,24.7,0.048,0.1,,,,0.3684,1.57,0.991,2.39,245.54,158.51,35.19,0.5011,718.0,0.0106,5.0,173
       (2015 XD1),APO,Y,N,20.14,0.201,0.399,,,,0.6558,2.278,0.784,11.59,6.66,161.26,300.34,0.2867,1260.0,0.134,0.0,101
       (2015 XK1),APO,Y,N,20.0,0.35,0.145,,,,0.5347,1.635,0.761,6.46,189.25,343.25,235.59,0.4716,763.0,0.0939,0.0,402
       (2015 XR128),AMO,Y,N,19.13,0.47,0.183,,,,0.3206,1.65,1.121,15.53,286.33,171.84,231.99,0.4648,774.0,0.14,0.0,599
       (2015 XO129),APO,Y,N,25.2,0.06,0.04,,,,0.6312,2.436,0.898,2.14,245.85,127.21,12.42,0.2592,1390.0,0.00796,8.0,30
       (2015 XB130),APO,Y,N,21.51,0.335,0.03,,,,0.6169,2.641,1.012,12.53,46.97,330.64,122.39,0.2296,1570.0,0.0556,7.0,37
       (2015 YK),APO,Y,N,25.86,0.046,0.037,,,,0.1193,1.095,0.965,4.7,258.35,237.66,200.35,0.8596,419.0,0.021,5.0,96
       (2015 YB1),APO,Y,N,21.4,0.186,0.128,,,,0.4106,1.539,0.907,28.62,92.51,65.43,42.07,0.5163,697.0,0.0907,0.0,127
       (2015 YX7),APO,Y,N,21.82,0.11,0.23,,,,0.605,2.456,0.97,4.03,148.38,265.92,215.61,0.256,1410.0,0.0623,5.0,73
       (2015 YT10),APO,Y,N,20.0,0.359,0.137,,,,0.7847,2.352,0.506,10.9,136.93,200.91,282.25,0.2732,1320.0,0.167,2.0,105
       (2015 YC18),APO,Y,N,24.99,0.086,0.02,,,,0.3268,1.368,0.921,5.42,57.78,78.88,45.79,0.6162,584.0,0.0516,7.0,15
       (2016 AK8),AMO,Y,N,21.14,0.543,0.011,,,,0.1866,1.448,1.178,23.1,251.58,200.47,235.89,0.5658,636.0,0.202,0.0,170
       (2016 AL8),APO,Y,Y,20.73,0.422,0.047,,,,0.4328,1.78,1.009,7.91,144.93,24.07,38.2,0.4152,867.0,0.0368,0.0,150
       (2016 AZ8),APO,Y,Y,21.07,0.215,0.138,16.897,,,0.3551,1.321,0.852,5.59,89.99,318.58,217.83,0.6492,555.0,0.0297,0.0,380
       (2016 AA10),APO,Y,Y,20.29,0.271,0.2,,,,0.5091,1.879,0.923,12.66,59.72,342.53,315.29,0.3825,941.0,0.0436,1.0,105
       (2016 AO66),AMO,Y,N,20.17,0.338,0.155,,,,0.5445,2.325,1.059,26.65,108.4,37.07,265.33,0.278,1300.0,0.14,1.0,117
       (2016 AO165),APO,Y,N,19.94,0.374,0.138,,,,0.707,3.218,0.943,8.98,255.22,282.66,242.65,0.1707,2110.0,0.104,4.0,228
       (2016 AD166),APO,Y,N,23.58,0.077,0.109,0.0085,,,0.569,1.652,0.712,5.28,96.39,297.49,255.8,0.4642,775.0,0.0211,7.0,40
       (2016 BJ1),AMO,Y,N,20.31,0.432,0.025,,,,0.5428,2.261,1.034,21.42,103.17,99.23,292.24,0.2898,1240.0,0.264,0.0,97
       (2016 BT13),AMO,Y,N,19.29,1.008,0.033,,,,0.4849,2.156,1.111,40.89,294.09,282.74,8.41,0.3113,1160.0,0.383,1.0,107
       (2016 BC14),ATE,Y,Y,20.98,0.196,0.201,28.5,,,0.1823,0.8702,0.712,8.37,3.97,337.17,179.46,1.214,296.0,0.0103,1.0,266
       (2016 BP14),APO,Y,Y,20.95,0.285,0.072,,,,0.7541,2.891,0.711,1.98,165.04,228.28,10.5,0.2005,1800.0,0.0142,0.0,91
       (2016 BZ14),APO,Y,Y,18.44,1.214,0.052,,,,0.6655,2.862,0.957,31.16,137.25,32.4,2.6,0.2036,1770.0,0.0311,0.0,543
       (2016 BJ15),APO,Y,N,23.3,0.08,0.113,,,,0.5194,1.808,0.869,2.99,106.32,330.15,28.0,0.4053,888.0,0.0166,7.0,245
       (2016 BR80),APO,Y,Y,21.3,0.208,0.123,,,,0.4525,1.703,0.932,12.07,8.72,160.59,135.48,0.4436,812.0,0.0457,1.0,55
       (2016 CU30),AMO,Y,N,21.58,0.459,0.019,,,,0.64,3.043,1.095,27.89,140.66,43.83,296.33,0.1857,1940.0,0.203,5.0,126
       (2016 CB31),APO,Y,N,24.96,0.07,0.037,,,,0.4602,1.769,0.955,1.23,90.71,96.46,41.2,0.4188,860.0,0.0164,0.0,94
       (2016 CL136),ATE,Y,Y,21.3,0.123,0.32,,,,0.6222,0.7297,0.276,21.53,316.42,23.53,352.72,1.581,228.0,0.0279,0.0,291
       (2016 CQ195),APO,Y,N,18.2,0.606,0.252,,,,0.7064,2.165,0.636,28.42,333.39,324.85,329.19,0.3094,1160.0,0.272,0.0,149
       (2016 CK246),AMO,Y,N,21.75,0.094,0.347,,,,0.7298,3.973,1.074,12.64,303.1,219.08,78.31,0.1245,2890.0,0.136,0.0,213
       (2016 DL),ATE,Y,Y,21.4,0.228,0.103,,,,0.4712,0.7143,0.378,23.85,290.11,33.18,242.63,1.633,220.0,0.0477,1.0,84
       (2016 DO2),APO,Y,N,23.7,0.034,0.532,,,,0.5186,1.564,0.753,1.41,173.78,259.53,29.48,0.504,714.0,0.00222,8.0,34
       (2016 EE1),APO,Y,N,24.5,0.066,0.065,,,,0.6394,2.246,0.81,7.5,151.96,309.89,12.33,0.2928,1230.0,0.0165,8.0,46
       (2016 EV1),APO,Y,N,23.9,0.106,0.043,,,,0.7146,2.458,0.702,5.14,190.78,246.89,201.57,0.2558,1410.0,0.0107,7.0,30
       (2016 EZ26),APO,Y,N,22.6,0.268,0.022,,,,0.5949,2.436,0.987,6.82,67.28,156.87,186.17,0.2592,1390.0,0.00139,5.0,102
       (2016 EH157),APO,Y,N,21.1,0.231,0.121,,,,0.6244,2.434,0.914,10.04,22.84,198.22,187.25,0.2596,1390.0,0.0502,0.0,152
       (2016 FY3),APO,Y,Y,21.2,0.205,0.125,19.8,,,0.6885,2.627,0.818,22.43,35.9,238.42,81.15,0.2315,1550.0,0.00499,3.0,266
       (2016 FE12),APO,Y,N,20.6,0.202,0.248,,,,0.6973,1.276,0.386,29.83,8.95,47.43,292.39,0.684,526.0,0.102,1.0,149
       (2016 FO12),APO,Y,N,22.35,0.183,0.048,,,,0.6191,2.527,0.963,4.21,287.63,201.04,157.26,0.2453,1470.0,0.00189,1.0,58
       (2016 FC13),APO,Y,N,22.07,0.186,0.081,,,,0.2146,1.258,0.988,40.95,11.12,219.97,272.93,0.6983,516.0,0.0296,1.0,153
       (2016 FW14),APO,Y,N,20.71,0.366,0.063,,,,0.4395,1.484,0.832,12.08,334.97,330.23,55.48,0.5453,660.0,0.0992,0.0,69
       (2016 GU216),APO,Y,N,18.46,1.317,0.037,,,,0.7175,2.468,0.697,20.7,263.96,12.2,157.99,0.2543,1420.0,0.276,0.0,111
       (2016 GP220),APO,Y,N,22.02,0.422,0.017,,,,0.6683,2.916,0.967,16.44,37.22,227.29,319.28,0.1979,1820.0,0.0663,0.0,89
       (2016 GB241),AMO,Y,N,19.14,1.177,0.024,,,,0.6289,3.21,1.191,14.79,82.31,194.82,222.27,0.1714,2100.0,0.181,0.0,201
       (2016 HN3),APO,Y,Y,21.38,0.371,0.029,,,,0.556,2.148,0.954,19.34,64.2,199.86,4.24,0.3131,1150.0,0.037,1.0,35
       (2016 JC6),ATE,Y,Y,21.37,0.192,0.145,2.279,,,0.2829,0.8067,0.578,6.78,236.79,174.19,228.87,1.36,265.0,0.0171,0.0,496
       (2016 JM17),APO,Y,N,19.6,0.661,0.059,,,,0.7867,2.423,0.517,21.0,166.32,185.98,166.42,0.2613,1380.0,0.35,6.0,88
       (2016 JW28),APO,Y,N,25.5,0.031,0.123,,,,0.5792,2.082,0.876,0.92,217.25,65.39,347.37,0.328,1100.0,0.00416,8.0,61
       (2016 JU38),APO,Y,N,19.58,0.91,0.015,,,,0.649,2.261,0.794,40.22,74.78,279.03,269.85,0.2899,1240.0,0.147,1.0,59
       (2016 KD),APO,Y,N,22.35,0.16,0.083,,,,0.3052,1.139,0.791,21.21,71.91,258.86,233.44,0.8106,444.0,0.0314,1.0,102
       (2016 KL1),ATE,Y,Y,21.09,0.328,0.034,,,,0.2801,0.9015,0.649,18.14,69.76,317.03,287.78,1.151,313.0,0.0227,0.0,97
       (2016 KB4),APO,Y,N,20.25,0.517,0.05,,,,0.671,2.316,0.762,14.85,154.76,206.64,218.27,0.2797,1290.0,0.152,0.0,100
       (2016 LB),APO,Y,N,22.8,0.06,0.526,,,,0.1461,1.012,0.864,32.18,72.94,76.53,194.36,0.9682,372.0,0.00887,1.0,134
       (2016 LF2),AMO,Y,N,22.42,0.204,0.046,,,,0.6328,2.798,1.027,32.87,74.45,191.59,357.12,0.2106,1710.0,0.0206,9.0,66
       (2016 LM8),APO,Y,N,18.86,0.43,0.289,,,,0.6454,2.164,0.767,12.94,107.71,263.48,312.46,0.3097,1160.0,0.056,0.0,337
       (2016 LV8),APO,Y,N,19.81,0.845,0.03,,,,0.7478,2.563,0.646,12.79,186.23,179.35,84.01,0.2402,1500.0,0.21,0.0,83
       (2016 LD9),APO,Y,N,22.4,0.085,0.269,,,,0.611,1.805,0.702,4.19,70.84,96.82,346.61,0.4066,885.0,0.00499,1.0,145
       (2016 LV47),APO,Y,Y,20.02,0.237,0.314,,,,0.8587,1.732,0.245,15.07,91.74,317.66,29.23,0.4325,832.0,0.0344,2.0,53
       (2016 LX48),APO,Y,Y,19.34,0.864,0.045,5.6799,,,0.6911,3.222,0.995,5.58,327.28,4.02,214.03,0.1704,2110.0,0.016,0.0,796
       (2016 OY2),APO,Y,N,18.98,0.468,0.069,,,,0.4609,1.696,0.914,22.34,26.65,342.17,49.11,0.4461,807.0,0.0645,0.0,106
       (2016 PT),APO,Y,N,20.49,0.647,0.024,,,,0.7697,2.854,0.657,10.4,192.23,199.43,323.14,0.2044,1760.0,0.155,5.0,61
       (2016 PO8),APO,Y,N,20.03,0.479,0.077,,,,0.5617,2.169,0.951,16.86,289.91,116.19,302.32,0.3084,1170.0,0.124,0.0,154
       (2016 PR8),APO,Y,Y,18.9,1.349,0.029,16.17,,,0.6768,2.841,0.918,16.34,97.56,312.41,319.07,0.2059,1750.0,0.0476,0.0,369
       (2016 PN38),APO,Y,Y,21.21,0.196,0.153,,,,0.6173,2.462,0.942,3.58,343.52,56.57,123.12,0.2552,1410.0,0.0248,0.0,96
       (2016 PG67),AMO,Y,N,22.17,0.31,0.02,,,,0.5798,2.701,1.135,13.43,223.85,67.14,36.02,0.222,1620.0,0.233,6.0,25
       (2016 QU1),APO,Y,N,19.2,0.661,0.093,,,,0.9049,2.23,0.212,23.32,259.37,190.73,264.25,0.2959,1220.0,0.246,0.0,105
       (2016 QC84),APO,Y,N,20.13,0.25,0.257,,,,0.4027,1.506,0.899,16.63,354.14,75.94,308.68,0.5335,675.0,0.0925,2.0,283
       (2016 RW),APO,Y,N,23.25,0.066,0.214,,,,0.3849,1.613,0.992,4.84,238.33,158.75,154.17,0.4812,748.0,0.015,0.0,82
       (2016 RM40),APO,Y,N,24.67,0.081,0.032,,,,0.7616,2.434,0.58,0.96,297.01,319.61,13.25,0.2595,1390.0,0.0127,8.0,39
       (2016 SD),APO,Y,N,18.88,1.246,0.032,,,,0.7104,2.811,0.814,6.33,277.33,177.93,312.27,0.2092,1720.0,0.085,0.0,400
       (2016 SG2),APO,Y,N,20.6,0.278,0.131,,,,0.8803,2.471,0.296,24.88,192.67,38.43,140.79,0.2537,1420.0,0.149,0.0,159
       (2016 SG45),AMO,Y,N,19.21,1.391,0.014,,,,0.4659,2.177,1.163,29.2,60.54,348.82,276.93,0.3068,1170.0,0.181,5.0,51
       (2016 SH45),AMO,Y,N,19.2,0.82,0.046,,,,0.577,2.754,1.165,8.97,100.69,277.12,353.12,0.2156,1670.0,0.236,0.0,248
       (2016 TB11),APO,Y,N,25.23,0.018,0.459,,,,0.4988,1.799,0.902,9.25,196.87,123.98,16.92,0.4086,881.0,0.0257,8.0,36
       (2016 TX17),APO,Y,N,23.5,0.063,0.178,,,,0.5941,1.833,0.744,11.27,206.47,247.96,339.59,0.3971,907.0,0.0105,9.0,36
       (2016 TJ18),APO,Y,Y,20.56,0.188,0.314,,,,0.5827,2.408,1.005,17.72,44.94,349.04,154.86,0.2638,1360.0,0.0198,5.0,90
       (2016 TZ19),ATE,Y,N,23.15,0.05,0.491,,,,0.5815,0.9472,0.396,5.27,226.34,297.85,237.1,1.069,337.0,0.0181,6.0,73
       (2016 TM56),APO,Y,N,26.9,0.008,0.467,,,,0.1309,1.119,0.973,2.35,213.78,126.24,279.4,0.8325,432.0,0.00968,4.0,162
       (2016 TA57),ATE,Y,Y,20.79,0.281,0.088,,,,0.5418,0.8996,0.412,30.07,33.55,129.23,153.64,1.155,312.0,0.0173,1.0,55
       (2016 UZ25),APO,Y,Y,21.74,0.143,0.197,,,,0.7929,2.498,0.518,3.81,32.32,114.56,92.45,0.2496,1440.0,0.0226,6.0,188
       (2016 UD41),APO,Y,N,22.7,0.049,0.568,,,,0.6501,2.821,0.987,2.14,53.61,307.16,335.08,0.208,1730.0,0.0226,7.0,153
       (2016 UH101),APO,Y,N,22.61,0.128,0.156,,,,0.5295,2.097,0.987,4.71,176.16,175.66,7.26,0.3246,1110.0,0.0139,0.0,93
       (2016 UA107),APO,Y,N,20.8,0.525,0.031,,,,0.7745,2.723,0.614,26.97,232.52,22.73,17.99,0.2194,1640.0,0.328,8.0,16
       (2016 VK6),APO,Y,N,22.45,0.194,0.036,,,,0.2485,1.341,1.008,7.74,341.02,46.83,302.87,0.6349,567.0,0.0482,1.0,46
       (2016 VM6),AMO,Y,N,20.09,0.917,0.016,,,,0.513,2.538,1.236,26.7,354.15,71.2,86.38,0.2437,1480.0,0.439,0.0,104
       (2016 WF9),APO,Y,Y,20.08,1.082,0.013,,,,0.665,2.849,0.954,15.18,125.16,342.92,295.43,0.205,1760.0,0.0124,0.0,181
       (2016 WN48),APO,Y,N,24.78,0.144,0.01,,,,0.6408,2.74,0.984,4.84,88.96,299.23,7.03,0.2173,1660.0,0.0577,8.0,42
       (2016 XA18),APO,Y,N,23.1,0.065,0.238,,,,0.8339,1.946,0.323,17.74,262.94,294.15,342.91,0.3629,992.0,0.022,8.0,111
       (2016 XY23),AMO,Y,N,20.49,0.734,0.019,,,,0.5713,2.792,1.197,28.14,106.49,11.22,328.62,0.2113,1700.0,0.219,6.0,39
       (2018 DX3),AMO,Y,N,19.94,0.289,0.176,2.49,,,0.4972,2.107,1.06,7.65,18.7,216.21,164.76,0.3222,1120.0,0.0803,0.0,461
    1P/Halley,HTC,Y,,,11.0,0.04,,,,0.9679,17.93,0.575,162.19,59.1,112.24,274.38,0.01298,27700.0,0.0745,0.0,8518
    2P/Encke,ETc,Y,,,4.8,0.046,11.083,,,0.8477,2.22,0.338,11.41,334.19,187.13,243.13,0.298,1210.0,0.167,1.0,640
    7P/Pons-Winnecke,JFc,Y,,,5.2,,,,,0.6376,3.419,1.239,22.33,93.41,172.51,18.31,0.1559,2310.0,0.226,0.0,1692
    8P/Tuttle,JFC,Y,,,4.5,,,,,0.8198,5.7,1.027,54.98,270.34,207.51,15.13,0.07242,4970.0,0.0953,0.0,1768
   21P/Giacobini-Zinner,JFc,Y,,,2.0,,,,,0.7105,3.5,1.013,32.0,195.4,172.81,314.66,0.1505,2390.0,0.0178,0.0,1993
   24P/Schaumasse,JFc,Y,,,2.6,,,,,0.7079,4.056,1.185,11.5,78.29,58.47,266.53,0.1207,2980.0,0.264,0.0,3346
   26P/Grigg-Skjellerup,JFc,Y,,,2.6,,,,,0.6397,3.024,1.09,22.46,211.63,1.9,273.42,0.1874,1920.0,0.0848,0.0,511
   41P/Tuttle-Giacobini-Kresak,JFc,Y,,,1.4,,,,,0.6613,3.085,1.045,9.23,141.06,62.17,0.23,0.1819,1980.0,0.134,3.0,4300
   45P/Honda-Mrkos-Pajdusakova,JFc,Y,,,1.6,,,,,0.824,3.026,0.533,4.25,88.93,326.34,42.26,0.1872,1920.0,0.0604,1.0,1823
   46P/Wirtanen,JFc,Y,,,1.2,,,,,0.6588,3.093,1.055,11.75,82.16,356.34,0.01,0.1812,1990.0,0.0713,2.0,4224
   55P/Tempel-Tuttle,HTC,Y,,,3.6,0.06,,,,0.9056,10.34,0.976,162.49,235.27,172.5,4.98,0.02965,12100.0,0.00848,,392
   67P/Churyumov-Gerasimenko,JFc,Y,,,3.4,,12.76129,6.622e-07,0.533,0.6409,3.462,1.243,7.04,50.14,12.8,8.86,0.153,2350.0,0.257,0.0,8608
   79P/du Toit-Hartley,JFc,Y,,,2.8,,,,,0.5941,3.031,1.231,2.89,307.84,253.27,318.28,0.1867,1930.0,0.234,1.0,215
   96P/Machholz 1,JFC,Y,,,6.4,,,,,0.9592,3.035,0.124,58.14,94.25,14.79,342.67,0.1864,1930.0,0.333,0.0,669
  103P/Hartley 2,JFc,Y,,,1.6,,18.1,,,0.6936,3.476,1.065,13.6,219.74,181.32,251.78,0.1521,2370.0,0.0732,0.0,8768
  104P/Kowal 2,JFc,Y,,,2.0,,,,,0.6655,3.208,1.073,5.7,207.21,227.25,342.05,0.1716,2100.0,0.111,2.0,1551
  109P/Swift-Tuttle,HTC,Y,,,26.0,,,,,0.9632,26.09,0.96,113.45,139.38,152.98,7.63,0.007395,48700.0,0.000892,0.0,652
     C/1991 L3 (Levy),HTC,Y,,,11.6,,,,,0.9289,13.81,0.983,19.19,329.43,41.48,3.34,0.0192,18800.0,0.0753,3.0,136
     C/2001 OG108 (LONEOS),HTC,Y,,,13.6,0.054,57.12,,,0.9253,13.3,0.994,80.25,10.56,116.42,357.96,0.02032,17700.0,0.301,2.0,882
