full_name,class,neo,pha,H,diameter,albedo,rot_per,GM,density,e,a,q,i,om,w,ma,n,per,moid,condition_code,n_obs_used
     1 Ceres (A801 AA),MBA,N,N,3.35,939.4,0.09,9.07417,62.6284,2.162,0.0796,2.766,2.546,10.59,80.25,73.3,231.54,0.2143,1680.0,1.58,0,1075
     2 Pallas (A802 FA),MBA,N,N,4.11,513.0,0.155,7.8132214,13.63,2.89,0.2306,2.77,2.131,34.93,172.89,310.93,211.53,0.2138,1680.0,1.23,0,9766
     3 Juno (A804 RA),MBA,N,N,5.19,246.596,0.214,7.21,,,0.2558,2.671,1.988,12.99,169.82,247.88,217.59,0.2258,1590.0,1.04,0,8337
     4 Vesta (A807 FA),MBA,N,N,3.25,522.77,0.4228,5.3421276322,17.2882844,3.46,0.0902,2.362,2.149,7.14,103.7,151.54,26.81,0.2716,1330.0,1.13,0,9451
     5 Astraea (A845 XA),MBA,N,N,6.96,106.699,0.274,16.806,,,0.1875,2.577,2.094,5.36,141.45,359.35,133.87,0.2383,1510.0,1.11,0,4395
     6 Hebe (A847 NA),MBA,N,N,5.61,185.18,0.2679,7.2745,,,0.2022,2.425,1.935,14.74,138.61,239.7,352.56,0.2609,1380.0,0.976,0,6754
     7 Iris (A847 PA),MBA,N,N,5.68,199.83,0.2766,7.139,,,0.2302,2.387,1.837,5.52,259.49,145.48,61.73,0.2673,1350.0,0.849,0,5927
     8 Flora (A847 UA),MBA,N,N,6.62,147.491,0.226,12.865,,,0.1563,2.201,1.857,5.89,110.84,285.43,198.9,0.3018,1190.0,0.874,0,3564
     9 Metis (A848 HA),MBA,N,N,6.18,190.0,0.118,5.079,,,0.1226,2.387,2.094,5.58,68.87,5.9,199.2,0.2673,1350.0,1.11,0,4122
    10 Hygiea (A849 GA),MBA,N,N,5.65,407.12,0.0717,13.828,7.0,,0.1082,3.148,2.807,3.83,283.12,312.61,216.69,0.1765,2040.0,1.8,0,5158
    11 Parthenope (A850 JA),MBA,N,N,6.73,142.887,0.191,13.7204,,,0.1005,2.453,2.207,4.64,125.47,196.42,173.66,0.2565,1400.0,1.19,0,10549
    12 Victoria (A850 RA),MBA,N,N,7.29,115.087,0.163,8.6599,,,0.2199,2.334,1.821,8.37,235.35,69.55,76.94,0.2764,1300.0,0.824,0,4385
    13 Egeria (A850 VA),MBA,N,N,6.91,202.636,0.049,7.045,,,0.0847,2.576,2.358,16.53,43.18,79.06,40.99,0.2384,1510.0,1.44,0,3815
    14 Irene (A851 KA),MBA,N,N,6.55,152.0,0.159,15.028,,,0.1627,2.588,2.167,9.13,86.01,98.27,12.93,0.2367,1520.0,1.19,0,3688
    15 Eunomia (A851 OA),MBA,N,N,5.43,231.689,0.248,6.083,,,0.1878,2.642,2.146,11.76,292.88,98.51,113.73,0.2295,1570.0,1.19,0,5316
    16 Psyche (A852 FA),MBA,N,N,6.2,222.0,0.1203,4.196,1.601,4.172,0.1343,2.923,2.531,3.1,150.01,229.75,40.64,0.1972,1830.0,1.53,0,7401
    17 Thetis (A852 HA),MBA,N,N,7.92,84.899,0.193,12.27048,,,0.1313,2.473,2.148,5.59,125.5,135.95,192.66,0.2535,1420.0,1.14,0,11559
    18 Melpomene (A852 MA),MBA,N,N,6.35,139.594,0.181,11.57,,,0.218,2.296,1.795,10.13,150.33,228.05,227.26,0.2834,1270.0,0.812,0,6736
    19 Fortuna (A852 QA),MBA,N,N,7.49,200.0,0.037,7.4432,,,0.158,2.442,2.056,1.57,211.0,182.52,96.5,0.2583,1390.0,1.06,0,9571
    20 Massalia (A852 SA),MBA,N,N,6.54,135.68,0.241,8.098,,,0.1438,2.408,2.062,0.71,205.95,257.23,30.0,0.2637,1370.0,1.08,0,10301
    21 Lutetia (A852 VA),MBA,N,N,7.49,98.0,0.19,8.1655,0.1134,3.4,0.1648,2.434,2.033,3.06,80.84,249.94,246.81,0.2595,1390.0,1.02,0,7035
    22 Kalliope (A852 WA),MBA,N,N,6.79,167.536,0.166,4.1483,0.491,2.37,0.0989,2.909,2.622,13.7,65.97,358.24,310.67,0.1986,1810.0,1.63,0,12429
    23 Thalia (A852 XA),MBA,N,N,7.09,107.53,0.2536,12.312,,,0.2312,2.629,2.021,10.11,66.49,61.63,170.2,0.2312,1560.0,1.06,0,5487
    24 Themis (A853 GA),MBA,N,N,7.22,198.0,0.067,8.374,,,0.1153,3.143,2.781,0.74,36.39,109.11,56.76,0.1769,2040.0,1.79,0,6452
    25 Phocaea (A853 GB),MBA,N,N,7.87,61.054,0.35,9.9341,,,0.254,2.4,1.791,21.61,214.09,90.23,89.2,0.265,1360.0,0.924,0,6659
    26 Proserpina (A853 JA),MBA,N,N,7.47,94.8,0.1966,13.11,,,0.0886,2.655,2.42,3.55,45.69,196.06,289.59,0.2278,1580.0,1.41,0,4788
    27 Euterpe (A853 VA),MBA,N,N,7.03,96.0,0.215,10.4082,,,0.1716,2.347,1.944,1.58,94.77,356.57,272.94,0.2741,1310.0,0.961,0,3917
    28 Bellona (A854 EA),MBA,N,N,7.21,120.9,0.1763,15.706,,,0.149,2.777,2.364,9.42,144.15,343.46,65.46,0.2129,1690.0,1.38,0,4531
    29 Amphitrite (A854 EB),MBA,N,N,5.98,189.559,0.216,5.3921,,,0.0734,2.554,2.367,6.08,356.25,61.91,145.11,0.2415,1490.0,1.38,0,3545
    30 Urania (A854 OA),MBA,N,N,7.57,92.787,0.192,13.686,,,0.1267,2.366,2.066,2.09,307.4,87.19,319.52,0.2709,1330.0,1.07,0,4903
    31 Euphrosyne (A854 RA),MBA,N,N,6.84,267.08,0.053,5.53,,,0.2159,3.162,2.479,26.31,30.8,61.97,147.89,0.1753,2050.0,1.59,0,4704
    32 Pomona (A854 UA),MBA,N,N,7.75,80.76,0.2564,9.448,,,0.0813,2.588,2.377,5.52,220.36,337.86,242.01,0.2368,1520.0,1.37,0,8986
    33 Polyhymnia (A854 UB),MBA,N,N,8.47,52.929,0.24,18.608,,,0.3333,2.874,1.916,1.85,8.21,338.83,107.07,0.2023,1780.0,0.908,0,5865
    34 Circe (A855 GA),MBA,N,N,8.75,132.992,0.023,12.15,,,0.1068,2.688,2.401,5.5,184.29,329.41,305.21,0.2237,1610.0,1.41,0,11132
    35 Leukothea (A855 HA),MBA,N,N,8.68,103.055,0.066,31.9,,,0.2173,3.006,2.353,7.87,352.91,215.44,309.12,0.1891,1900.0,1.35,0,7471
    36 Atalante (A855 TA),MBA,N,N,8.55,132.842,0.029,9.93,,,0.3063,2.745,1.904,18.37,358.16,47.77,99.56,0.2168,1660.0,0.954,0,4545
    37 Fides (A855 TB),MBA,N,N,7.29,108.35,0.1826,7.3335,,,0.1747,2.643,2.181,3.07,7.24,62.31,172.87,0.2294,1570.0,1.2,0,5328
    38 Leda (A856 AA),MBA,N,N,8.52,92.255,0.055,12.838,,,0.1509,2.743,2.329,6.95,295.49,169.78,165.76,0.217,1660.0,1.35,0,6586
    39 Laetitia (A856 CA),MBA,N,N,5.97,179.484,0.269,5.138,,,0.1131,2.771,2.458,10.38,156.84,210.28,93.7,0.2137,1680.0,1.46,0,12400
    40 Harmonia (A856 FA),MBA,N,N,6.56,111.251,0.22,8.91,,,0.0463,2.268,2.163,4.26,94.16,269.84,80.29,0.2886,1250.0,1.16,0,11007
    41 Daphne (A856 KA),MBA,N,N,7.58,205.495,0.059,5.988,,,0.2704,2.769,2.02,15.73,177.62,46.92,288.44,0.2139,1680.0,1.05,0,8092
    42 Isis (A856 KB),MBA,N,N,7.7,110.997,0.139,13.59,,,0.2219,2.444,1.901,8.51,84.17,237.41,103.04,0.258,1400.0,0.903,0,8861
    43 Ariadne (A857 GA),MBA,N,N,7.93,71.34,0.234,5.76218,,,0.1681,2.203,1.833,3.47,264.75,16.19,141.45,0.3013,1190.0,0.815,0,4545
    44 Nysa (A857 KA),MBA,N,N,6.75,70.64,0.482,6.422,,,0.1499,2.423,2.06,3.71,131.48,343.99,349.11,0.2613,1380.0,1.08,0,8769
    45 Eugenia (A857 MA),MBA,N,N,7.75,202.327,0.045,5.699,,,0.0822,2.722,2.498,6.61,147.56,87.29,206.55,0.2195,1640.0,1.5,0,12851
    46 Hestia (A857 QA),MBA,N,N,8.52,131.471,0.046,21.04,,,0.1719,2.526,2.092,2.35,181.06,177.05,299.75,0.2455,1470.0,1.09,0,6903
    47 Aglaja (A857 RA),MBA,N,N,8.15,168.174,0.082,13.178,,,0.1333,2.881,2.497,4.97,2.69,316.21,174.33,0.2015,1790.0,1.49,0,6759
    48 Doris (A857 SA),MBA,N,N,7.11,216.473,0.065,11.89,,,0.0663,3.113,2.907,6.56,183.43,251.36,141.75,0.1795,2010.0,1.93,0,5364
    49 Pales (A857 SB),MBA,N,N,7.99,166.252,0.048,20.705,,,0.2215,3.098,2.412,3.2,284.99,113.45,312.96,0.1807,1990.0,1.42,0,9994
    50 Virginia (A857 TA),MBA,N,N,9.42,84.074,0.05,14.315,,,0.2846,2.651,1.897,2.84,173.45,200.08,346.62,0.2283,1580.0,0.897,0,9084
    51 Nemausa (A858 BA),MBA,N,N,7.72,138.159,0.1,7.783,,,0.0659,2.366,2.21,9.97,175.88,2.28,26.55,0.2709,1330.0,1.21,0,12450
    52 Europa (A858 CA),MBA,N,N,6.65,303.918,0.057,5.6304,,,0.112,3.092,2.746,7.48,128.58,342.96,312.53,0.1813,1990.0,1.76,0,11969
    53 Kalypso (A858 GA),MBA,N,N,8.88,97.262,0.028,9.036,,,0.203,2.619,2.087,5.18,143.43,314.39,261.11,0.2326,1550.0,1.11,0,7473
    54 Alexandra (A858 RA),MBA,N,N,7.95,160.12,0.059,7.024,,,0.1983,2.713,2.175,11.83,313.01,346.19,186.82,0.2206,1630.0,1.16,0,10619
    55 Pandora (A858 RB),MBA,N,N,7.83,84.794,0.204,4.804,,,0.1451,2.758,2.358,7.18,10.28,4.93,157.53,0.2152,1670.0,1.36,0,6036
    56 Melete (A857 RB),MBA,N,N,8.51,121.333,0.057,18.147,,,0.2369,2.597,1.982,8.08,192.93,104.92,92.05,0.2355,1530.0,0.983,0,6524
    57 Mnemosyne (A859 SA),MBA,N,N,6.93,112.59,0.2149,25.324,,,0.108,3.156,2.815,15.23,198.89,210.99,205.17,0.1758,2050.0,1.83,0,5035
    58 Concordia (A860 FA),MBA,N,N,9.03,106.517,0.044,9.895,,,0.0457,2.7,2.576,5.07,161.05,33.86,108.5,0.2222,1620.0,1.58,0,8597
    59 Elpis (A860 RA),MBA,N,N,8.08,165.119,0.044,13.671,,,0.1166,2.714,2.397,8.65,169.91,211.14,328.29,0.2205,1630.0,1.4,0,7551
    60 Echo (A860 RB),MBA,N,N,8.64,43.218,0.373,25.208,,,0.1845,2.393,1.951,3.6,191.52,270.86,128.09,0.2663,1350.0,0.972,0,7922
    61 Danae (A860 RC),MBA,N,N,7.73,85.937,0.203,11.45,,,0.1638,2.985,2.496,18.21,333.54,12.89,10.4,0.1911,1880.0,1.49,0,9158
    62 Erato (A860 RD),MBA,N,N,8.89,106.921,0.048,9.2213,,,0.168,3.13,2.604,2.24,125.1,277.76,305.55,0.178,2020.0,1.61,0,11182
    63 Ausonia (A861 CA),MBA,N,N,7.15,116.044,0.125,9.298,,,0.1282,2.395,2.088,5.77,337.68,295.62,58.11,0.266,1350.0,1.08,0,8334
    64 Angelina (A861 EA),MBA,N,N,7.72,58.292,0.483,8.752,,,0.1265,2.681,2.342,1.31,308.96,181.07,214.91,0.2245,1600.0,1.36,0,6440
    65 Cybele (A861 EB),OMB,N,N,6.83,237.26,0.0706,6.0814,,,0.1277,3.408,2.972,3.56,155.1,104.14,272.63,0.1567,2300.0,1.96,0,6322
    66 Maja (A861 GA),MBA,N,N,9.53,71.82,0.016,9.73509,,,0.1721,2.647,2.191,3.04,7.48,43.47,209.25,0.2289,1570.0,1.2,0,7381
    67 Asia (A861 HA),MBA,N,N,8.38,56.309,0.228,15.853,,,0.1857,2.422,1.972,6.02,202.25,107.59,185.51,0.2614,1380.0,0.967,0,10491
    68 Leto (A861 HB),MBA,N,N,6.9,122.509,0.228,14.848,,,0.1843,2.783,2.27,7.96,44.05,304.89,50.66,0.2123,1700.0,1.27,0,15647
    69 Hesperia (A861 HC),MBA,N,N,7.2,138.13,0.1402,5.655,,,0.169,2.977,2.474,8.59,184.89,288.15,42.8,0.1919,1880.0,1.51,0,5093
    70 Panopaea (A861 JA),MBA,N,N,8.16,127.911,0.038,15.8052,,,0.183,2.614,2.135,11.6,47.64,255.45,269.57,0.2333,1540.0,1.15,0,7815
    71 Niobe (A861 PA),MBA,N,N,7.23,83.42,0.3052,35.864,,,0.177,2.755,2.267,23.24,315.91,267.03,61.17,0.2156,1670.0,1.4,0,4852
    72 Feronia (A861 KA),MBA,N,N,9.08,74.966,0.083,8.097,,,0.1214,2.266,1.991,5.42,207.93,102.71,340.3,0.2889,1250.0,0.984,0,7927
    73 Klytia (A862 GA),MBA,N,N,9.04,44.59,0.223,8.297,,,0.0423,2.664,2.551,2.37,6.83,56.77,336.12,0.2267,1590.0,1.56,0,7793
    74 Galatea (A862 QA),MBA,N,N,8.91,118.71,0.0431,17.268,,,0.2368,2.782,2.123,4.07,197.07,175.0,64.24,0.2124,1700.0,1.12,0,10066
    75 Eurydike (A862 SA),MBA,N,N,9.22,62.377,0.117,5.357,,,0.3053,2.673,1.857,4.99,359.13,339.65,142.42,0.2255,1600.0,0.848,0,10896
    76 Freia (A862 UA),OMB,N,N,8.0,145.423,0.058,9.973,,,0.1677,3.409,2.837,2.12,204.27,252.24,299.47,0.1566,2300.0,1.85,0,7467
    77 Frigga (A862 VA),MBA,N,N,8.58,61.39,0.177,9.0032,,,0.1335,2.667,2.311,2.42,1.05,61.12,106.84,0.2262,1590.0,1.32,0,5701
    78 Diana (A863 EA),MBA,N,N,8.4,120.6,0.0706,7.2991,,,0.2035,2.623,2.089,8.68,333.29,153.28,155.06,0.2321,1550.0,1.11,0,6349
    79 Eurynome (A863 RA),MBA,N,N,7.78,63.479,0.287,5.978,,,0.191,2.444,1.977,4.61,206.5,201.39,127.33,0.258,1400.0,0.987,0,9576
    80 Sappho (A864 JA),MBA,N,N,8.05,68.563,0.206,14.03,,,0.1997,2.296,1.838,8.68,218.64,139.69,57.26,0.2832,1270.0,0.844,0,4471
    81 Terpsichore (A864 SA),MBA,N,N,8.68,117.727,0.045,10.943,,,0.2118,2.852,2.248,7.8,0.9,51.22,118.67,0.2047,1760.0,1.27,0,8102
    82 Alkmene (A864 WA),MBA,N,N,8.26,57.621,0.167,12.999,,,0.2211,2.764,2.153,2.83,25.41,110.72,331.3,0.2145,1680.0,1.17,0,8924
    83 Beatrix (A865 HA),MBA,N,N,8.73,110.503,0.05,10.111,,,0.083,2.432,2.23,4.97,27.66,169.89,131.97,0.2599,1380.0,1.23,0,6516
    84 Klio (A865 QA),MBA,N,N,9.32,79.16,0.0527,23.562,,,0.2355,2.362,1.806,9.31,327.5,15.09,38.89,0.2714,1330.0,0.798,0,5283
    85 Io (A865 SA),MBA,N,N,7.93,154.79,0.0666,6.875,,,0.1931,2.653,2.141,11.96,203.04,122.9,48.27,0.2281,1580.0,1.16,0,8608
    86 Semele (A866 AA),MBA,N,N,8.71,109.929,0.056,16.634,,,0.2177,3.106,2.43,4.82,86.06,308.93,63.96,0.18,2000.0,1.44,0,5724
    87 Sylvia (A866 KA),OMB,N,N,6.93,253.051,0.046,5.184,,,0.0943,3.485,3.156,10.87,73.01,265.83,94.96,0.1515,2380.0,2.17,0,7212
    88 Thisbe (A866 LA),MBA,N,N,7.24,232.0,0.0671,6.042,,,0.1653,2.767,2.31,5.23,276.32,36.94,201.53,0.2141,1680.0,1.3,0,5457
    89 Julia (A866 PA),MBA,N,N,6.38,145.483,0.189,11.387,,,0.1838,2.551,2.082,16.12,311.52,45.19,358.38,0.2419,1490.0,1.1,0,4554
    90 Antiope (A866 TA),MBA,N,N,8.42,115.974,0.058,16.509,,,0.1724,3.141,2.6,2.21,69.89,244.37,209.1,0.177,2030.0,1.59,0,7445
    91 Aegina (A866 VA),MBA,N,N,9.12,103.402,0.048,6.025,,,0.1082,2.59,2.31,2.1,10.39,74.31,14.39,0.2364,1520.0,1.33,0,11429
    92 Undina (A867 NA),MBA,N,N,6.75,126.42,0.2509,15.941,,,0.1049,3.185,2.851,9.92,101.39,236.68,238.16,0.1734,2080.0,1.85,0,5031
    93 Minerva (A867 QA),MBA,N,N,7.89,154.155,0.056,5.982,,,0.1429,2.753,2.36,8.54,3.81,275.93,273.1,0.2158,1670.0,1.36,0,5395
    94 Aurora (A867 RA),MBA,N,N,7.71,204.89,0.0395,7.22,,,0.0964,3.156,2.852,7.97,2.52,60.53,10.64,0.1758,2050.0,1.87,0,8781
    95 Arethusa (A867 WA),MBA,N,N,7.97,147.969,0.058,8.705,,,0.1526,3.064,2.596,13.01,242.94,152.77,156.26,0.1838,1960.0,1.61,0,5908
    96 Aegle (A868 DA),MBA,N,N,7.66,177.774,0.048,13.868,,,0.1423,3.049,2.615,15.98,321.47,207.93,189.17,0.1851,1940.0,1.63,0,5969
    97 Klotho (A868 DB),MBA,N,N,7.79,100.717,0.128,35.15,,,0.2576,2.668,1.981,11.78,159.59,268.43,134.06,0.2261,1590.0,1.03,0,4972
    98 Ianthe (A868 HA),MBA,N,N,8.95,132.788,0.029,16.479,,,0.1879,2.687,2.182,15.58,353.87,158.16,303.38,0.2237,1610.0,1.2,0,8737
    99 Dike (A868 KA),MBA,N,N,9.46,67.354,0.065,18.127,,,0.1977,2.663,2.137,13.86,41.4,195.43,68.65,0.2268,1590.0,1.13,0,5609
   100 Hekate (A868 NA),MBA,N,N,7.75,85.734,0.205,27.066,,,0.168,3.09,2.571,6.43,127.16,183.55,323.24,0.1814,1980.0,1.56,0,9079
   101 Helena (A868 PA),MBA,N,N,8.39,65.84,0.1898,23.08,,,0.1405,2.584,2.221,10.19,343.36,347.76,323.65,0.2373,1520.0,1.21,0,8133
   102 Miriam (A868 QA),MBA,N,N,9.44,82.595,0.051,23.613,,,0.2513,2.664,1.995,5.17,210.73,147.48,75.16,0.2267,1590.0,0.992,0,8544
   103 Hera (A868 RA),MBA,N,N,7.74,83.908,0.217,23.74,,,0.081,2.703,2.484,5.43,135.95,190.39,165.6,0.2218,1620.0,1.47,0,9534
   104 Klymene (A868 RB),MBA,N,N,8.52,136.553,0.052,8.984,,,0.1625,3.143,2.633,2.79,41.64,31.92,342.27,0.1769,2040.0,1.65,0,9189
   105 Artemis (A868 SA),MBA,N,N,8.75,94.864,0.032,37.15,,,0.179,2.372,1.948,21.46,188.21,56.96,93.5,0.2697,1330.0,1.01,0,5261
   106 Dione (A868 TA),MBA,N,N,7.76,207.869,0.044,16.21,,,0.1589,3.182,2.677,4.58,61.98,331.75,279.93,0.1736,2070.0,1.68,0,10152
   107 Camilla (A868 WA),OMB,N,N,7.09,210.37,0.059,4.844,0.7475,1.28,0.0665,3.493,3.261,10.0,172.51,303.74,332.54,0.151,2380.0,2.29,0,6445
   108 Hecuba (A869 GB),OMB,N,N,7.98,75.498,0.148,14.256,,,0.0633,3.232,3.028,4.21,349.72,213.25,13.06,0.1696,2120.0,2.02,0,6276
   109 Felicitas (A869 TA),MBA,N,N,8.98,82.588,0.036,13.191,,,0.3005,2.693,1.884,7.85,2.72,57.58,66.78,0.223,1610.0,0.909,0,4621
   110 Lydia (A870 HA),MBA,N,N,7.83,86.09,0.1808,10.927,,,0.0791,2.733,2.517,5.96,56.76,282.24,11.46,0.2182,1650.0,1.51,0,5099
   111 Ate (A870 PA),MBA,N,N,8.21,126.344,0.062,22.072,,,0.1035,2.593,2.324,4.93,305.66,168.44,270.68,0.2361,1520.0,1.34,0,8342
   112 Iphigenia (A870 SA),MBA,N,N,9.77,69.818,0.042,31.466,,,0.1279,2.434,2.123,2.6,323.35,16.86,332.51,0.2596,1390.0,1.11,0,6633
   113 Amalthea (A871 EA),MBA,N,N,8.54,50.137,0.224,9.95,,,0.0862,2.376,2.172,5.04,123.32,80.25,60.21,0.269,1340.0,1.17,0,5423
   114 Kassandra (A871 OA),MBA,N,N,8.45,94.178,0.089,10.7431,,,0.139,2.675,2.303,4.95,164.05,352.53,241.84,0.2253,1600.0,1.31,0,9794
   115 Thyra (A871 PA),MBA,N,N,7.75,79.83,0.2747,7.241,,,0.1924,2.38,1.922,11.59,308.75,97.0,301.28,0.2684,1340.0,0.972,0,6829
   116 Sirona (A871 RA),MBA,N,N,7.78,71.7,0.256,12.028,,,0.1381,2.768,2.386,3.56,63.67,93.96,16.49,0.214,1680.0,1.4,0,4932
   117 Lomia (A871 RB),MBA,N,N,8.15,208.974,0.027,9.127,,,0.0229,2.992,2.923,14.92,348.62,53.24,244.4,0.1905,1890.0,1.94,0,8518
   118 Peitho (A872 EA),MBA,N,N,8.93,40.211,0.245,7.8055,,,0.1634,2.438,2.04,7.75,47.63,33.1,212.21,0.2589,1390.0,1.06,0,7564
   119 Althaea (A872 GA),MBA,N,N,8.33,57.3,0.2306,11.484,,,0.0819,2.581,2.37,5.79,203.61,170.31,202.4,0.2377,1510.0,1.37,0,5422
   120 Lachesis (A872 GB),MBA,N,N,7.78,155.132,0.058,46.551,,,0.049,3.12,2.967,6.94,340.55,242.52,294.79,0.1788,2010.0,1.97,0,6638
   121 Hermione (A872 JA),OMB,N,N,7.4,209.0,0.0482,5.55128,,,0.1246,3.457,3.026,7.57,72.88,297.02,227.97,0.1533,2350.0,2.04,0,8202
   122 Gerda (A872 OA),OMB,N,N,7.66,70.676,0.297,10.685,,,0.0228,3.226,3.152,1.64,177.95,320.11,23.24,0.1701,2120.0,2.16,0,5632
   123 Brunhild (A872 OB),MBA,N,N,8.97,45.209,0.261,9.873,,,0.1201,2.695,2.371,6.41,307.6,124.79,135.65,0.2228,1620.0,1.39,0,8417
   124 Alkeste (A872 QA),MBA,N,N,8.05,88.648,0.128,9.906,,,0.0784,2.63,2.424,2.96,187.9,61.59,49.18,0.2311,1560.0,1.41,0,6413
   125 Liberatrix (A872 RA),MBA,N,N,8.93,48.418,0.182,3.968,,,0.0814,2.743,2.519,4.66,168.93,109.56,325.08,0.217,1660.0,1.51,0,7519
   126 Velleda (A872 VA),MBA,N,N,9.24,44.82,0.1723,5.3672,,,0.1056,2.44,2.183,2.92,23.19,328.72,101.62,0.2585,1390.0,1.18,0,9925
   127 Johanna (A872 VB),MBA,N,N,8.54,122.0,0.042,12.7988,,,0.0633,2.756,2.581,8.24,31.1,92.68,82.29,0.2154,1670.0,1.61,0,6777
   128 Nemesis (A872 WA),MBA,N,N,7.69,162.515,0.067,38.9325,,,0.127,2.75,2.401,6.25,76.16,302.81,231.89,0.2161,1670.0,1.41,0,6730
   129 Antigone (A873 CA),MBA,N,N,7.02,113.0,0.151,4.9572,,,0.2131,2.868,2.257,12.27,135.65,110.53,67.63,0.2029,1770.0,1.28,0,5542
   130 Elektra (A873 DA),MBA,N,N,7.46,180.652,0.086,5.225,,,0.2095,3.124,2.47,22.78,144.97,237.93,13.43,0.1785,2020.0,1.54,0,16613
   131 Vala (A873 KA),MBA,N,N,10.04,31.337,0.246,5.1812,,,0.0694,2.432,2.263,4.96,65.56,161.39,92.17,0.2599,1380.0,1.25,0,9002
   132 Aethra (A873 LA),MCA,N,N,8.96,42.87,0.199,5.1684,,,0.387,2.612,1.601,24.98,258.05,255.62,113.06,0.2335,1540.0,0.782,0,5572
   133 Cyrene (A873 QA),MBA,N,N,8.03,72.175,0.279,12.708,,,0.1303,3.074,2.674,7.22,318.67,291.65,219.02,0.1829,1970.0,1.67,0,6564
   134 Sophrosyne (A873 SA),MBA,N,N,8.96,108.0,0.0364,17.196,,,0.1151,2.563,2.268,11.61,345.84,85.8,325.21,0.2402,1500.0,1.32,0,7353
   135 Hertha (A874 DA),MBA,N,N,8.31,79.24,0.1436,8.403,,,0.2084,2.427,1.921,2.3,343.43,340.31,243.18,0.2607,1380.0,0.908,0,8588
   136 Austria (A874 FA),MBA,N,N,9.75,36.893,0.201,11.4969,,,0.0851,2.287,2.092,9.58,186.32,133.33,180.49,0.285,1260.0,1.09,0,7572
   137 Meliboea (A874 HA),MBA,N,N,8.33,128.678,0.065,25.676,,,0.2107,3.126,2.467,13.42,202.14,107.98,106.79,0.1783,2020.0,1.49,0,10741
   138 Tolosa (A874 KA),MBA,N,N,9.02,52.905,0.273,10.101,,,0.1619,2.451,2.054,3.2,54.69,261.11,142.3,0.2568,1400.0,1.04,0,11369
   139 Juewa (A874 TA),MBA,N,N,8.05,151.116,0.052,20.991,,,0.1702,2.786,2.311,10.87,1.67,167.32,59.93,0.212,1700.0,1.32,0,9253
   140 Siwa (A874 TB),MBA,N,N,8.45,109.79,0.0676,34.445,,,0.218,2.731,2.135,3.19,107.08,197.17,221.31,0.2184,1650.0,1.12,0,7076
   141 Lumen (A875 AA),MBA,N,N,8.38,117.916,0.067,19.87,,,0.213,2.666,2.098,11.9,318.44,57.9,342.6,0.2264,1590.0,1.12,0,4890
   142 Polana (A875 BA),MBA,N,N,10.53,54.812,0.047,9.764,,,0.1328,2.419,2.098,2.24,291.06,292.64,311.14,0.2619,1370.0,1.09,0,11727
   143 Adria (A875 DA),MBA,N,N,9.32,95.377,0.044,22.005,,,0.0715,2.764,2.566,11.44,332.88,251.83,237.29,0.2145,1680.0,1.59,0,11229
   144 Vibilia (A875 LA),MBA,N,N,8.05,142.38,0.0597,13.819,,,0.2356,2.653,2.028,4.82,76.16,294.43,194.55,0.228,1580.0,1.03,0,5272
   145 Adeona (A875 LB),MBA,N,N,8.4,127.783,0.061,15.071,,,0.1475,2.671,2.277,12.62,77.32,45.29,279.28,0.2258,1590.0,1.31,0,11950
   146 Lucina (A875 LC),MBA,N,N,8.5,160.31,0.036,18.557,,,0.0646,2.721,2.545,13.1,83.93,145.14,227.69,0.2196,1640.0,1.54,0,12132
   147 Protogeneia (A875 NA),MBA,N,N,8.72,132.93,0.0492,7.8528,,,0.022,3.137,3.068,1.93,248.2,103.55,333.19,0.1774,2030.0,2.06,0,6796
   148 Gallia (A875 PA),MBA,N,N,7.58,97.75,0.164,20.664,,,0.1879,2.77,2.25,25.29,144.95,252.41,157.41,0.2138,1680.0,1.37,0,5581
   149 Medusa (A875 SA),MBA,N,N,10.54,23.719,0.152,26.023,,,0.0649,2.175,2.034,0.94,159.61,250.64,245.51,0.3073,1170.0,1.04,0,6600
   150 Nuwa (A875 UA),MBA,N,N,8.58,119.128,0.052,8.1347,,,0.1239,2.985,2.615,2.2,206.09,154.48,65.15,0.1911,1880.0,1.61,0,11170
   151 Abundantia (A875 VA),MBA,N,N,9.32,39.037,0.233,9.864,,,0.0361,2.591,2.497,6.43,38.73,132.22,223.7,0.2363,1520.0,1.5,0,10093
   152 Atala (A875 VB),MBA,N,N,8.36,58.964,0.257,6.246,,,0.0827,3.136,2.877,12.12,39.86,59.21,295.67,0.1775,2030.0,1.92,0,11778
   153 Hilda (A875 VC),OMB,N,N,7.73,170.63,0.0618,5.9585,,,0.1385,3.969,3.419,7.83,228.08,39.16,113.7,0.1247,2890.0,2.41,0,12303
   154 Bertha (A875 VD),MBA,N,N,7.65,192.611,0.044,25.224,,,0.077,3.193,2.947,21.02,36.48,167.96,342.63,0.1727,2080.0,1.94,0,6263
   155 Scylla (A875 VE),MBA,N,N,11.15,39.605,0.027,7.9597,,,0.2728,2.761,2.008,11.36,40.53,46.85,243.94,0.2148,1680.0,1.04,0,4784
   156 Xanthippe (A875 WA),MBA,N,N,8.81,143.346,0.03,22.132,,,0.2218,2.734,2.128,9.76,241.73,338.83,285.64,0.218,1650.0,1.12,0,12042
   157 Dejanira (A875 XA),MBA,N,N,11.18,19.959,0.173,15.825,,,0.1979,2.58,2.069,12.16,62.02,46.05,40.72,0.2379,1510.0,1.1,0,4900
   158 Koronis (A876 AA),MBA,N,N,9.32,39.025,0.213,14.218,,,0.0534,2.868,2.715,1.01,277.64,147.59,339.83,0.203,1770.0,1.73,0,10258
   159 Aemilia (A876 BA),MBA,N,N,8.28,125.236,0.064,24.476,,,0.0994,3.108,2.799,6.11,133.86,333.7,105.9,0.1799,2000.0,1.82,0,6342
   160 Una (A876 DA),MBA,N,N,9.1,81.24,0.0625,11.033,,,0.0656,2.728,2.549,3.82,8.54,50.13,171.19,0.2188,1650.0,1.56,0,6819
   161 Athor (A876 HA),MBA,N,N,9.3,40.992,0.23,7.28,,,0.1377,2.38,2.052,9.05,18.44,295.42,181.32,0.2684,1340.0,1.06,0,10044
   162 Laurentia (A876 HB),MBA,N,N,9.09,97.021,0.051,11.8686,,,0.183,3.014,2.463,6.09,35.42,115.64,220.38,0.1883,1910.0,1.48,0,10307
   163 Erigone (A876 HC),MBA,N,N,9.77,81.579,0.033,16.136,,,0.192,2.367,1.912,4.82,160.01,298.43,120.27,0.2707,1330.0,0.934,0,7184
   164 Eva (A876 NA),MBA,N,N,8.77,100.254,0.029,13.66,,,0.3463,2.633,1.721,24.47,76.78,284.02,284.44,0.2307,1560.0,0.881,0,6781
   165 Loreley (A876 PA),MBA,N,N,7.81,180.083,0.047,7.226,,,0.0835,3.127,2.866,11.23,302.43,344.47,15.25,0.1783,2020.0,1.85,0,6976
   166 Rhodope (A876 PB),MBA,N,N,9.88,52.393,0.046,4.715,,,0.2103,2.687,2.122,12.02,128.87,264.16,276.81,0.2238,1610.0,1.17,0,6151
   167 Urda (A876 QA),MBA,N,N,9.37,39.935,0.223,13.07,,,0.037,2.854,2.748,2.22,166.09,127.18,18.72,0.2045,1760.0,1.73,0,10482
   168 Sibylla (A876 SA),OMB,N,N,8.27,145.366,0.056,47.009,,,0.0744,3.372,3.121,4.67,205.91,176.7,349.27,0.1592,2260.0,2.12,0,13061
   169 Zelia (A876 SB),MBA,N,N,9.54,37.517,0.188,14.537,,,0.1301,2.359,2.052,5.5,354.7,335.0,94.94,0.2721,1320.0,1.04,0,6743
   170 Maria (A877 AA),MBA,N,N,9.32,33.136,0.282,13.12,,,0.0614,2.555,2.398,14.36,301.18,158.81,189.66,0.2414,1490.0,1.42,0,8786
   171 Ophelia (A877 AB),MBA,N,N,8.63,130.808,0.076,6.66535,,,0.1328,3.128,2.713,2.55,100.47,55.31,257.9,0.1782,2020.0,1.72,0,12121
   172 Baucis (A877 CA),MBA,N,N,8.72,62.43,0.1382,27.417,,,0.1141,2.38,2.108,10.02,331.89,359.2,8.29,0.2685,1340.0,1.1,0,5868
   173 Ino (A877 PA),MBA,N,N,7.92,125.821,0.096,6.15,,,0.2095,2.742,2.167,14.19,148.12,228.56,195.38,0.2171,1660.0,1.19,0,5706
   174 Phaedra (A877 RA),MBA,N,N,8.39,64.849,0.169,5.744,,,0.1454,2.858,2.443,12.1,327.26,291.02,301.21,0.204,1760.0,1.46,0,9592
   175 Andromache (A877 TA),MBA,N,N,8.61,94.532,0.094,8.324,,,0.2315,3.187,2.449,3.22,21.28,319.67,266.27,0.1733,2080.0,1.44,0,8052
   176 Iduna (A877 TB),MBA,N,N,8.42,106.976,0.065,11.2877,,,0.1722,3.18,2.632,22.68,200.45,189.03,34.81,0.1738,2070.0,1.64,0,11211
   177 Irma (A877 VA),MBA,N,N,9.63,69.049,0.022,13.856,,,0.2347,2.772,2.121,1.38,346.9,39.77,47.19,0.2135,1690.0,1.13,0,5898
   178 Belisana (A877 VB),MBA,N,N,9.49,35.81,0.2438,12.323,,,0.0424,2.46,2.356,1.89,51.05,214.46,266.04,0.2554,1410.0,1.34,0,11073
   179 Klytaemnestra (A877 VC),MBA,N,N,8.26,69.946,0.198,11.173,,,0.1093,2.973,2.648,7.82,251.82,104.49,11.7,0.1923,1870.0,1.66,0,10234
   180 Garumna (A878 BA),MBA,N,N,10.31,23.44,0.242,23.866,,,0.1686,2.722,2.263,0.87,311.81,175.75,328.61,0.2195,1640.0,1.28,0,11812
   181 Eucharis (A878 CB),MBA,N,N,8.06,115.383,0.101,52.23,,,0.2084,3.124,2.473,18.9,142.98,318.97,278.61,0.1785,2020.0,1.52,0,11919
   182 Elsa (A878 CC),MBA,N,N,9.09,39.52,0.196,80.088,,,0.1865,2.416,1.965,2.01,107.16,310.58,192.4,0.2624,1370.0,0.978,0,5149
   183 Istria (A878 CD),MBA,N,N,9.47,32.927,0.227,11.77,,,0.3482,2.795,1.822,26.39,141.83,264.12,292.64,0.2109,1710.0,1.02,0,6301
   184 Dejopeja (A878 DA),MBA,N,N,8.37,62.483,0.215,6.4416,,,0.0589,3.191,3.003,1.13,330.15,218.34,339.62,0.1729,2080.0,2.0,0,5993
   185 Eunike (A878 EA),MBA,N,N,7.62,160.464,0.062,21.797,,,0.1269,2.738,2.391,23.25,153.74,224.02,346.94,0.2175,1660.0,1.42,0,5853
   186 Celuta (A878 GA),MBA,N,N,9.08,49.99,0.1929,19.842,,,0.1495,2.363,2.01,13.18,14.67,315.86,118.23,0.2713,1330.0,1.02,0,8305
   187 Lamberta (A878 GB),MBA,N,N,8.38,147.294,0.044,10.67,,,0.2389,2.731,2.079,10.57,21.63,196.61,241.63,0.2184,1650.0,1.07,0,9753
   188 Menippe (A878 MA),MBA,N,N,9.31,35.752,0.242,11.98,,,0.1786,2.762,2.269,11.7,240.81,69.66,357.53,0.2147,1680.0,1.28,0,6097
   189 Phthia (A878 RA),MBA,N,N,9.37,38.49,0.17,22.346,,,0.0372,2.45,2.359,5.17,203.27,169.29,129.27,0.2569,1400.0,1.36,0,10622
   190 Ismene (A878 SA),OMB,N,N,7.88,159.0,0.066,6.521,,,0.1683,3.995,3.323,6.17,175.4,271.45,195.55,0.1234,2920.0,2.35,0,12583
   191 Kolga (A878 SB),MBA,N,N,9.09,94.536,0.046,17.604,,,0.087,2.897,2.644,11.52,159.17,226.64,286.81,0.1999,1800.0,1.66,0,10637
   192 Nausikaa (A879 DA),MBA,N,N,7.21,98.776,0.327,13.625,,,0.2453,2.403,1.814,6.8,343.07,30.58,273.37,0.2645,1360.0,0.817,0,6261
   193 Ambrosia (A879 DB),MBA,N,N,9.78,26.302,0.343,6.581,,,0.2984,2.599,1.823,12.0,349.47,82.53,49.61,0.2353,1530.0,0.882,0,8936
   194 Prokne (A879 FA),MBA,N,N,7.83,161.667,0.057,15.679,,,0.2372,2.618,1.997,18.51,159.19,163.47,114.14,0.2326,1550.0,0.99,0,6537
   195 Eurykleia (A879 HA),MBA,N,N,9.23,93.109,0.051,16.521,,,0.0388,2.878,2.766,6.96,6.87,118.37,80.7,0.2019,1780.0,1.79,0,10654
   196 Philomela (A879 JA),MBA,N,N,6.72,144.626,0.342,8.334,,,0.0136,3.115,3.072,7.26,72.3,205.6,156.47,0.1793,2010.0,2.06,0,11619
   197 Arete (A879 KA),MBA,N,N,9.55,31.729,0.373,6.6084,,,0.1625,2.739,2.294,8.79,81.56,245.99,40.1,0.2174,1660.0,1.3,0,10180
   198 Ampella (A879 LA),MBA,N,N,8.54,54.323,0.268,10.379,,,0.2272,2.459,1.9,9.32,268.2,89.04,279.83,0.2556,1410.0,0.923,0,8017
   199 Byblis (A879 NA),MBA,N,N,8.52,76.129,0.107,5.2201,,,0.1834,3.162,2.582,15.48,88.42,179.44,322.69,0.1753,2050.0,1.56,0,6802
   200 Dynamene (A879 OA),MBA,N,N,8.45,128.301,0.053,37.394,,,0.1336,2.738,2.372,6.9,324.22,87.22,28.23,0.2175,1650.0,1.39,0,8101
   201 Penelope (A879 PA),MBA,N,N,8.56,85.877,0.04,3.7474,,,0.1801,2.681,2.198,5.76,156.79,181.53,123.01,0.2245,1600.0,1.19,0,12678
   202 Chryseis (A879 RA),MBA,N,N,7.67,86.15,0.2562,23.67,,,0.1051,3.068,2.745,8.85,136.71,359.61,275.98,0.1834,1960.0,1.76,0,16445
   203 Pompeja (A879 SA),MBA,N,N,8.92,124.592,0.036,24.052,,,0.0611,2.739,2.571,3.17,347.6,59.96,64.77,0.2175,1660.0,1.58,0,9073
   204 Kallisto (A879 TA),MBA,N,N,8.97,48.566,0.194,19.489,,,0.176,2.67,2.2,8.27,204.9,56.96,276.4,0.2259,1590.0,1.2,0,9290
   205 Martha (A879 TB),MBA,N,N,9.42,76.983,0.061,14.911,,,0.0359,2.777,2.677,10.71,211.72,171.46,208.25,0.213,1690.0,1.68,0,6638
   206 Hersilia (A879 TC),MBA,N,N,8.92,113.0,0.057,11.122,,,0.0408,2.742,2.63,3.78,145.0,302.1,5.19,0.2171,1660.0,1.65,0,11616
   207 Hedda (A879 UA),MBA,N,N,10.25,57.88,0.058,30.098,,,0.0285,2.284,2.219,3.8,29.08,193.08,285.71,0.2855,1260.0,1.21,0,13004
   208 Lacrimosa (A879 UB),MBA,N,N,9.26,40.056,0.206,14.085,,,0.0113,2.893,2.861,1.74,4.14,131.56,147.46,0.2003,1800.0,1.87,0,9988
   209 Dido (A879 UC),MBA,N,N,8.3,179.008,0.028,5.7366,,,0.0533,3.15,2.982,7.17,0.57,250.11,190.23,0.1763,2040.0,1.98,0,10502
   210 Isabella (A879 VA),MBA,N,N,9.41,86.65,0.0436,6.672,,,0.1233,2.722,2.386,5.26,32.55,13.87,180.9,0.2195,1640.0,1.4,0,7701
   211 Isolda (A879 XA),MBA,N,N,7.97,141.125,0.062,18.365,,,0.1546,3.048,2.577,3.87,263.16,173.7,170.99,0.1852,1940.0,1.59,0,5678
   212 Medea (A880 CA),MBA,N,N,8.47,136.12,0.0465,10.283,,,0.1029,3.117,2.797,4.28,312.88,105.8,272.14,0.1791,2010.0,1.81,0,8605
   213 Lilaea (A880 DA),MBA,N,N,9.09,82.096,0.092,12.042,,,0.1456,2.755,2.353,6.82,121.84,164.05,211.04,0.2156,1670.0,1.34,0,12136
   214 Aschera (A880 DB),MBA,N,N,9.31,24.957,1.0,6.835,,,0.0311,2.611,2.53,3.44,341.9,136.91,235.79,0.2336,1540.0,1.55,0,7086
   215 Oenone (A880 GA),MBA,N,N,9.58,35.21,0.243,27.937,,,0.0338,2.768,2.674,1.68,24.87,320.08,95.04,0.214,1680.0,1.67,0,9718
   216 Kleopatra (A880 GB),MBA,N,N,7.03,122.0,0.1164,5.385,,,0.2503,2.795,2.095,13.12,215.32,179.78,217.67,0.2109,1710.0,1.1,0,5862
   217 Eudora (A880 QA),MBA,N,N,9.91,65.392,0.049,25.272,,,0.3097,2.868,1.98,10.52,162.57,155.07,319.86,0.2029,1770.0,0.971,0,7461
   218 Bianca (A880 RA),MBA,N,N,8.67,60.62,0.1746,6.337,,,0.1153,2.669,2.361,15.19,170.51,62.33,220.28,0.226,1590.0,1.39,0,9008
   219 Thusnelda (A880 SA),MBA,N,N,9.38,37.674,0.189,59.74,,,0.2229,2.355,1.83,10.86,200.75,142.89,85.69,0.2727,1320.0,0.835,0,13620
   220 Stephania (A881 KA),MBA,N,N,11.2,31.738,0.055,18.198,,,0.2572,2.349,1.745,7.6,257.83,78.56,340.7,0.2738,1310.0,0.753,0,5900
   221 Eos (A882 BA),MBA,N,N,7.71,95.469,0.166,10.443,,,0.1011,3.013,2.708,10.89,141.71,192.48,348.95,0.1885,1910.0,1.7,0,5688
   222 Lucia (A882 CA),MBA,N,N,9.61,55.35,0.128,7.8371,,,0.1307,3.15,2.739,2.14,80.07,185.75,224.86,0.1763,2040.0,1.72,0,6660
   223 Rosa (A882 EA),MBA,N,N,9.88,79.806,0.02,20.283,,,0.1207,3.092,2.719,1.92,47.53,65.68,201.3,0.1812,1990.0,1.74,0,6407
   224 Oceana (A882 FA),MBA,N,N,8.68,58.236,0.166,9.401,,,0.0447,2.645,2.527,5.84,352.73,281.73,62.92,0.2291,1570.0,1.52,0,8458
   225 Henrietta (A882 HA),OMB,N,N,8.78,95.934,0.062,7.3556,,,0.2618,3.398,2.508,20.84,197.03,103.66,336.02,0.1574,2290.0,1.59,0,6354
   226 Weringia (A882 OA),MBA,N,N,9.84,31.494,0.352,11.147,,,0.2034,2.712,2.161,15.97,134.93,153.69,45.57,0.2206,1630.0,1.15,0,6362
   227 Philosophia (A882 PA),MBA,N,N,9.13,123.891,0.065,26.468,,,0.1998,3.152,2.522,9.09,324.65,271.65,302.88,0.1761,2040.0,1.53,0,8611
   228 Agathe (A882 QA),MBA,N,N,12.27,9.3,0.2082,6.484,,,0.2422,2.201,1.668,2.54,313.23,19.04,305.34,0.3018,1190.0,0.656,0,6177
   229 Adelinda (A882 QB),OMB,N,N,9.32,105.912,0.035,6.6,,,0.136,3.424,2.958,2.08,27.84,308.89,249.82,0.1556,2310.0,1.95,0,8835
   230 Athamantis (A882 RA),MBA,N,N,7.43,111.332,0.164,24.0055,,,0.0611,2.382,2.237,9.45,239.77,139.16,307.56,0.268,1340.0,1.25,0,4747
   231 Vindobona (A882 RB),MBA,N,N,9.72,73.545,0.068,14.245,,,0.1573,2.918,2.459,5.09,350.31,269.14,322.87,0.1977,1820.0,1.45,0,10183
   232 Russia (A883 BA),MBA,N,N,10.58,54.73,0.031,21.905,,,0.1715,2.555,2.117,6.07,152.02,52.25,315.18,0.2414,1490.0,1.12,0,14682
   233 Asterope (A883 JA),MBA,N,N,8.42,99.672,0.094,19.694,,,0.1016,2.659,2.389,7.69,221.91,125.93,190.1,0.2273,1580.0,1.39,0,8575
   234 Barbara (A883 PA),MBA,N,N,9.11,45.476,0.205,26.4744,,,0.2461,2.384,1.798,15.38,144.43,192.31,206.56,0.2677,1340.0,0.788,0,19196
   235 Carolina (A883 WA),MBA,N,N,8.98,57.517,0.177,17.61,,,0.0601,2.882,2.708,9.03,65.99,208.01,144.45,0.2015,1790.0,1.69,0,13456
   236 Honoria (A884 HA),MBA,N,N,8.19,77.708,0.156,12.338,,,0.1897,2.8,2.269,7.7,185.79,174.28,291.1,0.2104,1710.0,1.26,0,5818
   237 Coelestina (A884 MA),MBA,N,N,9.15,41.08,0.2108,29.215,,,0.0744,2.761,2.556,9.76,84.13,202.05,259.95,0.2148,1680.0,1.54,0,8167
   238 Hypatia (A884 NA),MBA,N,N,8.04,155.659,0.039,8.8749,,,0.0918,2.905,2.638,12.41,183.76,209.25,127.85,0.1991,1810.0,1.65,0,5760
   239 Adrastea (A884 QA),MBA,N,N,10.5,37.609,0.095,18.4707,,,0.2356,2.966,2.267,6.18,180.61,209.54,170.32,0.193,1870.0,1.27,0,7511
   240 Vanadis (A884 QB),MBA,N,N,9.14,87.928,0.031,10.565,,,0.2089,2.663,2.106,2.11,115.05,300.7,110.47,0.2269,1590.0,1.12,0,6106
   241 Germania (A884 RA),MBA,N,N,7.73,168.9,0.0575,15.51,,,0.1063,3.046,2.722,5.52,270.13,78.99,189.19,0.1854,1940.0,1.72,0,6320
   242 Kriemhild (A884 SA),MBA,N,N,9.51,40.802,0.222,4.5478,,,0.1229,2.862,2.51,11.35,206.88,278.59,324.44,0.2036,1770.0,1.55,0,12735
   243 Ida (A884 SB),MBA,N,N,10.07,32.0,0.262,4.634,0.00275,2.6,0.0455,2.863,2.732,1.13,323.55,113.79,8.48,0.2035,1770.0,1.75,0,12761
   244 Sita (A884 TA),MBA,N,N,11.99,11.077,0.256,129.51,,,0.1368,2.174,1.877,2.85,208.92,166.35,11.12,0.3074,1170.0,0.877,0,6403
   245 Vera (A885 CA),MBA,N,N,7.96,75.949,0.228,14.38,,,0.1976,3.095,2.484,5.18,61.03,332.01,12.75,0.181,1990.0,1.49,0,12329
   246 Asporina (A885 EA),MBA,N,N,8.62,50.891,0.193,16.222,,,0.107,2.697,2.409,15.62,162.15,96.84,210.05,0.2225,1620.0,1.45,0,12888
   247 Eukrate (A885 EB),MBA,N,N,8.15,130.935,0.064,12.093,,,0.2464,2.739,2.064,24.96,0.02,55.27,94.12,0.2174,1660.0,1.15,0,4640
   248 Lameia (A885 LA),MBA,N,N,10.29,50.12,0.062,11.912,,,0.0679,2.471,2.303,4.07,246.63,11.18,46.77,0.2538,1420.0,1.29,0,7862
   249 Ilse (A885 QA),MBA,N,N,11.41,34.83,0.0428,84.94,,,0.2173,2.378,1.862,9.62,334.65,42.36,58.09,0.2687,1340.0,0.873,0,8631
   250 Bettina (A885 RA),MBA,N,N,7.68,120.995,0.112,5.0545,,,0.137,3.141,2.711,12.82,23.79,75.98,298.61,0.177,2030.0,1.76,0,13675
   251 Sophia (A885 TA),MBA,N,N,9.96,27.495,0.234,20.216,,,0.0934,3.099,2.81,10.55,155.85,289.55,190.62,0.1807,1990.0,1.85,0,9656
   252 Clementina (A885 TB),MBA,N,N,9.93,65.344,0.047,10.864,,,0.0657,3.16,2.953,10.04,201.9,160.51,2.45,0.1754,2050.0,1.95,0,11378
   253 Mathilde (A885 VA),MBA,N,N,10.35,52.8,0.0436,417.7,0.00689,1.3,0.2644,2.647,1.947,6.74,179.5,157.6,227.71,0.2289,1570.0,0.939,0,7706
   254 Augusta (A886 FA),MBA,N,N,11.84,12.467,0.17,5.8949,,,0.1216,2.195,1.928,4.51,28.36,233.85,290.8,0.3032,1190.0,0.915,0,13505
   255 Oppavia (A886 FB),MBA,N,N,10.52,56.939,0.038,19.499,,,0.079,2.747,2.53,9.46,13.55,153.99,279.73,0.2165,1660.0,1.54,0,13672
   256 Walpurga (A886 GA),MBA,N,N,9.91,66.634,0.05,16.664,,,0.0631,3.003,2.813,13.3,182.58,51.64,271.77,0.1894,1900.0,1.82,0,5597
   257 Silesia (A886 GB),MBA,N,N,9.68,72.66,0.0545,15.7095,,,0.1124,3.119,2.769,3.61,34.03,32.24,273.78,0.1789,2010.0,1.78,0,10714
   258 Tyche (A886 JA),MBA,N,N,8.25,64.78,0.1676,10.041,,,0.2049,2.614,2.079,14.33,207.54,155.35,229.88,0.2331,1540.0,1.09,0,5529
   259 Aletheia (A886 MA),MBA,N,N,7.81,174.318,0.043,8.143,,,0.13,3.134,2.726,10.81,86.78,166.33,28.43,0.1777,2030.0,1.71,0,5477
   260 Huberta (A886 TA),OMB,N,N,9.28,101.539,0.044,8.29,,,0.1067,3.453,3.084,6.42,164.93,180.05,274.87,0.1536,2340.0,2.08,0,10169
   261 Prymno (A886 UA),MBA,N,N,9.54,50.011,0.137,8.002,,,0.0904,2.331,2.12,3.63,96.58,66.59,256.29,0.2769,1300.0,1.13,0,8330
   262 Valda (A886 VA),MBA,N,N,11.68,14.645,0.211,17.386,,,0.2122,2.553,2.011,7.67,38.27,26.31,9.21,0.2417,1490.0,1.03,0,18880
   263 Dresda (A886 VB),MBA,N,N,10.24,23.952,0.198,16.809,,,0.0807,2.885,2.652,1.32,216.1,161.17,143.09,0.2012,1790.0,1.65,0,5840
   264 Libussa (A886 YA),MBA,N,N,8.3,62.969,0.187,9.2276,,,0.1351,2.799,2.421,10.43,49.49,340.01,251.95,0.2105,1710.0,1.43,0,6177
   265 Anna (A887 DA),MBA,N,N,11.88,22.767,0.113,11.681,,,0.2658,2.422,1.778,25.64,335.45,251.5,255.24,0.2615,1380.0,0.916,0,5726
   266 Aline (A887 KA),MBA,N,N,8.72,109.494,0.027,13.018,,,0.1548,2.806,2.371,13.4,235.81,152.2,44.43,0.2097,1720.0,1.39,0,6209
   267 Tirza (A887 KB),MBA,N,N,10.23,55.998,0.051,7.648,,,0.1026,2.773,2.489,6.01,73.59,196.62,332.71,0.2134,1690.0,1.47,0,6828
   268 Adorea (A887 LA),MBA,N,N,8.6,144.585,0.041,7.8,,,0.1372,3.091,2.667,2.44,120.85,67.98,200.09,0.1814,1980.0,1.67,0,10470
   269 Justitia (A887 SA),MBA,N,N,9.7,50.728,0.061,33.128,,,0.2166,2.613,2.047,5.48,156.5,120.16,291.02,0.2333,1540.0,1.04,0,6089
   270 Anahita (A887 TA),MBA,N,N,8.87,51.4,0.211,15.06,,,0.1508,2.198,1.867,2.37,254.28,80.82,166.98,0.3024,1190.0,0.857,0,7037
   271 Penthesilea (A887 TB),MBA,N,N,9.88,65.901,0.045,18.787,,,0.1037,3.004,2.692,3.53,335.19,55.95,169.97,0.1893,1900.0,1.7,0,6594
   272 Antonia (A888 CA),MBA,N,N,10.85,26.87,0.128,3.8548,,,0.0298,2.777,2.694,4.43,37.29,69.07,306.75,0.213,1690.0,1.71,0,13422
   273 Atropos (A888 EA),MBA,N,N,10.51,29.768,0.212,23.924,,,0.1615,2.395,2.008,20.44,158.81,121.42,311.58,0.266,1350.0,1.06,0,8304
   274 Philagoria (A888 GA),MBA,N,N,9.99,27.307,0.237,17.938,,,0.1152,3.048,2.697,3.69,92.45,124.47,310.29,0.1852,1940.0,1.69,0,6402
   275 Sapientia (A888 GB),MBA,N,N,9.03,103.0,0.049,14.933,,,0.1621,2.774,2.324,4.77,133.97,38.83,308.84,0.2134,1690.0,1.33,0,12868
   276 Adelheid (A888 HA),MBA,N,N,8.56,114.723,0.051,6.315,,,0.0613,3.117,2.926,21.66,210.98,266.6,92.16,0.1791,2010.0,2.03,0,6403
   277 Elvira (A888 JA),MBA,N,N,9.86,30.422,0.196,29.69,,,0.0916,2.885,2.621,1.17,231.0,135.39,232.71,0.2011,1790.0,1.62,0,6295
   278 Paulina (A888 KA),MBA,N,N,9.39,32.773,0.247,6.497,,,0.1349,2.754,2.383,7.83,61.69,142.02,54.87,0.2156,1670.0,1.38,0,7754
   279 Thule (A888 UA),OMB,N,N,8.59,126.59,0.0412,23.896,,,0.044,4.268,4.08,2.33,71.88,29.05,94.46,0.1118,3220.0,3.1,0,9046
   280 Philia (A888 UB),MBA,N,N,10.98,45.69,0.0444,70.26,,,0.1119,2.943,2.614,7.44,9.8,88.79,358.19,0.1952,1840.0,1.64,0,6144
   281 Lucretia (A888 UC),MBA,N,N,12.05,11.036,0.226,4.348,,,0.1323,2.187,1.898,5.3,31.31,16.74,117.51,0.3047,1180.0,0.908,0,17045
   282 Clorinde (A889 BA),MBA,N,N,11.11,39.03,0.0502,49.35,,,0.081,2.339,2.149,9.04,144.82,296.18,133.85,0.2755,1310.0,1.18,0,9418
   283 Emma (A889 CA),MBA,N,N,8.77,132.385,0.023,6.896,,,0.1439,3.048,2.609,7.99,303.86,55.93,34.3,0.1852,1940.0,1.61,0,9074
   284 Amalia (A889 KA),MBA,N,N,10.3,52.95,0.0602,8.545,,,0.2221,2.36,1.836,8.04,233.6,58.56,204.39,0.2719,1320.0,0.833,0,11415
   285 Regina (A889 PA),MBA,N,N,10.93,47.156,0.05,9.542,,,0.2034,3.087,2.46,17.61,311.2,14.51,35.21,0.1817,1980.0,1.45,0,8796
   286 Iclea (A889 PB),MBA,N,N,9.07,94.3,0.0508,15.365,,,0.0231,3.195,3.122,17.94,148.91,210.41,279.4,0.1725,2090.0,2.12,0,8164
   287 Nephthys (A889 QA),MBA,N,N,8.25,59.615,0.238,7.605,,,0.0237,2.353,2.297,10.03,142.23,122.63,332.64,0.2731,1320.0,1.29,0,5618
   288 Glauke (A890 DA),MBA,N,N,9.86,28.981,0.175,1170.0,,,0.206,2.759,2.191,4.34,120.1,84.23,187.6,0.2151,1670.0,1.19,0,8135
   289 Nenetta (A890 EA),MBA,N,N,9.72,37.586,0.889,6.902,,,0.2027,2.877,2.294,6.68,181.86,190.99,69.34,0.2019,1780.0,1.29,0,13668
   290 Bruna (A890 FA),MBA,N,N,12.05,9.822,0.314,13.807,,,0.2584,2.337,1.733,22.34,10.31,105.38,29.32,0.2759,1300.0,0.87,0,9600
   291 Alice (A890 HA),MBA,N,N,11.55,10.456,0.425,4.313,,,0.0926,2.222,2.016,1.86,161.55,331.64,46.96,0.2976,1210.0,1.03,0,11890
   292 Ludovica (A890 HB),MBA,N,N,10.06,30.864,0.187,8.93,,,0.0331,2.531,2.447,14.88,43.44,288.71,137.93,0.2448,1470.0,1.48,0,9636
   293 Brasilia (A890 KA),MBA,N,N,10.24,57.486,0.056,8.173,,,0.102,2.862,2.57,15.61,61.07,88.76,78.31,0.2035,1770.0,1.64,0,8026
   294 Felicia (A890 NA),MBA,N,N,10.28,51.865,0.095,10.4227,,,0.2326,3.157,2.423,6.27,135.66,186.66,91.24,0.1757,2050.0,1.41,0,8437
   295 Theresia (A890 QA),MBA,N,N,10.04,28.34,0.171,10.702,,,0.1674,2.798,2.33,2.7,275.85,148.64,262.46,0.2106,1710.0,1.34,0,8241
   296 Phaetusa (A890 QB),MBA,N,N,12.53,8.196,0.379,4.5385,,,0.1604,2.228,1.871,1.75,121.55,252.49,199.73,0.2963,1220.0,0.871,0,7717
   297 Caecilia (A890 RA),MBA,N,N,9.21,39.48,0.1796,4.163,,,0.1384,3.169,2.73,7.55,331.86,353.56,352.17,0.1747,2060.0,1.72,0,9946
   298 Baptistina (A890 RB),MBA,N,N,11.21,21.135,0.131,16.23,,,0.0951,2.264,2.049,6.28,8.11,134.99,113.57,0.2893,1240.0,1.07,0,5337
   299 Thora (A890 TA),MBA,N,N,11.35,15.757,0.251,272.9,,,0.0625,2.434,2.282,1.61,241.41,150.88,203.19,0.2596,1390.0,1.29,0,6015
   300 Geraldina (A890 TB),OMB,N,N,9.75,67.373,0.052,6.8423,,,0.0591,3.203,3.013,0.73,42.78,318.46,183.51,0.172,2090.0,2.01,0,6761
   301 Bavaria (A890 WA),MBA,N,N,10.49,53.042,0.057,12.253,,,0.0656,2.725,2.546,4.9,142.28,123.58,142.91,0.2192,1640.0,1.53,0,9296
   302 Clarissa (A890 VA),MBA,N,N,11.29,38.53,0.0524,14.381,,,0.111,2.406,2.139,3.41,7.69,55.33,31.09,0.264,1360.0,1.15,0,9230
   303 Josephina (A891 CA),MBA,N,N,9.08,124.923,0.034,12.497,,,0.0561,3.125,2.95,6.88,343.62,68.3,240.03,0.1784,2020.0,1.97,0,12815
   304 Olga (A891 CB),MBA,N,N,10.03,65.99,0.047,18.36,,,0.2225,2.402,1.868,15.85,158.96,172.39,243.23,0.2647,1360.0,0.857,0,13748
   305 Gordonia (A891 DA),MBA,N,N,8.86,47.739,0.238,12.893,,,0.1973,3.087,2.478,4.45,207.45,260.71,300.74,0.1818,1980.0,1.5,0,9963
   306 Unitas (A891 EA),MBA,N,N,8.76,47.2,0.201,8.736,,,0.1521,2.357,1.999,7.28,141.78,167.92,294.62,0.2723,1320.0,0.984,0,5719
   307 Nike (A891 EB),MBA,N,N,10.06,61.313,0.043,11.857,,,0.143,2.907,2.491,6.13,100.86,323.36,128.23,0.1989,1810.0,1.51,0,6800
   308 Polyxo (A891 FA),MBA,N,N,8.17,128.578,0.047,12.031,,,0.0384,2.749,2.643,4.36,181.58,111.94,89.11,0.2163,1660.0,1.63,0,7808
   309 Fraternitas (A891 GA),MBA,N,N,10.64,41.075,0.056,22.398,,,0.1166,2.663,2.353,3.71,356.31,311.41,239.56,0.2268,1590.0,1.34,0,6019
   310 Margarita (A891 KA),MBA,N,N,10.19,33.708,0.115,12.07,,,0.1173,2.76,2.437,3.17,229.03,324.75,148.13,0.2149,1680.0,1.44,0,9001
   311 Claudia (A891 LA),MBA,N,N,10.05,26.3,0.322,7.532,,,0.0064,2.897,2.878,3.22,80.96,77.72,193.13,0.1999,1800.0,1.88,0,9499
   312 Pierretta (A891 QA),MBA,N,N,8.95,46.191,0.23,10.282,,,0.1603,2.782,2.336,9.03,6.2,261.9,45.43,0.2124,1690.0,1.34,0,9930
   313 Chaldaea (A891 QB),MBA,N,N,9.17,71.183,0.044,8.392,,,0.1808,2.376,1.946,11.64,176.53,315.73,98.14,0.2692,1340.0,0.976,0,8530
   314 Rosalia (A891 RA),MBA,N,N,10.14,60.689,0.043,20.465,,,0.1707,3.159,2.62,12.51,169.94,191.96,351.9,0.1755,2050.0,1.62,0,11968
   315 Constantia (A891 RB),MBA,N,N,12.56,6.534,0.217,5.345,,,0.1681,2.241,1.864,2.43,161.62,172.72,5.42,0.2937,1230.0,0.853,0,6079
   316 Goberta (A891 RC),MBA,N,N,10.16,56.067,0.061,8.605,,,0.1276,3.185,2.778,2.35,123.78,317.84,182.42,0.1734,2080.0,1.79,0,10040
   317 Roxane (A891 RD),MBA,N,N,9.75,18.648,0.926,8.169,,,0.0859,2.287,2.09,1.77,151.33,186.58,288.87,0.2851,1260.0,1.08,0,6148
   318 Magdalena (A891 SA),MBA,N,N,9.47,85.0,0.054,42.65,,,0.0854,3.197,2.924,10.66,161.29,293.6,28.74,0.1724,2090.0,1.96,0,6750
   319 Leona (A891 TA),OMB,N,N,10.17,49.943,0.085,430.0,,,0.2141,3.41,2.68,10.56,184.85,227.04,132.86,0.1565,2300.0,1.7,0,6366
   320 Katharina (A891 TB),MBA,N,N,10.83,23.362,0.155,6.8926,,,0.1153,3.012,2.665,9.39,219.77,148.41,238.87,0.1885,1910.0,1.67,0,6919
   321 Florentina (A891 TC),MBA,N,N,10.07,27.974,0.425,2.871,,,0.0469,2.884,2.749,2.58,40.14,31.35,90.7,0.2012,1790.0,1.76,0,5752
   322 Phaeo (A891 WB),MBA,N,N,9.15,69.855,0.089,17.5845,,,0.244,2.784,2.104,8.05,252.28,114.92,345.02,0.2122,1700.0,1.12,0,9175
   323 Brucia (A891 YB),MBA,N,N,9.49,27.714,0.295,9.463,,,0.2995,2.382,1.668,24.26,97.28,291.54,190.44,0.2681,1340.0,0.807,0,5691
   324 Bamberga (A892 DA),MBA,N,N,7.19,220.691,0.05,29.43,,,0.3404,2.682,1.769,11.1,327.83,44.2,268.85,0.2243,1600.0,0.785,0,8743
   325 Heidelberga (A892 EA),OMB,N,N,8.93,75.72,0.1068,6.737,,,0.1509,3.218,2.733,8.57,344.18,71.11,225.96,0.1707,2110.0,1.76,0,11691
   326 Tamara (A892 FD),MBA,N,N,9.38,93.0,0.0368,14.445,,,0.1901,2.318,1.877,23.7,32.09,239.05,255.43,0.2793,1290.0,0.945,0,7376
   327 Columbia (A892 FE),MBA,N,N,10.02,30.291,0.214,5.932,,,0.0637,2.775,2.599,7.13,354.5,309.91,214.03,0.2132,1690.0,1.59,0,8746
   328 Gudrun (A892 FF),MBA,N,N,9.0,145.68,0.025,10.992,,,0.1078,3.109,2.774,16.13,351.86,107.64,212.68,0.1798,2000.0,1.84,0,10260
   329 Svea (A892 FG),MBA,N,N,9.62,81.057,0.039,22.778,,,0.0262,2.477,2.412,15.88,178.43,57.34,60.74,0.2528,1420.0,1.43,0,6451
   330 Adalberta (A910 CB),MBA,N,N,12.51,9.111,0.256,3.5553,,,0.2519,2.469,1.847,6.76,137.07,259.26,16.95,0.254,1420.0,0.867,0,8737
   331 Etheridgea (A892 GA),MBA,N,N,9.93,74.92,0.0447,25.315,,,0.0952,3.026,2.738,6.04,21.83,334.3,3.86,0.1873,1920.0,1.73,0,13336
   332 Siri (A892 FH),MBA,N,N,9.67,40.37,0.1719,8.0074,,,0.0915,2.772,2.518,2.84,31.41,298.19,189.81,0.2136,1690.0,1.51,0,6117
   333 Badenia (A892 QA),MBA,N,N,9.57,72.199,0.047,9.862,,,0.1598,3.13,2.63,3.74,353.12,23.39,15.11,0.178,2020.0,1.63,0,9459
   334 Chicago (A892 QB),OMB,N,N,7.63,198.77,0.041,7.361,,,0.025,3.947,3.848,4.69,129.14,191.09,143.24,0.1257,2860.0,2.83,0,6498
   335 Roberta (A892 RB),MBA,N,N,9.09,97.109,0.049,12.054,,,0.1715,2.476,2.052,5.1,148.4,139.94,135.99,0.2529,1420.0,1.04,0,7122
   336 Lacadiera (A892 SA),MBA,N,N,9.94,63.356,0.054,13.6958,,,0.0948,2.252,2.039,5.65,234.95,31.68,235.35,0.2916,1230.0,1.02,0,11463
   337 Devosa (A892 SB),MBA,N,N,8.96,64.549,0.135,4.653,,,0.1372,2.384,2.057,7.86,355.31,99.47,359.58,0.2678,1340.0,1.09,0,10831
   338 Budrosa (A892 SF),MBA,N,N,8.59,50.506,0.276,4.6084,,,0.0176,2.913,2.862,6.04,287.29,111.27,255.89,0.1982,1820.0,1.88,0,7955
   339 Dorothea (A892 SC),MBA,N,N,9.4,44.329,0.198,5.974,,,0.1022,3.009,2.702,9.96,173.31,163.6,193.46,0.1888,1910.0,1.69,0,7418
   340 Eduarda (A892 SD),MBA,N,N,9.99,28.025,0.247,8.0062,,,0.1183,2.747,2.422,4.67,26.89,42.97,38.55,0.2165,1660.0,1.44,0,8946
   341 California (A892 SE),MBA,N,N,11.38,15.83,0.425,318.0,,,0.1946,2.199,1.771,5.67,29.0,293.66,323.27,0.3022,1190.0,0.767,0,7288
   342 Endymion (A892 UA),MBA,N,N,10.24,64.266,0.035,6.319,,,0.1299,2.568,2.234,7.35,232.63,224.34,70.27,0.2395,1500.0,1.26,0,8717
   343 Ostara (A892 VA),MBA,N,N,11.7,18.213,0.092,109.87,,,0.2295,2.412,1.858,3.26,38.58,10.13,190.66,0.2632,1370.0,0.868,0,5490
   344 Desiderata (A892 WA),MBA,N,N,8.28,124.181,0.067,10.747,,,0.3138,2.596,1.782,18.35,47.99,237.37,22.23,0.2356,1530.0,0.83,0,5425
   345 Tercidina (A892 WB),MBA,N,N,9.05,90.243,0.052,12.371,,,0.0613,2.325,2.183,9.74,212.58,230.24,153.76,0.278,1300.0,1.21,0,8694
   346 Hermentaria (A892 WC),MBA,N,N,7.31,86.447,0.332,28.523,,,0.1027,2.795,2.508,8.76,91.85,290.7,186.98,0.2109,1710.0,1.53,0,5473
   347 Pariana (A892 WD),MBA,N,N,8.97,48.615,0.19,4.0529,,,0.1639,2.613,2.185,11.69,85.22,87.65,80.51,0.2333,1540.0,1.23,0,6281
   348 May (A892 WE),MBA,N,N,9.58,82.82,0.0448,7.3812,,,0.0723,2.967,2.753,9.76,89.89,13.51,316.77,0.1928,1870.0,1.77,0,15824
   349 Dembowska (A892 XB),MBA,N,N,5.97,139.77,0.384,4.701,,,0.0886,2.925,2.666,8.25,32.19,344.5,258.88,0.197,1830.0,1.67,0,4480
   350 Ornamenta (A892 XC),MBA,N,N,8.45,128.729,0.048,9.178,,,0.1607,3.108,2.608,24.91,90.05,337.06,69.63,0.1799,2000.0,1.64,0,7686
   351 Yrsa (A892 YA),MBA,N,N,9.17,39.72,0.286,13.29,,,0.1568,2.764,2.33,9.21,99.18,31.7,288.26,0.2145,1680.0,1.35,0,11308
   352 Gisela (A893 AB),MBA,N,N,10.1,26.744,0.195,7.49,,,0.1493,2.194,1.867,3.38,247.21,144.68,25.26,0.3033,1190.0,0.873,0,5483
   353 Ruperto-Carola (A893 BB),MBA,N,N,10.93,14.025,0.392,2.73898,,,0.3274,2.736,1.84,5.71,102.43,321.22,166.82,0.2178,1650.0,0.857,0,7708
   354 Eleonora (A893 BC),MBA,N,N,6.17,148.97,0.201,4.277,,,0.1118,2.801,2.487,18.36,140.21,8.12,116.41,0.2103,1710.0,1.5,0,4602
   355 Gabriella (A893 BD),MBA,N,N,10.28,24.04,0.341,4.83,,,0.1067,2.537,2.266,4.29,351.63,107.37,318.1,0.2439,1480.0,1.29,0,10592
   356 Liguria (A893 BE),MBA,N,N,8.37,145.503,0.065,31.701,,,0.2421,2.755,2.088,8.21,354.45,79.34,40.58,0.2156,1670.0,1.12,0,4912
   357 Ninina (A893 CB),MBA,N,N,8.98,124.107,0.037,35.983,,,0.0779,3.149,2.904,15.06,137.61,256.39,21.41,0.1764,2040.0,1.95,0,10483
   358 Apollonia (A893 EC),MBA,N,N,9.13,90.116,0.05,50.6,,,0.1517,2.877,2.441,3.55,172.11,252.1,147.54,0.202,1780.0,1.46,0,6355
   359 Georgia (A893 ED),MBA,N,N,9.4,43.89,0.2621,5.537,,,0.1559,2.729,2.304,6.77,5.99,337.94,348.19,0.2186,1650.0,1.3,0,7931
   360 Carlova (A893 EE),MBA,N,N,8.49,129.125,0.043,6.183,,,0.1737,3.005,2.483,11.74,132.16,290.25,271.39,0.1892,1900.0,1.53,0,6216
   361 Bononia (A893 EF),OMB,N,N,8.36,154.334,0.038,13.835,,,0.2107,3.979,3.14,12.57,18.56,66.82,35.44,0.1242,2900.0,2.18,0,5219
   362 Havnia (A893 EG),MBA,N,N,9.11,98.0,0.052,16.92,,,0.0447,2.578,2.463,8.06,27.26,29.06,132.28,0.2381,1510.0,1.48,0,5760
   363 Padua (A893 FD),MBA,N,N,9.03,97.0,0.059,8.401,,,0.073,2.746,2.546,5.95,64.69,294.47,210.69,0.2166,1660.0,1.55,0,8871
   364 Isara (A893 FE),MBA,N,N,9.91,25.901,0.3,9.156,,,0.1492,2.22,1.889,6.01,105.5,312.98,135.54,0.2979,1210.0,0.907,0,17547
   365 Corduba (A893 FF),MBA,N,N,9.21,86.773,0.05,12.705,,,0.1554,2.804,2.368,12.8,185.13,215.63,229.02,0.2099,1710.0,1.39,0,6531
   366 Vincentina (A893 FG),MBA,N,N,8.66,86.368,0.091,12.7365,,,0.0598,3.147,2.959,10.58,346.29,336.8,160.01,0.1765,2040.0,1.95,0,7130
   367 Amicitia (A893 KB),MBA,N,N,10.61,21.243,0.393,5.05538,,,0.0952,2.22,2.008,2.94,83.42,55.49,117.31,0.298,1210.0,1.02,0,5770
   368 Haidea (A893 KC),MBA,N,N,9.93,69.277,0.038,9.823,,,0.2066,3.07,2.435,7.78,226.11,95.58,171.18,0.1833,1960.0,1.44,0,6367
   369 Aeria (A893 NA),MBA,N,N,8.62,73.767,0.127,4.778,,,0.0987,2.648,2.386,12.73,94.1,269.27,170.69,0.2288,1570.0,1.42,0,5385
   370 Modestia (A893 NB),MBA,N,N,10.67,38.093,0.065,22.5299,,,0.0906,2.325,2.114,7.86,290.88,68.84,74.76,0.278,1290.0,1.12,0,5880
   371 Bohemia (A893 OA),MBA,N,N,8.74,52.976,0.234,10.7391,,,0.0621,2.727,2.558,7.4,283.37,342.25,168.89,0.2188,1650.0,1.54,0,9639
   372 Palma (A893 QB),MBA,N,N,7.4,173.642,0.059,8.567,,,0.2525,3.162,2.364,23.78,327.21,115.42,153.58,0.1753,2050.0,1.48,0,5471
   373 Melusina (A893 RA),MBA,N,N,9.13,98.695,0.04,12.9869,,,0.1372,3.12,2.692,15.38,3.61,349.27,13.7,0.1788,2010.0,1.69,0,6486
   374 Burgundia (A893 SA),MBA,N,N,8.77,44.67,0.3014,6.9624,,,0.0802,2.779,2.556,8.99,218.9,29.05,294.1,0.2127,1690.0,1.55,0,7274
   375 Ursula (A893 SB),MBA,N,N,7.48,216.0,0.037,16.899,,,0.1024,3.127,2.807,15.94,336.38,341.42,4.78,0.1782,2020.0,1.8,0,5908
   376 Geometria (A893 SC),MBA,N,N,9.56,35.465,0.321,7.74,,,0.1724,2.288,1.894,5.43,301.95,316.53,151.51,0.2848,1260.0,0.881,0,8194
   377 Campania (A893 SD),MBA,N,N,9.11,90.346,0.06,11.664,,,0.0752,2.69,2.488,6.68,209.91,196.95,311.77,0.2233,1610.0,1.5,0,9253
   378 Holmia (A893 XA),MBA,N,N,9.81,27.831,0.339,4.45,,,0.1295,2.777,2.417,7.01,232.36,156.67,217.67,0.213,1690.0,1.42,0,5822
   379 Huenna (A894 AA),MBA,N,N,9.1,84.787,0.046,14.141,,,0.1791,3.142,2.579,1.67,171.85,180.98,6.53,0.177,2030.0,1.57,0,10889
   380 Fiducia (A894 AB),MBA,N,N,9.62,67.508,0.066,13.69,,,0.1148,2.679,2.371,6.16,95.0,240.62,154.85,0.2248,1600.0,1.37,0,10892
   381 Myrrha (A894 AC),OMB,N,N,8.38,127.639,0.064,6.572,,,0.0879,3.234,2.95,12.61,124.72,148.26,203.92,0.1695,2120.0,1.94,0,7198
   382 Dodona (A894 BB),MBA,N,N,8.77,65.209,0.129,4.113,,,0.165,3.135,2.618,7.4,313.08,270.99,252.84,0.1775,2030.0,1.62,0,6740
   383 Janina (A894 BC),MBA,N,N,10.04,43.482,0.04,6.426,,,0.1686,3.137,2.608,2.66,92.76,324.91,316.04,0.1774,2030.0,1.62,0,10035
   384 Burdigala (A894 CA),MBA,N,N,9.38,34.435,0.192,404.9,,,0.1454,2.653,2.267,5.59,47.66,35.2,229.0,0.228,1580.0,1.29,0,5993
   385 Ilmatar (A894 EA),MBA,N,N,7.8,85.837,0.242,62.35,,,0.1269,2.848,2.486,13.58,344.83,189.1,142.13,0.2051,1760.0,1.49,0,9692
   386 Siegena (A894 EB),MBA,N,N,7.75,165.01,0.0692,9.763,,,0.1693,2.897,2.407,20.22,166.61,221.15,24.3,0.1998,1800.0,1.44,0,10998
   387 Aquitania (A894 EC),MBA,N,N,7.49,100.51,0.19,24.144,,,0.2384,2.737,2.084,18.15,127.99,157.75,262.2,0.2177,1650.0,1.08,0,6368
   388 Charybdis (A894 ED),MBA,N,N,8.71,125.754,0.042,9.516,,,0.065,3.005,2.81,6.45,354.18,328.86,298.62,0.1892,1900.0,1.8,0,7489
   389 Industria (A894 EE),MBA,N,N,7.97,74.378,0.225,8.4973,,,0.0664,2.608,2.435,8.12,282.02,267.9,61.63,0.234,1540.0,1.45,0,9131
   390 Alma (A894 FA),MBA,N,N,10.19,25.688,0.268,3.74097,,,0.132,2.651,2.301,12.14,305.09,192.2,190.89,0.2283,1580.0,1.32,0,6760
   391 Ingeborg (A894 VB),MCA,N,N,10.85,15.751,0.29,26.391,,,0.3052,2.321,1.612,23.2,212.83,147.11,48.76,0.2788,1290.0,0.645,0,7992
   392 Wilhelmina (A894 VD),MBA,N,N,9.73,60.75,0.173,13.058,,,0.1382,2.886,2.487,14.32,209.64,173.79,286.54,0.201,1790.0,1.49,0,6094
   393 Lampetia (A894 VC),MBA,N,N,8.37,116.191,0.022,38.455,,,0.3329,2.781,1.855,14.83,212.02,91.49,175.53,0.2126,1690.0,0.91,0,6158
   394 Arduina (A894 WB),MBA,N,N,9.71,29.97,0.294,16.53,,,0.228,2.761,2.132,6.22,66.86,270.9,240.9,0.2148,1680.0,1.13,0,7139
   395 Delia (A894 WC),MBA,N,N,10.52,44.189,0.033,19.681,,,0.0834,2.788,2.556,3.35,259.2,13.37,211.93,0.2117,1700.0,1.54,0,9362
   396 Aeolia (A894 XA),MBA,N,N,10.11,39.242,0.126,14.353,,,0.1592,2.741,2.305,2.55,249.86,21.16,100.88,0.2172,1660.0,1.29,0,6427
   397 Vienna (A894 YA),MBA,N,N,9.35,49.032,0.139,15.48,,,0.2473,2.635,1.983,12.87,227.88,139.94,266.14,0.2304,1560.0,1.0,0,6888
   398 Admete (A894 YB),MBA,N,N,10.71,49.771,0.054,20.998,,,0.2245,2.736,2.122,9.56,279.79,160.72,331.65,0.2177,1650.0,1.14,0,10875
   399 Persephone (A895 DD),MBA,N,N,8.91,39.566,0.311,9.136,,,0.0771,3.051,2.815,13.12,346.17,192.33,165.62,0.185,1950.0,1.82,0,6927
   400 Ducrosa (A895 EC),MBA,N,N,10.74,36.001,0.112,6.8678,,,0.1159,3.126,2.763,10.53,327.01,236.73,181.98,0.1784,2020.0,1.78,0,8796
   401 Ottilia (A895 FA),OMB,N,N,9.44,87.803,0.052,6.049,,,0.0305,3.346,3.244,5.96,36.02,301.83,352.97,0.161,2240.0,2.24,0,12286
   402 Chloe (A895 FB),MBA,N,N,9.1,55.421,0.164,10.664,,,0.1114,2.559,2.274,11.84,129.28,16.6,3.09,0.2408,1500.0,1.29,0,11456
   403 Cyane (A895 KA),MBA,N,N,9.03,53.574,0.173,12.283,,,0.0979,2.812,2.536,9.15,244.32,253.22,344.11,0.2091,1720.0,1.57,0,9071
   404 Arsinoe (A895 MA),MBA,N,N,9.13,94.97,0.037,8.887,,,0.2016,2.592,2.069,14.1,92.47,120.51,123.87,0.2362,1520.0,1.1,0,6988
   405 Thia (A895 OB),MBA,N,N,8.79,108.894,0.018,9.95,,,0.2434,2.584,1.955,11.94,255.19,308.49,214.19,0.2372,1520.0,0.973,0,8541
   406 Erna (A895 QA),MBA,N,N,10.42,46.266,0.06,8.789,,,0.1777,2.917,2.399,4.19,315.44,37.99,41.55,0.1978,1820.0,1.39,0,8395
   407 Arachne (A895 TB),MBA,N,N,9.16,95.07,0.0548,22.627,,,0.0703,2.625,2.44,7.52,294.45,80.96,224.28,0.2318,1550.0,1.45,0,9761
   408 Fama (A917 RB),MBA,N,N,9.36,35.62,0.221,202.1,,,0.1469,3.165,2.7,9.09,297.09,108.97,23.69,0.1751,2060.0,1.73,0,7791
   409 Aspasia (A895 XC),MBA,N,N,7.66,171.012,0.054,9.022,,,0.0733,2.575,2.386,11.29,242.05,355.73,348.93,0.2385,1510.0,1.37,0,6066
   410 Chloris (A896 AC),MBA,N,N,8.43,118.929,0.043,32.5,,,0.24,2.726,2.072,10.96,96.91,172.87,151.28,0.219,1640.0,1.05,0,8611
   411 Xanthe (A896 AD),MBA,N,N,9.54,76.53,0.0831,11.344,,,0.114,2.934,2.6,15.35,107.36,181.39,117.06,0.1961,1840.0,1.58,0,11612
   412 Elisabetha (A896 AB),MBA,N,N,9.14,96.056,0.044,19.635,,,0.0412,2.762,2.649,13.78,106.23,96.74,5.76,0.2147,1680.0,1.68,0,7105
   413 Edburga (A896 AA),MBA,N,N,10.04,34.242,0.129,15.773,,,0.3423,2.583,1.699,18.74,103.67,252.83,169.73,0.2374,1520.0,0.791,0,7735
   414 Liriope (A896 BB),OMB,N,N,9.62,88.76,0.027,11.005,,,0.0743,3.502,3.241,9.56,110.54,319.06,330.86,0.1504,2390.0,2.26,0,7657
   415 Palatia (A896 CA),MBA,N,N,9.46,83.56,0.063,20.73,,,0.3007,2.791,1.951,8.22,126.3,299.26,350.54,0.2114,1700.0,0.98,0,16569
   416 Vaticana (A896 JA),MBA,N,N,7.72,85.47,0.1689,5.372,,,0.2197,2.792,2.178,12.83,57.91,200.16,263.59,0.2113,1700.0,1.17,0,5978
   417 Suevia (A896 JB),MBA,N,N,9.67,54.874,0.072,7.034,,,0.135,2.8,2.422,6.65,199.47,347.99,260.97,0.2103,1710.0,1.42,0,10892
   418 Alemannia (A896 RD),MBA,N,N,9.75,40.33,0.201,4.671,,,0.1183,2.593,2.287,6.82,248.71,126.12,315.9,0.236,1530.0,1.3,0,5956
   419 Aurelia (A896 RF),MBA,N,N,8.56,148.701,0.034,16.784,,,0.2523,2.596,1.941,3.93,229.03,44.28,18.87,0.2357,1530.0,0.925,0,5785
   420 Bertholda (A896 RC),OMB,N,N,8.31,138.699,0.044,10.987,,,0.0209,3.419,3.348,6.71,242.32,221.81,44.38,0.1559,2310.0,2.37,0,6272
   421 Zahringia (A896 RE),MBA,N,N,11.57,14.119,0.172,25.509,,,0.2825,2.542,1.824,7.79,187.33,209.12,307.59,0.2432,1480.0,0.834,0,5360
   422 Berolina (A896 TA),MBA,N,N,10.65,10.714,0.716,25.978,,,0.2143,2.228,1.751,4.99,9.02,335.27,317.05,0.2963,1220.0,0.744,0,6147
   423 Diotima (A896 XA),MBA,N,N,7.38,175.859,0.067,4.775,,,0.0339,3.067,2.963,11.24,69.35,199.09,142.07,0.1835,1960.0,1.95,0,9907
   424 Gratia (A896 YD),MBA,N,N,9.73,102.565,0.027,20.063,,,0.1099,2.773,2.468,8.22,99.13,334.1,353.17,0.2134,1690.0,1.49,0,17520
   425 Cornelia (A896 YC),MBA,N,N,9.76,67.925,0.042,17.505,,,0.0572,2.886,2.721,4.05,60.92,127.09,22.87,0.201,1790.0,1.72,0,7835
   426 Hippo (A897 RA),MBA,N,N,8.55,137.562,0.04,67.52,,,0.1066,2.887,2.579,19.5,311.31,221.38,211.37,0.2009,1790.0,1.61,0,6851
   427 Galene (A897 RB),MBA,N,N,10.17,32.193,0.205,3.705,,,0.1185,2.973,2.62,5.13,297.34,11.09,25.49,0.1923,1870.0,1.6,0,8225
   428 Monachia (A897 WA),MBA,N,N,11.99,20.184,0.069,3.63384,,,0.1782,2.308,1.897,6.19,17.52,15.75,203.09,0.2811,1280.0,0.902,0,6569
   429 Lotis (A897 WB),MBA,N,N,9.99,69.62,0.043,13.577,,,0.1243,2.606,2.282,9.54,219.91,168.59,164.47,0.2343,1540.0,1.29,0,8623
   430 Hybris (A897 YA),MBA,N,N,11.09,31.702,0.054,7.205,,,0.2503,2.851,2.137,14.54,249.19,179.53,249.87,0.2048,1760.0,1.15,0,5266
   431 Nephele (A897 YB),MBA,N,N,9.08,101.9,0.055,13.53,,,0.1717,3.146,2.606,1.83,117.13,218.38,110.54,0.1766,2040.0,1.59,0,9601
   432 Pythia (A897 YC),MBA,N,N,9.08,46.9,0.2338,8.252,,,0.1447,2.371,2.028,12.12,88.73,174.06,203.26,0.27,1330.0,1.01,0,12468
   433 Eros (A898 PA),AMO,Y,N,10.39,16.84,0.25,5.27,0.0004463,2.67,0.2228,1.458,1.133,10.83,304.27,178.93,310.55,0.5598,643.0,0.148,0,9130
   434 Hungaria (A898 RB),IMB,N,N,11.2,8.934,0.726,26.521,,,0.0739,1.944,1.801,22.51,175.27,123.91,17.13,0.3635,990.0,0.833,0,11050
   435 Ella (A898 RA),MBA,N,N,10.46,34.792,0.118,4.623,,,0.1546,2.45,2.071,1.82,23.12,333.6,59.57,0.257,1400.0,1.07,0,9163
   436 Patricia (A898 RC),OMB,N,N,10.02,58.609,0.06,16.133,,,0.071,3.201,2.974,18.5,351.25,42.08,46.52,0.1721,2090.0,2.0,0,6367
   437 Rhodia (A898 OA),MBA,N,N,10.46,13.373,0.677,433.2,,,0.25,2.385,1.789,7.35,263.16,62.08,184.41,0.2676,1350.0,0.79,0,8575
   438 Zeuxo (A898 VG),MBA,N,N,10.18,58.871,0.061,8.831,,,0.0668,2.555,2.385,7.36,49.08,210.37,185.51,0.2413,1490.0,1.37,0,9831
   439 Ohio (A898 TA),MBA,N,N,9.82,70.421,0.027,37.46,,,0.0673,3.132,2.921,19.13,201.41,245.17,276.02,0.1778,2020.0,1.98,0,6512
   440 Theodora (A898 TB),MBA,N,N,11.54,13.6,0.63,4.828,,,0.1071,2.211,1.974,1.6,291.93,179.24,164.38,0.2999,1200.0,0.99,0,5714
   441 Bathilde (A898 XA),MBA,N,N,8.65,65.131,0.204,10.446,,,0.0825,2.806,2.574,8.16,253.5,202.81,339.82,0.2097,1720.0,1.59,0,12028
   442 Eichsfeldia (A899 CA),MBA,N,N,9.96,62.171,0.044,11.871,,,0.0707,2.346,2.18,6.07,134.78,86.23,37.75,0.2744,1310.0,1.18,0,6324
   443 Photographica (A899 DA),MBA,N,N,10.14,25.504,0.21,19.795,,,0.0399,2.216,2.127,4.23,175.38,350.45,144.15,0.2988,1200.0,1.13,0,6762
   444 Gyptis (A899 FA),MBA,N,N,8.06,159.331,0.051,6.214,,,0.1734,2.771,2.29,10.27,195.59,154.8,18.81,0.2137,1680.0,1.29,0,7737
   445 Edna (A899 TC),MBA,N,N,9.28,87.812,0.044,19.959,,,0.1985,3.198,2.563,21.32,291.96,82.16,55.49,0.1723,2090.0,1.67,0,8594
   446 Aeternitas (A899 UB),MBA,N,N,8.85,53.562,0.317,15.7413,,,0.1246,2.788,2.44,10.61,42.01,279.34,83.69,0.2118,1700.0,1.45,0,12747
   447 Valentine (A899 UD),MBA,N,N,9.05,85.224,0.061,9.651,,,0.0458,2.984,2.848,4.8,71.74,316.17,154.35,0.1912,1880.0,1.85,0,7235
   448 Natalie (A899 UC),MBA,N,N,10.2,50.534,0.052,8.0646,,,0.1868,3.134,2.549,12.73,37.19,293.18,273.39,0.1776,2030.0,1.57,0,5832
   449 Hamburga (A899 UE),MBA,N,N,9.9,85.59,0.0393,36.516,,,0.1737,2.55,2.107,3.08,85.76,48.79,232.74,0.242,1490.0,1.12,0,8664
   450 Brigitta (A899 VB),MBA,N,N,10.42,37.038,0.094,10.7657,,,0.0978,3.017,2.722,10.13,14.33,359.86,41.22,0.1881,1910.0,1.72,0,12494
   451 Patientia (A899 XA),MBA,N,N,6.78,253.9,0.085,9.727,,,0.0696,3.064,2.851,15.21,89.0,337.19,184.5,0.1838,1960.0,1.87,0,4985
   452 Hamiltonia (A899 XB),MBA,N,N,11.86,11.563,0.252,2.8813,,,0.0109,2.847,2.816,3.23,92.43,54.18,2.45,0.2052,1750.0,1.83,0,5330
   453 Tea (A900 DD),MBA,N,N,10.56,23.985,0.137,6.812,,,0.1083,2.184,1.947,5.55,11.59,220.65,277.33,0.3055,1180.0,0.939,0,7933
   454 Mathesis (A900 FB),MBA,N,N,9.39,81.743,0.055,8.378,,,0.1118,2.627,2.333,6.29,32.16,176.94,165.24,0.2315,1550.0,1.33,0,9053
   455 Bruchsalia (A900 KC),MBA,N,N,8.95,88.792,0.033,11.839,,,0.2944,2.656,1.874,12.02,76.07,273.37,274.28,0.2277,1580.0,0.913,0,6880
   456 Abnoba (A900 LA),MBA,N,N,9.1,37.713,0.286,18.281,,,0.1834,2.784,2.273,14.49,229.0,7.78,0.5,0.2122,1700.0,1.26,0,6200
   457 Alleghenia (A900 RA),MBA,N,N,11.1,18.739,0.208,21.953,,,0.1709,3.095,2.566,12.98,249.39,131.2,356.23,0.181,1990.0,1.59,0,5789
   458 Hercynia (A900 SD),MBA,N,N,9.75,36.698,0.191,21.806,,,0.2438,2.993,2.263,12.66,134.09,277.36,28.93,0.1904,1890.0,1.32,0,9422
   459 Signe (A900 UH),MBA,N,N,10.36,25.784,0.221,5.5362,,,0.2112,2.62,2.066,10.3,29.46,19.27,160.38,0.2325,1550.0,1.08,0,5938
   460 Scania (A900 UF),MBA,N,N,10.74,19.689,0.262,164.1,,,0.1037,2.718,2.436,4.64,205.06,161.95,346.22,0.22,1640.0,1.43,0,6233
   461 Saskia (A900 UG),MBA,N,N,10.49,43.603,0.057,7.348,,,0.1458,3.118,2.663,1.47,156.5,308.87,208.96,0.179,2010.0,1.68,0,6272
   462 Eriphyla (A900 UJ),MBA,N,N,9.32,34.274,0.259,8.659,,,0.0869,2.874,2.624,3.19,105.2,249.24,271.16,0.2023,1780.0,1.62,0,6312
   463 Lola (A900 UK),MBA,N,N,11.75,20.908,0.082,6.206,,,0.2195,2.398,1.872,13.54,36.49,329.48,257.14,0.2653,1360.0,0.884,0,5912
   464 Megaira (A901 AB),MBA,N,N,9.71,77.056,0.045,12.879,,,0.2039,2.803,2.232,10.16,102.32,257.99,313.81,0.21,1710.0,1.25,0,6078
   465 Alekto (A901 AC),MBA,N,N,9.84,73.34,0.0433,10.936,,,0.1975,3.112,2.497,4.66,299.97,285.4,261.92,0.1796,2000.0,1.49,0,7297
   466 Tisiphone (A901 BB),OMB,N,N,8.41,95.495,0.092,8.834,,,0.0971,3.352,3.026,19.02,290.22,255.78,18.25,0.1606,2240.0,2.1,0,5757
   467 Laura (A901 AA),MBA,N,N,10.91,39.471,0.037,70.63,,,0.1067,2.945,2.63,6.45,322.08,94.67,304.9,0.1951,1850.0,1.65,0,10457
   468 Lina (A901 BC),MBA,N,N,9.84,60.238,0.057,16.33,,,0.1949,3.136,2.525,0.44,21.55,332.22,273.59,0.1774,2030.0,1.52,0,10037
   469 Argentina (A901 DC),MBA,N,N,8.66,133.718,0.035,17.5727,,,0.1615,3.178,2.665,11.45,332.67,215.7,16.96,0.1739,2070.0,1.68,0,6103
   470 Kilia (A901 HC),MBA,N,N,10.05,27.75,0.148,296.2,,,0.0961,2.404,2.173,7.23,173.19,47.37,137.59,0.2644,1360.0,1.17,0,7633
   471 Papagena (A901 LA),MBA,N,N,6.34,148.128,0.164,7.113,,,0.2291,2.889,2.227,15.02,83.77,315.9,6.66,0.2008,1790.0,1.26,0,9097
   472 Roma (A901 NA),MBA,N,N,8.86,50.278,0.189,9.8007,,,0.0955,2.543,2.3,15.82,127.0,295.8,119.87,0.2431,1480.0,1.36,0,5934
   473 Nolli (A901 CB),MBA,N,N,11.7,12.394,0.138,3.0785,,,0.1086,2.661,2.372,12.94,332.06,153.7,279.53,0.2271,1590.0,1.39,0,5639
   474 Prudentia (A901 CC),MBA,N,N,10.95,40.972,0.041,8.572,,,0.2102,2.453,1.937,8.8,161.79,155.86,9.13,0.2565,1400.0,0.927,0,7391
   475 Ocllo (A901 PA),MCA,N,N,11.54,17.83,0.057,7.3151,,,0.379,2.593,1.61,18.95,34.41,305.85,255.72,0.236,1530.0,0.674,0,7809
   476 Hedwig (A901 QB),MBA,N,N,8.7,138.493,0.035,27.33,,,0.075,2.65,2.451,10.93,286.18,0.48,333.98,0.2285,1580.0,1.43,0,9606
   477 Italia (A901 QC),MBA,N,N,10.26,22.988,0.246,19.413,,,0.1872,2.415,1.963,5.29,10.63,322.49,36.73,0.2625,1370.0,0.955,0,5942
   478 Tergeste (A901 SC),MBA,N,N,7.93,80.738,0.174,16.11,,,0.0807,3.019,2.775,13.17,233.44,243.94,151.53,0.1879,1920.0,1.82,0,5367
   479 Caprera (A901 VK),MBA,N,N,9.81,60.088,0.071,9.454,,,0.2176,2.722,2.13,8.68,135.98,269.45,228.65,0.2195,1640.0,1.16,0,8146
   480 Hansa (A901 KB),MBA,N,N,8.22,56.22,0.2485,16.19,,,0.0443,2.644,2.527,21.33,237.11,212.32,146.91,0.2292,1570.0,1.55,0,6030
   481 Emita (A902 CB),MBA,N,N,8.79,101.829,0.032,14.412,,,0.1572,2.74,2.309,9.85,66.69,348.91,160.84,0.2173,1660.0,1.32,0,9329
   482 Petrina (A902 EH),MBA,N,N,8.9,45.751,0.246,11.7922,,,0.095,3.005,2.719,14.45,179.05,89.99,208.95,0.1892,1900.0,1.75,0,6732
   483 Seppina (A902 EJ),OMB,N,N,8.41,66.858,0.184,12.727,,,0.0501,3.424,3.253,18.76,173.88,163.77,14.82,0.1555,2310.0,2.25,0,9644
   484 Pittsburghia (A902 HA),MBA,N,N,9.69,30.06,0.222,10.63,,,0.0568,2.667,2.516,12.51,127.23,189.34,35.97,0.2262,1590.0,1.5,0,5977
   485 Genua (A902 JC),MBA,N,N,8.24,63.88,0.2072,17.59,,,0.1894,2.751,2.23,13.87,193.38,272.02,133.54,0.216,1670.0,1.3,0,5156
   486 Cremona (A902 JD),MBA,N,N,11.18,22.781,0.15,65.15,,,0.1637,2.352,1.967,11.1,94.06,125.18,99.9,0.2733,1320.0,0.979,0,7731
   487 Venetia (A902 NC),MBA,N,N,8.42,59.046,0.328,13.34,,,0.0862,2.669,2.439,10.25,114.75,281.89,9.83,0.226,1590.0,1.47,0,12619
   488 Kreusa (A902 MC),MBA,N,N,7.9,168.117,0.047,32.645,,,0.1584,3.167,2.666,11.48,82.98,77.28,65.81,0.1748,2060.0,1.7,0,5801
   489 Comacina (A902 RD),MBA,N,N,8.6,139.39,0.0427,9.02,,,0.0489,3.152,2.998,12.99,166.67,8.21,165.21,0.1762,2040.0,2.0,0,9577
   490 Veritas (A902 RE),MBA,N,N,8.66,118.803,0.059,7.93,,,0.0885,3.175,2.894,9.29,178.02,193.66,264.85,0.1742,2070.0,1.89,0,9749
   491 Carina (A902 RG),MBA,N,N,9.0,91.176,0.037,14.836,,,0.0831,3.192,2.927,18.87,175.32,230.33,166.3,0.1728,2080.0,1.96,0,5910
   492 Gismonda (A902 RF),MBA,N,N,9.98,53.418,0.069,6.488,,,0.183,3.109,2.54,1.61,46.04,296.38,157.86,0.1798,2000.0,1.53,0,5991
   493 Griseldis (A902 RH),MBA,N,N,10.91,41.55,0.081,51.94,,,0.178,3.115,2.56,15.18,357.22,46.52,83.1,0.1793,2010.0,1.59,0,6030
   494 Virtus (A902 TF),MBA,N,N,9.28,100.786,0.065,40.42,,,0.0642,2.986,2.794,7.08,38.06,214.63,76.45,0.1911,1880.0,1.78,0,11336
   495 Eulalia (A902 UL),MBA,N,N,11.19,37.287,0.062,28.967,,,0.1299,2.486,2.163,2.28,186.36,207.55,139.1,0.2514,1430.0,1.17,0,8357
   496 Gryphia (A902 UM),MBA,N,N,11.75,14.403,0.193,1072.0,,,0.0787,2.199,2.026,3.79,207.55,258.78,214.79,0.3022,1190.0,1.05,0,6249
   497 Iva (A902 VB),MBA,N,N,9.82,40.932,0.119,4.62,,,0.3006,2.851,1.994,4.82,6.31,3.37,218.79,0.2048,1760.0,0.992,0,5727
   498 Tokio (A902 XA),MBA,N,N,8.86,81.83,0.0694,41.85,,,0.224,2.65,2.056,9.5,97.15,241.61,234.42,0.2285,1580.0,1.07,0,8481
   499 Venusia (A902 YE),OMB,N,N,9.59,77.328,0.052,13.48,,,0.2173,4.015,3.143,2.09,256.17,175.2,206.34,0.1225,2940.0,2.16,0,8648
   500 Selinur (A903 BJ),MBA,N,N,9.46,40.828,0.202,8.0111,,,0.1454,2.613,2.233,9.79,289.78,75.17,115.72,0.2333,1540.0,1.25,0,11369
   501 Urhixidur (A903 BK),MBA,N,N,9.47,74.457,0.052,13.1743,,,0.1419,3.163,2.715,20.83,357.18,357.02,74.72,0.1752,2050.0,1.71,0,9785
   502 Sigune (A903 BM),MBA,N,N,10.73,15.805,0.178,10.922,,,0.1784,2.383,1.958,25.02,132.87,19.16,102.8,0.2679,1340.0,0.98,0,5623
   503 Evelyn (A903 BL),MBA,N,N,9.29,81.68,0.0585,38.871,,,0.1732,2.725,2.253,5.01,68.8,41.51,124.33,0.2191,1640.0,1.27,0,7880
   504 Cora (A902 NB),MBA,N,N,10.13,30.438,0.239,7.587,,,0.2171,2.722,2.131,12.91,104.43,248.46,128.36,0.2195,1640.0,1.16,0,9064
   505 Cava (A902 QA),MBA,N,N,8.74,115.0,0.04,8.1789,,,0.2426,2.687,2.035,9.82,90.76,337.18,260.99,0.2237,1610.0,1.05,0,5608
   506 Marion (A903 DB),MBA,N,N,8.97,105.94,0.0454,13.546,,,0.1447,3.042,2.602,16.99,312.76,145.1,91.34,0.1858,1940.0,1.64,0,8549
   507 Laodica (A903 DC),MBA,N,N,9.21,45.17,0.198,4.706,,,0.1041,3.157,2.828,9.51,293.35,100.69,67.67,0.1757,2050.0,1.85,0,5976
   508 Princetonia (A903 HC),MBA,N,N,8.37,117.241,0.065,52.8,,,0.0092,3.164,3.135,13.3,44.04,245.02,210.79,0.1751,2060.0,2.13,0,7046
   509 Iolanda (A903 HD),MBA,N,N,8.39,51.892,0.253,12.306,,,0.0981,3.061,2.761,15.41,217.46,155.51,157.33,0.1841,1960.0,1.77,0,7016
   510 Mabella (A903 KA),MBA,N,N,9.74,60.45,0.062,19.4,,,0.1917,2.61,2.11,9.54,202.67,90.65,345.02,0.2338,1540.0,1.12,0,7545
   511 Davida (A903 KB),MBA,N,N,6.41,270.327,0.076,5.1297,,,0.1896,3.164,2.564,15.95,107.56,336.67,35.25,0.1752,2060.0,1.59,0,5043
   512 Taurinensis (A903 MC),MCA,N,N,10.76,23.09,0.1772,5.585,,,0.2543,2.189,1.632,8.75,106.99,249.25,223.76,0.3043,1180.0,0.651,0,14330
   513 Centesima (A916 BC),MBA,N,N,9.5,48.805,0.089,4.79,,,0.087,3.015,2.753,9.73,184.28,225.22,68.6,0.1883,1910.0,1.77,0,6372
   514 Armida (A903 QC),MBA,N,N,9.2,120.093,0.03,21.851,,,0.0368,3.047,2.935,3.88,268.5,112.57,317.12,0.1853,1940.0,1.94,0,7086
   515 Athalia (A903 SH),MBA,N,N,10.93,41.19,0.039,10.636,,,0.1772,3.118,2.566,2.04,121.08,300.52,354.8,0.179,2010.0,1.58,0,8634
   516 Amherstia (A903 SG),MBA,N,N,8.35,65.144,0.202,7.4842,,,0.2756,2.678,1.94,12.95,328.71,258.05,69.99,0.2249,1600.0,0.979,0,8419
   517 Edith (A903 SK),MBA,N,N,9.64,111.89,0.026,9.2747,,,0.1797,3.156,2.589,3.23,273.76,143.95,277.75,0.1758,2050.0,1.6,0,9490
   518 Halawe (A915 TP),MBA,N,N,11.11,16.157,0.246,14.31,,,0.228,2.535,1.957,6.72,203.78,117.92,132.31,0.2442,1470.0,0.954,0,9005
   519 Sylvania (A903 UJ),MBA,N,N,9.14,40.078,0.246,17.962,,,0.1838,2.794,2.28,11.0,44.62,303.33,101.5,0.2111,1710.0,1.3,0,12977
   520 Franziska (A903 UK),MBA,N,N,10.62,25.261,0.147,16.507,,,0.1092,3.004,2.676,10.96,34.24,19.58,141.34,0.1893,1900.0,1.69,0,7360
   521 Brixia (A904 AE),MBA,N,N,8.57,107.227,0.073,28.479,,,0.2784,2.743,1.98,10.58,89.58,316.27,326.34,0.2169,1660.0,1.0,0,7379
   522 Helga (A904 AF),OMB,N,N,9.01,101.22,0.0388,8.129,,,0.086,3.627,3.315,4.42,116.53,249.4,322.45,0.1427,2520.0,2.32,0,6564
   523 Ada (A904 BA),MBA,N,N,10.01,31.89,0.2512,10.03,,,0.1802,2.964,2.43,4.31,260.59,190.04,326.87,0.1931,1860.0,1.45,0,11974
   524 Fidelio (A904 ED),MBA,N,N,9.84,65.527,0.048,14.198,,,0.1265,2.636,2.303,8.22,326.63,79.47,259.4,0.2302,1560.0,1.33,0,5701
   525 Adelaide (A908 UJ),MBA,N,N,12.21,9.326,0.221,19.967,,,0.1019,2.245,2.017,6.0,203.35,264.36,227.59,0.2929,1230.0,1.04,0,6290
   526 Jena (A904 EE),MBA,N,N,10.12,44.84,0.077,11.877,,,0.1247,3.129,2.739,2.17,137.54,358.31,60.15,0.1781,2020.0,1.75,0,6458
   527 Euryanthe (A904 FC),MBA,N,N,10.41,52.627,0.039,42.75,,,0.1519,2.725,2.311,9.66,120.41,203.47,270.14,0.2192,1640.0,1.3,0,6750
   528 Rezia (A904 FA),OMB,N,N,9.22,91.966,0.046,7.337,,,0.0219,3.396,3.322,12.7,49.49,354.14,296.36,0.1575,2290.0,2.33,0,11695
   529 Preziosa (A904 FB),MBA,N,N,9.93,32.01,0.1632,25.943,,,0.0924,3.018,2.739,11.02,64.99,332.32,219.8,0.188,1920.0,1.75,0,6016
   530 Turandot (A904 GB),MBA,N,N,9.38,84.85,0.0472,19.961,,,0.2168,3.192,2.5,8.56,129.09,199.46,321.62,0.1729,2080.0,1.49,0,7913
   531 Zerlina (A904 GC),MBA,N,N,12.05,17.804,0.101,16.706,,,0.1994,2.784,2.229,34.03,197.67,57.54,20.59,0.2122,1700.0,1.33,0,6104
   532 Herculina (A904 HE),MBA,N,N,5.92,167.791,0.285,9.405,,,0.1802,2.77,2.271,16.3,107.41,76.66,136.5,0.2138,1680.0,1.34,0,5497
   533 Sara (A904 HC),MBA,N,N,9.82,30.819,0.252,11.654,,,0.0432,2.98,2.852,6.55,180.26,30.95,226.64,0.1916,1880.0,1.85,0,13856
   534 Nassovia (A904 HD),MBA,N,N,9.64,32.333,0.213,9.382,,,0.0602,2.884,2.71,3.28,94.06,335.88,70.68,0.2013,1790.0,1.72,0,6324
   535 Montague (A904 JE),MBA,N,N,9.56,79.299,0.054,10.2482,,,0.0263,2.569,2.501,6.77,84.75,67.34,256.05,0.2394,1500.0,1.52,0,12099
   536 Merapi (A904 JF),OMB,N,N,8.12,147.066,0.048,8.791,,,0.0901,3.507,3.191,19.39,59.14,297.85,92.52,0.1501,2400.0,2.24,0,6569
   537 Pauly (A904 NB),MBA,N,N,8.78,40.732,0.322,16.168,,,0.2353,3.067,2.345,9.92,119.85,187.77,197.96,0.1835,1960.0,1.33,0,6861
   538 Friederike (A904 OA),MBA,N,N,9.57,70.64,0.065,46.728,,,0.1723,3.154,2.611,6.52,141.02,226.67,153.61,0.1759,2050.0,1.61,0,7529
   539 Pamina (A904 PD),MBA,N,N,10.23,68.356,0.052,13.903,,,0.2132,2.738,2.154,6.8,274.2,97.19,236.62,0.2175,1650.0,1.17,0,9490
   540 Rosamunde (A904 PE),MBA,N,N,10.75,19.152,0.331,9.351,,,0.0892,2.219,2.021,5.58,202.07,337.6,19.14,0.2982,1210.0,1.02,0,13749
   541 Deborah (A904 PF),MBA,N,N,10.25,60.147,0.055,29.368,,,0.0534,2.814,2.663,6.02,267.37,1.95,292.96,0.2088,1720.0,1.65,0,9488
   542 Susanna (A904 QA),MBA,N,N,9.36,42.117,0.217,10.069,,,0.1438,2.903,2.486,12.08,152.83,216.28,153.89,0.1992,1810.0,1.49,0,6875
   543 Charlotte (A904 RG),MBA,N,N,9.48,45.613,0.144,10.718,,,0.1508,3.062,2.6,8.46,294.81,108.56,198.43,0.184,1960.0,1.62,0,6814
   544 Jetta (A904 RH),MBA,N,N,10.01,27.169,0.262,7.745,,,0.1524,2.591,2.197,8.37,298.28,342.82,89.17,0.2363,1520.0,1.18,0,6236
   545 Messalina (A904 TC),OMB,N,N,8.8,112.631,0.041,7.2,,,0.1733,3.206,2.65,11.25,332.87,333.36,167.67,0.1717,2100.0,1.64,0,6969
   546 Herodias (A904 TD),MBA,N,N,9.72,65.945,0.054,10.77,,,0.1162,2.597,2.295,14.87,21.57,110.37,228.21,0.2355,1530.0,1.35,0,5253
   547 Praxedis (A904 TE),MBA,N,N,9.99,52.462,0.101,9.105,,,0.2365,2.774,2.118,16.86,192.99,196.64,80.41,0.2134,1690.0,1.13,0,12244
   548 Kressida (A904 TF),MBA,N,N,11.35,14.008,0.282,11.93,,,0.1847,2.283,1.861,3.87,108.39,320.44,20.01,0.2858,1260.0,0.877,0,8298
   549 Jessonda (A904 WA),MBA,N,N,10.88,15.53,0.289,2.9713,,,0.2562,2.687,1.998,3.95,291.26,157.89,171.69,0.2238,1610.0,1.02,0,6771
   550 Senta (A904 WB),MBA,N,N,9.33,37.434,0.225,20.555,,,0.222,2.59,2.015,10.11,270.66,45.35,102.13,0.2365,1520.0,1.01,0,6817
   551 Ortrud (A904 WC),MBA,N,N,9.79,81.113,0.04,17.416,,,0.1188,2.969,2.616,0.39,5.66,71.05,238.88,0.1927,1870.0,1.63,0,9793
   552 Sigelinde (A904 XB),MBA,N,N,9.63,88.697,0.036,17.156,,,0.0899,3.151,2.867,7.69,266.85,345.61,37.35,0.1762,2040.0,1.85,0,7601
   553 Kundry (A904 YA),MBA,N,N,12.39,9.01,0.287,12.605,,,0.11,2.23,1.985,5.39,72.33,354.64,116.56,0.2959,1220.0,0.998,0,16786
   554 Peraga (A905 AE),MBA,N,N,9.28,95.87,0.0496,13.7128,,,0.1528,2.375,2.012,2.94,295.35,127.79,50.78,0.2693,1340.0,1.03,0,11858
   555 Norma (A905 AF),MBA,N,N,10.93,31.04,0.119,19.508,,,0.1555,3.18,2.686,2.67,130.17,1.28,138.65,0.1738,2070.0,1.7,0,9488
   556 Phyllis (A905 AD),MBA,N,N,9.51,36.279,0.201,4.293,,,0.1039,2.464,2.208,5.25,285.97,177.16,87.63,0.2548,1410.0,1.22,0,5264
   557 Violetta (A905 BD),MBA,N,N,12.13,22.621,0.084,5.0887,,,0.099,2.442,2.2,2.48,292.64,196.5,236.27,0.2582,1390.0,1.22,0,6381
   558 Carmen (A905 CK),MBA,N,N,9.04,54.811,0.131,11.387,,,0.0383,2.909,2.797,8.37,143.63,315.54,168.67,0.1987,1810.0,1.82,0,6917
   559 Nanon (A905 EB),MBA,N,N,9.54,79.82,0.05,10.059,,,0.0666,2.711,2.53,9.31,111.85,132.19,316.12,0.2208,1630.0,1.52,0,8737
   560 Delila (A905 EC),MBA,N,N,10.94,35.334,0.062,29.913,,,0.1579,2.753,2.318,8.45,105.16,5.49,199.77,0.2158,1670.0,1.33,0,5899
   561 Ingwelde (A905 FC),MBA,N,N,11.42,31.562,0.058,12.012,,,0.1232,3.171,2.78,1.55,159.12,318.55,196.62,0.1746,2060.0,1.8,0,8927
   562 Salome (A905 GC),MBA,N,N,9.99,32.651,0.158,6.351,,,0.1036,3.016,2.703,11.12,70.46,261.91,234.89,0.1882,1910.0,1.72,0,7076
   563 Suleika (A905 GD),MBA,N,N,8.4,53.29,0.2477,5.69,,,0.2364,2.712,2.071,10.25,85.15,336.6,135.05,0.2207,1630.0,1.09,0,4970
   564 Dudu (A905 JD),MBA,N,N,10.45,52.01,0.05,8.882,,,0.2757,2.748,1.991,17.98,70.74,215.0,122.9,0.2163,1660.0,0.997,0,10849
   565 Marbachia (A905 JE),MBA,N,N,10.84,27.332,0.105,4.587,,,0.1318,2.442,2.12,10.99,225.66,292.11,270.13,0.2583,1390.0,1.15,0,6410
   566 Stereoskopia (A905 KA),OMB,N,N,8.2,167.381,0.039,12.103,,,0.1201,3.375,2.97,4.89,79.51,300.35,355.24,0.159,2260.0,1.98,0,13254
   567 Eleutheria (A905 KB),MBA,N,N,9.14,93.41,0.0439,7.717,,,0.0833,3.142,2.88,9.23,58.14,134.23,303.66,0.177,2030.0,1.89,0,7222
   568 Cheruskia (A905 OD),MBA,N,N,9.69,71.224,0.056,13.209,,,0.1681,2.881,2.397,18.41,249.73,173.4,130.27,0.2015,1790.0,1.41,0,8624
   569 Misa (A905 OE),MBA,N,N,10.04,72.95,0.0297,11.595,,,0.1788,2.659,2.184,1.29,301.47,142.63,185.62,0.2273,1580.0,1.2,0,6168
   570 Kythera (A905 OF),OMB,N,N,8.88,87.486,0.069,8.117,,,0.1182,3.423,3.018,1.82,223.28,162.27,288.0,0.1556,2310.0,2.02,0,9800
   571 Dulcinea (A905 RA),MBA,N,N,11.77,11.696,0.298,126.3,,,0.2429,2.41,1.825,5.23,3.11,27.64,21.01,0.2634,1370.0,0.831,0,7302
   572 Rebekka (A905 SF),MBA,N,N,10.9,28.903,0.089,5.6497,,,0.1573,2.401,2.023,10.58,194.41,192.3,93.56,0.265,1360.0,1.03,0,7588
   573 Recha (A905 SG),MBA,N,N,9.51,47.582,0.1,7.16633,,,0.1094,3.015,2.685,9.83,342.63,30.25,334.55,0.1883,1910.0,1.69,0,9998
   574 Reginhild (A905 SH),MBA,N,N,12.39,8.456,0.298,14.339,,,0.239,2.252,1.714,5.68,336.61,77.11,160.63,0.2916,1230.0,0.735,0,5963
   575 Renate (A905 SJ),MBA,N,N,10.96,19.106,0.211,3.676,,,0.1282,2.555,2.227,15.01,349.46,334.5,180.56,0.2414,1490.0,1.22,0,10896
   576 Emanuela (A905 SK),MBA,N,N,9.5,74.378,0.055,20.372,,,0.1922,2.994,2.419,10.21,299.52,28.15,114.94,0.1902,1890.0,1.41,0,12288
   577 Rhea (A905 UR),MBA,N,N,9.45,38.234,0.23,12.249,,,0.1537,3.114,2.635,5.3,328.47,329.6,357.09,0.1794,2010.0,1.62,0,9406
   578 Happelia (A905 VJ),MBA,N,N,9.54,69.29,0.0769,10.061,,,0.1951,2.75,2.214,6.13,29.06,262.67,213.41,0.2161,1670.0,1.21,0,9132
   579 Sidonia (A905 VK),MBA,N,N,8.01,85.57,0.1748,16.29,,,0.0762,3.012,2.782,11.02,82.62,229.09,81.54,0.1886,1910.0,1.78,0,11108
   580 Selene (A905 YB),OMB,N,N,10.39,48.204,0.082,9.494,,,0.088,3.229,2.945,3.67,98.89,339.32,257.62,0.1699,2120.0,1.96,0,8569
   581 Tauntonia (A905 YC),OMB,N,N,10.01,61.481,0.031,24.994,,,0.0355,3.21,3.096,21.9,102.43,25.08,250.23,0.1713,2100.0,2.12,0,16278
   582 Olympia (A906 BM),MBA,N,N,8.97,44.347,0.218,36.312,,,0.2202,2.613,2.037,30.0,155.65,310.24,161.96,0.2334,1540.0,1.13,0,8182
   583 Klotilde (A905 YD),MBA,N,N,9.32,78.236,0.072,9.2135,,,0.1594,3.177,2.671,8.24,257.82,251.02,323.27,0.174,2070.0,1.7,0,9018
   584 Semiramis (A906 AC),MBA,N,N,8.48,54.01,0.1987,5.068,,,0.233,2.374,1.821,10.72,281.99,85.4,2.44,0.2695,1340.0,0.856,0,4636
   585 Bilkis (A906 DF),MBA,N,N,10.48,49.761,0.014,8.577,,,0.1292,2.43,2.116,7.58,180.17,330.16,223.45,0.2602,1380.0,1.13,0,9203
   586 Thekla (A906 DK),MBA,N,N,9.52,95.203,0.04,13.67,,,0.0655,3.04,2.841,1.63,228.29,253.49,227.4,0.1859,1940.0,1.86,0,8601
   587 Hypsipyle (A906 DM),MBA,N,N,11.9,11.022,0.208,2.8881,,,0.1665,2.336,1.947,24.97,324.5,189.18,193.61,0.2761,1300.0,0.96,0,6628
   588 Achilles (A906 DN),TJN,N,N,8.21,130.099,0.043,7.306,,,0.1483,5.215,4.441,10.32,316.53,134.22,76.84,0.08277,4350.0,3.47,0,5504
   589 Croatia (A906 EC),MBA,N,N,9.31,93.617,0.041,24.932,,,0.0403,3.133,3.007,10.8,177.42,229.77,328.66,0.1777,2030.0,2.02,0,13761
   590 Tomyris (A906 ED),MBA,N,N,10.04,30.577,0.187,5.5525,,,0.0784,2.999,2.764,11.18,105.98,336.55,95.01,0.1898,1900.0,1.78,0,7105
   591 Irmgard (A906 EE),MBA,N,N,10.63,51.86,0.0364,7.35,,,0.21,2.678,2.116,12.45,334.07,218.83,85.47,0.2249,1600.0,1.13,0,5406
   592 Bathseba (A916 BB),MBA,N,N,9.68,43.787,0.155,7.7465,,,0.1353,3.022,2.613,10.18,167.78,257.71,9.45,0.1876,1920.0,1.65,0,10954
   593 Titania (A906 FK),MBA,N,N,9.34,70.145,0.07,9.8968,,,0.2173,2.698,2.112,16.9,75.93,30.55,43.03,0.2224,1620.0,1.14,0,4958
   594 Mireille (A906 FM),MBA,N,N,12.15,9.23,0.3255,4.966,,,0.3556,2.626,1.693,32.54,154.86,77.17,4.83,0.2315,1550.0,0.917,0,5845
   595 Polyxena (A906 FL),OMB,N,N,7.96,90.647,0.145,11.801,,,0.0705,3.206,2.98,17.79,23.69,280.26,216.96,0.1717,2100.0,2.03,0,9184
   596 Scheila (A906 DL),MBA,N,N,8.92,159.726,0.04,15.848,,,0.1595,2.936,2.468,14.63,70.48,177.59,247.97,0.1959,1840.0,1.45,0,8646
   597 Bandusia (A906 HE),MBA,N,N,9.32,36.06,0.2361,7.6636,,,0.1434,2.672,2.289,12.8,36.45,307.27,25.09,0.2257,1600.0,1.31,0,9825
   598 Octavia (A906 GC),MBA,N,N,9.65,78.237,0.044,10.8903,,,0.2509,2.759,2.067,12.23,91.48,291.94,174.45,0.215,1670.0,1.11,0,7375
   599 Luisa (A906 HF),MBA,N,N,8.68,70.249,0.115,9.566,,,0.2928,2.771,1.96,16.72,44.14,294.11,238.21,0.2137,1680.0,1.02,0,7413
   600 Musa (A906 LA),MBA,N,N,10.27,25.115,0.227,5.8856,,,0.0536,2.662,2.519,10.21,139.16,113.22,201.55,0.227,1590.0,1.52,0,14517
   601 Nerthus (A906 MC),MBA,N,N,9.66,75.535,0.043,13.59,,,0.107,3.136,2.8,16.15,169.23,161.79,147.39,0.1775,2030.0,1.79,0,6236
   602 Marianna (A906 DJ),MBA,N,N,8.65,110.444,0.067,35.195,,,0.2519,3.08,2.304,15.12,331.39,45.58,135.16,0.1823,1970.0,1.33,0,8440
   603 Timandra (A906 DG),MBA,N,N,11.86,13.73,0.1354,330.5,,,0.1738,2.538,2.097,8.03,343.35,161.19,193.91,0.2437,1480.0,1.11,0,5416
   604 Tekmessa (A906 DH),MBA,N,N,9.58,64.536,0.09,5.5596,,,0.1919,3.156,2.551,4.42,11.81,28.88,230.46,0.1758,2050.0,1.56,0,9102
   605 Juvisia (A906 QJ),MBA,N,N,10.05,69.86,0.0397,15.851,,,0.1359,3.001,2.593,19.64,342.62,15.6,16.76,0.1896,1900.0,1.59,0,7125
   606 Brangane (A906 SK),MBA,N,N,10.39,35.758,0.096,12.295,,,0.2207,2.587,2.016,8.6,318.41,58.21,220.17,0.2369,1520.0,1.03,0,8634
   607 Jenny (A906 SH),MBA,N,N,9.97,67.52,0.039,8.521,,,0.0778,2.852,2.63,10.09,284.98,292.27,50.02,0.2046,1760.0,1.64,0,6858
   608 Adolfine (A916 OH),MBA,N,N,10.84,20.365,0.245,8.3458,,,0.1235,3.023,2.65,9.37,293.72,69.85,239.12,0.1875,1920.0,1.66,0,5770
   609 Fulvia (A906 SL),MBA,N,N,10.41,54.17,0.0602,35.375,,,0.0383,3.086,2.968,4.19,165.16,107.66,78.35,0.1818,1980.0,1.95,0,8413
   610 Valeska (A906 SN),MBA,N,N,12.51,19.153,0.074,4.9047,,,0.2517,3.094,2.315,12.6,20.05,1.84,351.04,0.1811,1990.0,1.32,0,6549
   611 Valeria (A906 SM),MBA,N,N,9.47,57.468,0.124,6.977,,,0.1248,2.979,2.607,13.44,189.35,256.45,4.39,0.1917,1880.0,1.66,0,10584
   612 Veronika (A906 TC),MBA,N,N,10.87,38.767,0.062,8.243,,,0.2616,3.154,2.329,20.91,202.57,123.01,140.23,0.1759,2050.0,1.39,0,9230
   613 Ginevra (A906 TD),MBA,N,N,9.85,81.344,0.028,12.906,,,0.0564,2.921,2.756,7.67,354.49,66.9,281.55,0.1975,1820.0,1.78,0,15120
   614 Pia (A906 TE),MBA,N,N,11.03,29.191,0.094,4.572,,,0.1086,2.694,2.401,7.02,217.04,210.4,303.41,0.2229,1610.0,1.42,0,5873
   615 Roswitha (A906 TF),MBA,N,N,10.48,48.626,0.02,4.422,,,0.1105,2.631,2.34,2.76,13.39,246.42,83.62,0.2309,1560.0,1.33,0,11001
   616 Elly (A906 UK),MBA,N,N,10.6,21.17,0.211,5.297,,,0.0611,2.554,2.398,14.96,355.93,108.68,358.97,0.2415,1490.0,1.45,0,6793
   617 Patroclus (A906 UL),TJN,N,N,8.22,140.362,0.047,102.8,,,0.1394,5.206,4.48,22.06,44.35,308.77,42.12,0.08297,4340.0,3.53,0,6339
   618 Elfriede (A906 UM),MBA,N,N,8.54,131.292,0.05,14.791,,,0.0684,3.191,2.973,17.06,110.81,230.2,7.82,0.1729,2080.0,1.99,0,13802
   619 Triberga (A906 UN),MBA,N,N,9.87,29.051,0.219,29.311,,,0.0745,2.52,2.333,13.81,187.43,177.42,307.43,0.2463,1460.0,1.33,0,8028
   620 Drakonia (A906 UO),MBA,N,N,10.98,11.385,0.419,5.487,,,0.1356,2.435,2.105,7.74,359.82,336.72,169.53,0.2593,1390.0,1.1,0,9755
   621 Werdandi (A906 VM),MBA,N,N,11.14,29.726,0.127,11.776,,,0.1366,3.127,2.699,2.3,66.64,37.07,180.43,0.1783,2020.0,1.72,0,7227
   622 Esther (A906 VN),MBA,N,N,10.33,21.874,0.316,47.413,,,0.243,2.415,1.828,8.64,141.88,257.02,266.57,0.2626,1370.0,0.857,0,6803
   623 Chimaera (A907 BC),MBA,N,N,10.85,44.09,0.0372,14.635,,,0.1116,2.461,2.186,14.13,308.28,125.09,333.18,0.2553,1410.0,1.23,0,6381
   624 Hektor (A907 CF),TJN,N,N,7.32,225.0,0.025,6.924,,,0.0243,5.276,5.148,18.15,342.8,180.68,9.23,0.08132,4430.0,4.16,0,8169
   625 Xenia (A907 CG),MBA,N,N,9.96,28.287,0.221,21.017,,,0.2271,2.645,2.045,12.08,127.51,200.49,33.0,0.2291,1570.0,1.04,0,5893
   626 Notburga (A907 CH),MBA,N,N,9.22,73.236,0.032,19.353,,,0.2417,2.574,1.952,25.37,341.56,43.66,8.61,0.2387,1510.0,1.0,0,4987
   627 Charis (A907 EJ),MBA,N,N,9.87,38.018,0.047,27.888,,,0.0625,2.899,2.718,6.48,142.22,178.81,195.39,0.1997,1800.0,1.7,0,6004
   628 Christine (A907 EK),MBA,N,N,9.23,48.239,0.12,16.1783,,,0.0426,2.581,2.471,11.52,112.08,204.97,55.42,0.2377,1510.0,1.46,0,5859
   629 Bernardina (A907 EL),MBA,N,N,10.07,35.087,0.14,3.763,,,0.1607,3.132,2.628,9.24,86.33,38.52,172.63,0.1778,2020.0,1.65,0,6340
   630 Euphemia (A907 EM),MBA,N,N,11.2,15.542,0.291,350.0,,,0.1123,2.625,2.33,13.87,105.34,38.94,343.24,0.2318,1550.0,1.36,0,12122
   631 Philippina (A907 FD),MBA,N,N,8.62,50.491,0.229,5.899,,,0.085,2.792,2.554,18.9,224.52,279.39,214.2,0.2113,1700.0,1.64,0,6352
   632 Pyrrha (A907 GY),MBA,N,N,11.47,14.419,0.195,4.1167,,,0.1914,2.663,2.153,2.22,356.43,252.39,85.3,0.2269,1590.0,1.14,0,7733
   633 Zelima (A907 JH),MBA,N,N,9.96,33.387,0.203,11.73,,,0.086,3.022,2.762,10.92,147.07,192.24,129.82,0.1876,1920.0,1.75,0,6059
   634 Ute (A907 JJ),MBA,N,N,9.9,74.017,0.043,11.7554,,,0.1805,3.049,2.499,12.29,133.17,221.05,5.41,0.1851,1940.0,1.51,0,11999
   635 Vundtia (A907 LA),MBA,N,N,9.29,94.415,0.034,11.79,,,0.0786,3.141,2.894,11.01,182.83,229.04,316.96,0.177,2030.0,1.92,0,13003
   636 Erika (A907 CE),MBA,N,N,9.7,73.147,0.048,14.603,,,0.1715,2.914,2.415,7.91,34.37,299.52,134.9,0.1981,1820.0,1.42,0,8860
   637 Chrysothemis (A907 EN),MBA,N,N,11.55,24.194,0.08,3.7,,,0.1182,3.177,2.802,0.24,351.24,181.09,27.79,0.174,2070.0,1.81,0,6245
   638 Moira (A917 RC),MBA,N,N,10.09,59.594,0.06,9.8768,,,0.1623,2.733,2.29,7.71,103.09,128.44,75.99,0.2181,1650.0,1.29,0,9438
   639 Latona (A907 OA),MBA,N,N,8.34,78.509,0.123,6.193,,,0.1107,3.013,2.68,8.57,279.66,69.8,174.39,0.1884,1910.0,1.69,0,8904
   640 Brambilla (A907 QA),MBA,N,N,9.32,62.667,0.055,7.768,,,0.0784,3.16,2.913,13.37,234.86,28.62,75.06,0.1754,2050.0,1.9,0,9529
   641 Agnes (A907 RH),MBA,N,N,12.39,9.446,0.217,178.0,,,0.1283,2.22,1.935,1.71,40.97,18.0,208.98,0.298,1210.0,0.947,0,5703
   642 Clara (A907 RJ),MBA,N,N,10.1,33.36,0.1617,8.2308,,,0.1288,3.187,2.776,8.17,5.24,121.13,172.87,0.1733,2080.0,1.8,0,10362
   643 Scheherezade (A907 RK),OMB,N,N,9.87,64.997,0.058,14.161,,,0.0572,3.369,3.176,13.76,252.12,225.19,351.91,0.1594,2260.0,2.21,0,8867
   644 Cosima (A907 RG),MBA,N,N,10.77,17.016,0.271,7.556,,,0.1545,2.601,2.199,1.04,109.98,269.26,76.33,0.235,1530.0,1.2,0,7267
   645 Agrippina (A907 RP),OMB,N,N,9.98,28.916,0.213,53.436,,,0.139,3.216,2.769,7.07,359.21,89.16,179.08,0.1709,2110.0,1.8,0,11734
   646 Kastalia (A907 RL),MBA,N,N,12.63,8.153,0.269,3.1259,,,0.2134,2.326,1.829,6.9,302.75,38.26,131.44,0.2779,1300.0,0.825,0,7529
   647 Adelgunde (A907 RM),MBA,N,N,11.18,9.725,0.508,32.202,,,0.193,2.443,1.971,7.32,254.55,175.84,292.45,0.2582,1390.0,0.985,0,5971
   648 Pippa (A907 RN),MBA,N,N,9.57,68.27,0.0509,9.263,,,0.2031,3.196,2.547,9.88,290.77,180.99,189.8,0.1725,2090.0,1.56,0,5764
   649 Josefa (A907 RO),MBA,N,N,12.88,7.726,0.345,10.481,,,0.2782,2.547,1.838,12.71,356.99,349.49,18.71,0.2425,1480.0,0.832,0,9323
   650 Amalasuntha (A907 TL),MBA,N,N,12.64,18.609,0.027,16.582,,,0.1842,2.458,2.006,2.56,215.49,178.76,233.74,0.2557,1410.0,1.01,0,5226
   651 Antikleia (A907 TK),MBA,N,N,10.14,31.895,0.172,20.299,,,0.1005,3.022,2.718,10.76,37.95,352.31,173.07,0.1876,1920.0,1.72,0,8224
   652 Jubilatrix (A907 VS),MBA,N,N,11.0,15.595,0.2,2.6627,,,0.1258,2.555,2.234,15.73,86.13,276.78,4.64,0.2413,1490.0,1.3,0,5655
   653 Berenike (A907 WC),MBA,N,N,9.36,49.793,0.085,12.4886,,,0.0451,3.014,2.878,11.29,132.74,61.32,70.57,0.1883,1910.0,1.9,0,8886
   654 Zelinda (A908 AM),MBA,N,N,8.6,160.736,0.027,31.735,,,0.2316,2.297,1.765,18.1,278.32,214.58,293.75,0.2832,1270.0,0.803,0,5552
   655 Briseis (A907 VT),MBA,N,N,10.0,29.057,0.302,160.66,,,0.0838,2.99,2.74,6.51,129.82,282.25,292.55,0.1906,1890.0,1.76,0,7543
   656 Beagle (A917 ST),MBA,N,N,10.04,62.604,0.045,7.035,,,0.1301,3.156,2.745,0.52,184.16,329.23,336.31,0.1758,2050.0,1.76,0,6346
   657 Gunlod (A908 BK),MBA,N,N,11.33,39.401,0.044,15.6652,,,0.1127,2.613,2.318,10.24,297.5,244.02,282.53,0.2334,1540.0,1.34,0,10360
   658 Asteria (A908 BL),MBA,N,N,10.47,21.894,0.192,21.034,,,0.0616,2.855,2.679,1.5,350.93,59.13,216.56,0.2043,1760.0,1.69,0,6309
   659 Nestor (A908 FE),TJN,N,N,8.69,112.32,0.035,15.98,,,0.1157,5.17,4.572,4.52,350.76,343.68,182.77,0.08385,4290.0,3.56,0,6988
   660 Crescentia (A908 AN),MBA,N,N,9.19,42.302,0.332,7.9116,,,0.1088,2.533,2.257,15.2,156.76,107.18,295.36,0.2445,1470.0,1.29,0,9565
   661 Cloelia (A908 DD),MBA,N,N,9.73,40.081,0.182,5.536,,,0.039,3.015,2.898,9.25,335.56,183.45,166.21,0.1882,1910.0,1.91,0,7905
   662 Newtonia (A908 FF),MBA,N,N,10.42,22.127,0.228,21.095,,,0.2186,2.552,1.994,4.13,133.53,166.05,225.53,0.2418,1490.0,0.977,0,12128
   663 Gerlinde (A908 MB),MBA,N,N,9.16,107.795,0.031,10.251,,,0.1475,3.064,2.612,17.93,232.3,314.63,35.89,0.1838,1960.0,1.64,0,6583
   664 Judith (A908 MC),MBA,N,N,9.93,85.214,0.04,19.306,,,0.2416,3.179,2.411,8.57,170.29,103.08,254.53,0.1739,2070.0,1.41,0,7593
   665 Sabine (A908 OE),MBA,N,N,8.63,51.09,0.3895,4.294,,,0.1723,3.144,2.602,14.75,298.39,317.83,32.53,0.1768,2040.0,1.61,0,6082
   666 Desdemona (A908 OG),MBA,N,N,10.7,32.741,0.095,14.608,,,0.2363,2.594,1.981,7.58,215.29,174.14,344.97,0.2359,1530.0,0.986,0,9402
   667 Denise (A908 OF),MBA,N,N,9.4,88.63,0.062,12.687,,,0.188,3.187,2.588,25.37,153.14,304.94,76.48,0.1732,2080.0,1.68,0,7860
   668 Dora (A908 OH),MBA,N,N,12.12,21.517,0.042,22.914,,,0.2341,2.795,2.141,6.84,214.37,113.03,20.54,0.2109,1710.0,1.14,0,6975
   669 Kypria (A908 QF),MBA,N,N,10.05,29.227,0.112,14.283,,,0.0764,3.016,2.786,10.79,170.35,119.73,193.72,0.1881,1910.0,1.79,0,6097
   670 Ottegebe (A908 QG),MBA,N,N,9.46,35.886,0.165,10.045,,,0.1916,2.805,2.267,7.54,174.56,195.02,327.91,0.2098,1720.0,1.27,0,7783
   671 Carnegia (A908 SJ),MBA,N,N,10.33,60.604,0.028,8.332,,,0.0613,3.094,2.905,8.01,0.37,88.07,108.1,0.1811,1990.0,1.94,0,8869
   672 Astarte (A908 SH),MBA,N,N,11.57,35.584,0.033,22.572,,,0.1365,2.555,2.206,11.11,343.77,309.04,299.13,0.2414,1490.0,1.21,0,8291
   673 Edda (A908 SG),MBA,N,N,10.14,37.622,0.092,22.34,,,0.0089,2.815,2.79,2.88,226.39,256.6,168.46,0.2087,1730.0,1.8,0,7549
   674 Rachele (A908 UK),MBA,N,N,7.43,96.171,0.206,30.982,,,0.1931,2.924,2.36,13.51,58.07,41.15,99.16,0.1971,1830.0,1.39,0,6002
   676 Melitta (A909 BO),MBA,N,N,9.63,78.369,0.049,16.743,,,0.1226,3.067,2.691,12.85,150.1,186.31,112.84,0.1835,1960.0,1.68,0,11228
   677 Aaltje (A909 BP),MBA,N,N,9.65,32.403,0.313,16.608,,,0.0467,2.959,2.821,8.49,272.65,273.45,291.98,0.1936,1860.0,1.84,0,10494
   678 Fredegundis (A909 BQ),MBA,N,N,9.35,39.585,0.344,11.61624,,,0.2201,2.572,2.006,6.1,281.06,121.06,165.14,0.239,1510.0,1.02,0,8357
   679 Pax (A909 BR),MBA,N,N,9.14,63.909,0.11,8.452,,,0.3102,2.586,1.783,24.42,112.07,267.02,118.48,0.2371,1520.0,0.959,0,7014
   680 Genoveva (A909 HF),MBA,N,N,9.55,83.92,0.0474,11.089,,,0.2992,3.133,2.196,17.52,37.89,245.48,265.41,0.1777,2030.0,1.24,0,9122
   681 Gorgo (A909 JB),MBA,N,N,10.73,20.39,0.24,6.4606,,,0.0999,3.108,2.798,12.57,177.82,115.62,39.18,0.1799,2000.0,1.81,0,5931
   683 Lanzia (A909 OA),MBA,N,N,8.83,83.04,0.053,8.63,,,0.0591,3.114,2.93,18.53,259.63,280.13,172.05,0.1794,2010.0,1.99,0,10413
   684 Hildburg (A909 PB),MBA,N,N,10.88,19.04,0.238,11.91,,,0.0353,2.432,2.346,5.52,336.21,293.97,278.99,0.2599,1380.0,1.33,0,8593
   685 Hermia (A909 PC),MBA,N,N,12.05,10.95,0.2807,50.4,,,0.1972,2.235,1.795,3.65,235.16,80.73,286.53,0.2949,1220.0,0.784,0,8192
   686 Gersuind (A909 QA),MBA,N,N,9.63,55.258,0.078,6.3127,,,0.2677,2.59,1.896,15.69,243.01,88.97,320.42,0.2365,1520.0,0.962,0,6754
   687 Tinette (A909 QB),MBA,N,N,11.63,21.533,0.079,7.3962,,,0.2713,2.724,1.985,14.87,334.29,52.67,287.16,0.2192,1640.0,1.02,0,4576
   688 Melanie (A909 QC),MBA,N,N,10.96,41.614,0.068,18.87,,,0.1378,2.699,2.327,10.24,170.8,139.37,105.01,0.2223,1620.0,1.32,0,8961
   689 Zita (A916 RB),MBA,N,N,12.25,15.621,0.1,6.425,,,0.2289,2.316,1.786,5.74,168.11,188.44,347.75,0.2796,1290.0,0.78,0,6163
   690 Wratislavia (A909 UE),MBA,N,N,8.14,134.65,0.0604,8.64,,,0.1759,3.152,2.598,11.24,253.03,114.62,293.29,0.1761,2040.0,1.62,0,10353
   691 Lehigh (A909 XB),MBA,N,N,9.31,79.451,0.053,12.891,,,0.1256,3.009,2.631,13.02,87.92,303.32,111.97,0.1889,1910.0,1.66,0,8140
   692 Hippodamia (A901 VJ),OMB,N,N,8.98,42.771,0.205,8.9933,,,0.17,3.384,2.808,26.08,63.46,53.42,326.56,0.1584,2270.0,1.89,0,6391
   693 Zerbinetta (A909 SD),MBA,N,N,9.51,82.114,0.055,11.475,,,0.0297,2.943,2.856,14.19,351.69,283.17,90.02,0.1952,1840.0,1.88,0,5917
   694 Ekard (A909 VC),MBA,N,N,9.26,121.891,0.026,5.925,,,0.3228,2.67,1.808,15.9,229.97,111.7,248.43,0.2259,1590.0,0.868,0,8374
   695 Bella (A909 VD),MBA,N,N,9.18,40.62,0.207,14.222,,,0.1597,2.54,2.135,13.85,275.46,79.69,291.77,0.2435,1480.0,1.18,0,8829
   696 Leonora (A916 BD),MBA,N,N,9.48,81.58,0.022,26.8964,,,0.2481,3.175,2.387,13.01,299.41,103.51,181.63,0.1742,2070.0,1.44,0,5880
   697 Galilea (A910 CL),MBA,N,N,9.57,80.14,0.0387,16.538,,,0.1532,2.882,2.44,15.12,15.4,333.37,27.61,0.2015,1790.0,1.44,0,9666
   698 Ernestina (A910 ED),MBA,N,N,11.01,27.037,0.095,5.0363,,,0.1116,2.868,2.548,11.53,40.6,97.62,317.08,0.2029,1770.0,1.59,0,10669
   700 Auravictrix (A910 LD),MBA,N,N,11.16,16.421,0.228,6.075,,,0.1038,2.23,1.999,6.79,96.78,101.44,289.46,0.2959,1220.0,1.01,0,10192
   701 Oriola (A910 ND),MBA,N,N,9.29,42.943,0.191,9.09,,,0.038,3.014,2.9,7.13,243.53,324.33,96.11,0.1883,1910.0,1.89,0,9069
   702 Alauda (A910 OA),MBA,N,N,7.47,190.98,0.061,16.7072,,,0.0155,3.192,3.143,20.6,289.71,352.37,106.75,0.1728,2080.0,2.13,0,10049
   703 Noemi (A910 TD),MBA,N,N,12.49,7.25,0.368,200.0,,,0.1373,2.175,1.876,2.46,213.72,174.77,309.14,0.3073,1170.0,0.88,0,6349
   704 Interamnia (A910 TC),MBA,N,N,6.34,306.313,0.078,8.727,5.0,,0.1552,3.056,2.582,17.32,280.17,94.11,184.21,0.1845,1950.0,1.65,0,8121
   705 Erminia (A910 TE),MBA,N,N,8.47,132.261,0.031,53.68,,,0.0519,2.922,2.77,25.02,2.76,102.55,298.1,0.1973,1820.0,1.86,0,8925
   706 Hirundo (A910 TF),MBA,N,N,11.12,30.819,0.081,22.027,,,0.1956,2.727,2.193,14.43,325.27,30.88,202.27,0.2189,1640.0,1.2,0,9174
   707 Steina (A910 YA),MBA,N,N,12.19,9.003,0.315,414.0,,,0.108,2.18,1.945,4.27,281.83,90.66,316.05,0.3061,1180.0,0.95,0,6368
   708 Raphaela (A911 CB),MBA,N,N,10.54,21.43,0.2193,20.918,,,0.0859,2.67,2.441,3.48,355.05,200.16,53.82,0.2259,1590.0,1.44,0,6847
   709 Fringilla (A911 CC),MBA,N,N,9.16,95.173,0.034,52.4,,,0.1157,2.913,2.576,16.28,324.19,19.37,168.01,0.1982,1820.0,1.57,0,7994
   710 Gertrud (A911 DB),MBA,N,N,11.13,29.208,0.075,8.288,,,0.1305,3.131,2.723,1.75,140.15,99.5,188.15,0.1779,2020.0,1.71,0,6214
   711 Marmulla (A911 EA),MBA,N,N,11.86,9.026,0.453,2.721,,,0.1962,2.237,1.798,6.09,357.0,300.22,346.65,0.2946,1220.0,0.79,0,6283
   712 Boliviana (A911 FF),MBA,N,N,8.58,124.125,0.039,11.7426,,,0.185,2.576,2.1,12.76,230.68,181.72,309.59,0.2384,1510.0,1.11,0,6316
   713 Luscinia (A911 HG),OMB,N,N,9.08,97.968,0.048,9.9143,,,0.1542,3.403,2.878,10.34,217.45,138.66,306.78,0.157,2290.0,1.88,0,7960
   714 Ulula (A911 KG),MBA,N,N,9.03,41.343,0.26,6.998,,,0.0558,2.535,2.394,14.27,233.68,233.59,237.1,0.2442,1470.0,1.43,0,6447
   715 Transvaalia (A911 HH),MBA,N,N,10.03,25.458,0.273,11.83,,,0.0858,2.766,2.529,13.82,46.03,300.26,199.53,0.2142,1680.0,1.55,0,7730
   716 Berkeley (A911 OC),MBA,N,N,10.9,19.768,0.17,15.588,,,0.0868,2.812,2.568,8.49,145.87,55.7,195.23,0.209,1720.0,1.58,0,11623
   717 Wisibada (A911 QK),MBA,N,N,10.89,27.656,0.086,,,,0.2651,3.134,2.303,1.65,343.38,24.19,146.01,0.1777,2030.0,1.3,0,6475
   718 Erida (A911 SA),MBA,N,N,9.7,70.911,0.042,17.447,,,0.1924,3.07,2.479,6.89,38.34,174.74,271.34,0.1832,1960.0,1.47,0,5767
   720 Bohlinia (A911 UL),MBA,N,N,9.69,33.73,0.2029,8.919,,,0.0183,2.89,2.837,2.35,35.6,102.87,329.18,0.2006,1790.0,1.85,0,9934
   721 Tabora (A911 UM),OMB,N,N,9.4,86.309,0.047,7.982,,,0.1179,3.547,3.129,8.32,38.36,353.26,359.21,0.1475,2440.0,2.13,0,9941
   722 Frieda (A911 UN),MBA,N,N,12.48,8.257,0.252,131.1,,,0.1455,2.172,1.856,5.64,45.64,257.42,303.45,0.308,1170.0,0.849,0,12892
   723 Hammonia (A911 UO),MBA,N,N,10.15,23.456,0.352,5.436,,,0.0563,2.992,2.824,4.99,163.16,251.62,352.82,0.1904,1890.0,1.84,0,11862
   724 Hapag (A911 UP),MBA,N,N,13.87,9.492,0.103,3.1305,,,0.2508,2.455,1.839,11.71,204.22,205.7,224.87,0.2562,1400.0,0.855,0,3161
   725 Amanda (A911 UQ),MBA,N,N,11.78,23.687,0.068,3.749,,,0.2214,2.573,2.003,3.79,68.65,323.15,232.67,0.2388,1510.0,1.01,0,6845
   726 Joella (A911 WC),MBA,N,N,10.6,44.02,0.0539,13.04,,,0.2847,2.566,1.836,15.44,241.94,113.15,298.93,0.2398,1500.0,0.893,0,6490
   727 Nipponia (A912 CF),MBA,N,N,9.62,32.17,0.2423,5.0687,,,0.1037,2.567,2.301,15.06,133.02,274.77,305.69,0.2396,1500.0,1.37,0,7561
   728 Leonisis (A912 DB),MBA,N,N,12.86,5.887,0.16,5.5783,,,0.0874,2.254,2.057,4.26,82.55,55.98,227.28,0.2913,1240.0,1.07,0,5737
   729 Watsonia (A912 CE),MBA,N,N,9.55,50.025,0.133,25.23,,,0.0958,2.761,2.496,18.05,124.3,86.91,235.63,0.2149,1680.0,1.57,0,18119
   730 Athanasia (A912 GG),MBA,N,N,13.74,4.497,0.289,5.7348,,,0.1767,2.244,1.848,4.23,95.05,123.27,279.38,0.2931,1230.0,0.843,0,5494
   731 Sorga (A912 GH),MBA,N,N,9.73,34.597,0.209,8.184,,,0.1435,2.984,2.556,10.7,46.08,287.63,223.98,0.1912,1880.0,1.57,0,8109
   732 Tjilaki (A912 HK),MBA,N,N,10.65,29.791,0.138,12.322,,,0.0449,2.456,2.345,11.0,173.29,62.97,153.82,0.2561,1410.0,1.36,0,11545
   733 Mocia (A912 SA),OMB,N,N,9.31,98.493,0.044,11.374,,,0.0587,3.395,3.196,20.29,340.96,188.14,235.29,0.1575,2290.0,2.2,0,9735
   734 Benda (A912 TF),MBA,N,N,9.95,67.318,0.051,7.11,,,0.1026,3.149,2.826,5.8,2.96,65.08,46.28,0.1764,2040.0,1.85,0,6816
   735 Marghanna (A912 XD),MBA,N,N,9.88,67.976,0.059,20.625,,,0.3208,2.731,1.855,16.86,42.9,310.08,63.31,0.2183,1650.0,0.896,0,9268
   736 Harvard (A912 WC),MBA,N,N,11.4,17.111,0.133,6.742,,,0.1658,2.202,1.837,4.38,135.86,200.54,272.01,0.3017,1190.0,0.826,0,11224
   737 Arequipa (A912 XC),MBA,N,N,8.91,47.804,0.231,7.0259,,,0.244,2.593,1.96,12.36,184.56,134.51,108.47,0.2361,1520.0,0.968,0,5555
   738 Alagasta (A913 AF),MBA,N,N,10.02,62.79,0.0398,17.89,,,0.0564,3.035,2.864,3.53,131.92,50.53,50.79,0.1864,1930.0,1.87,0,6713
   739 Mandeville (A913 CH),MBA,N,N,8.85,104.517,0.051,23.92,,,0.1423,2.74,2.35,20.67,136.48,44.4,297.76,0.2173,1660.0,1.39,0,15664
   740 Cantabia (A913 CK),MBA,N,N,9.16,90.9,0.0552,64.453,,,0.1047,3.055,2.735,10.82,115.48,52.22,37.44,0.1846,1950.0,1.76,0,7791
   741 Botolphia (A913 CJ),MBA,N,N,10.05,29.64,0.1391,23.9101,,,0.0666,2.72,2.539,8.42,100.55,62.66,35.71,0.2197,1640.0,1.56,0,8015
   742 Edisona (A913 DC),MBA,N,N,9.6,47.087,0.121,18.579,,,0.1143,3.014,2.669,11.2,64.13,283.92,346.38,0.1884,1910.0,1.69,0,8679
   743 Eugenisis (A913 DD),MBA,N,N,10.28,51.072,0.068,10.23,,,0.0592,2.792,2.627,4.84,228.9,183.69,149.65,0.2112,1700.0,1.64,0,5690
   744 Aguntina (A913 DE),MBA,N,N,10.36,58.636,0.031,17.47,,,0.1119,3.18,2.824,7.72,142.34,27.79,321.12,0.1738,2070.0,1.83,0,7074
   745 Mauritia (A913 EH),OMB,N,N,10.59,24.711,0.2,9.945,,,0.0436,3.259,3.117,13.29,125.47,38.13,67.57,0.1675,2150.0,2.14,0,8197
   746 Marlu (A913 EJ),MBA,N,N,9.94,74.274,0.032,7.787,,,0.2354,3.111,2.379,17.48,1.9,306.98,59.24,0.1796,2000.0,1.41,0,8784
   747 Winchester (A913 EK),MBA,N,N,8.03,171.71,0.0503,9.4146,,,0.3397,2.999,1.98,18.22,129.05,277.65,341.52,0.1898,1900.0,1.08,0,17697
   748 Simeisa (A913 EL),OMB,N,N,9.08,103.714,0.041,11.905,,,0.1897,3.952,3.203,2.26,265.39,177.99,214.76,0.1254,2870.0,2.22,0,8176
   749 Malzovia (A913 GD),MBA,N,N,11.59,11.065,0.27,5.9274,,,0.1741,2.243,1.852,5.39,109.71,128.77,156.07,0.2934,1230.0,0.844,0,8125
   750 Oskar (A913 HF),MBA,N,N,12.31,22.526,0.06,6.2584,,,0.1291,2.444,2.128,3.95,69.54,73.52,229.37,0.258,1400.0,1.14,0,7488
   751 Faina (A913 HE),MBA,N,N,8.94,113.699,0.027,23.678,,,0.1515,2.552,2.165,15.6,78.81,302.93,56.45,0.2418,1490.0,1.21,0,15399
   752 Sulamitis (A913 HG),MBA,N,N,10.25,60.171,0.045,27.367,,,0.0729,2.463,2.283,5.96,85.05,22.99,144.93,0.255,1410.0,1.3,0,6216
   753 Tiflis (A913 HH),MBA,N,N,10.32,20.922,0.333,9.85,,,0.2197,2.331,1.819,10.07,61.29,203.22,209.29,0.2769,1300.0,0.807,0,9124
   754 Malabar (A906 QH),MBA,N,N,9.29,94.522,0.042,11.732,,,0.0517,2.986,2.832,24.55,179.89,303.17,254.85,0.191,1880.0,1.88,0,9389
   755 Quintilla (A908 GC),MBA,N,N,9.71,41.21,0.124,4.552,,,0.1293,3.194,2.781,3.23,175.82,48.24,276.6,0.1726,2090.0,1.77,0,6725
   756 Lilliana (A908 HD),MBA,N,N,9.99,64.837,0.057,7.834,,,0.148,3.196,2.723,20.35,208.03,3.83,148.98,0.1725,2090.0,1.72,0,7899
   757 Portlandia (A908 TG),MBA,N,N,10.05,32.894,0.217,6.5837,,,0.1082,2.373,2.116,8.17,22.42,44.35,329.94,0.2696,1340.0,1.14,0,5675
   758 Mancunia (A912 KB),MBA,N,N,8.36,88.985,0.121,12.7253,,,0.1482,3.191,2.718,5.61,106.01,313.23,130.99,0.1729,2080.0,1.73,0,6038
   759 Vinifera (A913 QC),MBA,N,N,10.82,52.926,0.036,14.229,,,0.207,2.617,2.076,19.93,318.21,1.39,184.16,0.2328,1550.0,1.06,0,11336
   760 Massinga (A913 QD),MBA,N,N,7.87,71.29,0.2276,10.72,,,0.2345,3.147,2.409,12.54,331.53,200.25,170.09,0.1765,2040.0,1.42,0,5670
   761 Brendelia (A913 RE),MBA,N,N,10.83,20.763,0.156,57.96,,,0.0616,2.863,2.686,2.15,23.7,298.68,86.06,0.2035,1770.0,1.67,0,9460
   762 Pulcova (A913 RD),MBA,N,N,8.43,147.343,0.04,5.839,,,0.1078,3.152,2.812,13.1,305.51,188.71,227.77,0.1761,2040.0,1.83,0,11519
   763 Cupido (A913 SE),MBA,N,N,12.68,7.005,0.322,151.5,,,0.1664,2.24,1.867,4.08,289.77,89.02,147.05,0.294,1220.0,0.874,0,8876
   764 Gedania (A913 SF),MBA,N,N,9.67,58.28,0.084,24.968,,,0.0923,3.196,2.901,10.0,258.74,159.32,225.17,0.1725,2090.0,1.92,0,7082
   765 Mattiaca (A917 SS),MBA,N,N,12.52,7.991,0.303,3.464,,,0.2852,2.545,1.819,5.53,326.25,71.83,192.61,0.2428,1480.0,0.835,0,6783
   766 Moguntia (A913 SH),MBA,N,N,9.86,41.044,0.223,4.8164,,,0.0967,3.019,2.727,10.08,7.69,69.08,75.95,0.1879,1920.0,1.76,0,5441
   767 Bondia (A913 SD),MBA,N,N,10.17,43.039,0.095,8.3402,,,0.1867,3.118,2.536,2.41,79.27,269.04,134.55,0.179,2010.0,1.53,0,6389
   768 Struveana (A913 TC),MBA,N,N,10.22,32.597,0.137,10.753,,,0.2149,3.137,2.463,16.27,38.87,16.83,22.19,0.1774,2030.0,1.48,0,5013
   769 Tatjana (A913 TD),MBA,N,N,9.17,96.72,0.052,35.08,,,0.1865,3.169,2.578,7.37,38.37,252.91,326.3,0.1747,2060.0,1.57,0,9332
   770 Bali (A913 UG),MBA,N,N,10.93,16.388,0.272,5.819,,,0.1506,2.221,1.887,4.38,44.65,18.17,292.25,0.2978,1210.0,0.9,0,6193
   771 Libera (A913 WB),MBA,N,N,10.46,29.322,0.123,5.892,,,0.2478,2.651,1.994,14.89,217.84,228.74,322.64,0.2284,1580.0,1.04,0,11468
   772 Tanete (A913 YD),MBA,N,N,8.45,126.473,0.028,17.258,,,0.0953,3.0,2.714,28.83,63.72,145.47,89.41,0.1897,1900.0,1.73,0,8959
   773 Irmintraud (A913 YF),MBA,N,N,9.13,91.672,0.048,6.7514,,,0.0791,2.86,2.634,16.69,322.09,335.06,190.38,0.2038,1770.0,1.62,0,8774
   774 Armor (A913 YE),MBA,N,N,9.05,50.214,0.189,25.194,,,0.1649,3.051,2.548,5.56,250.07,29.06,149.63,0.1849,1950.0,1.53,0,10479
   775 Lumiere (A914 AA),MBA,N,N,10.29,31.958,0.111,6.103,,,0.0664,3.014,2.814,9.26,297.5,171.66,151.43,0.1884,1910.0,1.83,0,6358
   776 Berbericia (A914 BE),MBA,N,N,7.71,151.711,0.065,7.668,,,0.1652,2.93,2.446,18.25,79.64,306.21,184.69,0.1965,1830.0,1.5,0,6481
   777 Gutemberga (A914 BF),OMB,N,N,9.77,71.749,0.042,12.838,,,0.1171,3.217,2.841,12.91,282.96,265.04,59.83,0.1708,2110.0,1.88,0,6091
   778 Theobalda (A914 BG),MBA,N,N,9.88,55.317,0.079,11.659,,,0.2569,3.178,2.362,13.72,321.19,135.18,254.09,0.1739,2070.0,1.4,0,9382
   779 Nina (A914 BH),MBA,N,N,7.96,80.572,0.157,11.186,,,0.2263,2.665,2.062,14.57,283.7,49.1,34.72,0.2266,1590.0,1.08,0,4784
   780 Armenia (A914 BJ),MBA,N,N,8.99,126.263,0.028,19.891,,,0.0958,3.114,2.816,19.08,144.78,211.65,239.08,0.1793,2010.0,1.82,0,6789
   781 Kartvelia (A914 BK),OMB,N,N,9.48,72.927,0.048,19.04,,,0.1199,3.215,2.829,19.14,137.99,154.14,285.13,0.171,2110.0,1.82,0,6314
   782 Montefiore (A914 FA),MBA,N,N,11.34,14.158,0.224,4.0728,,,0.0394,2.18,2.094,5.26,80.41,82.13,271.88,0.3062,1180.0,1.11,0,7459
   783 Nora (A914 FB),MBA,N,N,11.11,38.719,0.034,55.53,,,0.231,2.342,1.801,9.34,142.01,154.68,326.87,0.275,1310.0,0.789,0,6265
   784 Pickeringia (A914 FC),MBA,N,N,9.3,75.596,0.086,13.169,,,0.2409,3.098,2.352,12.28,14.89,237.78,99.08,0.1808,1990.0,1.36,0,6491
   785 Zwetana (A914 FD),MBA,N,N,9.45,49.46,0.12,8.8882,,,0.207,2.571,2.039,12.79,71.74,132.47,0.54,0.2391,1510.0,1.05,0,6310
   786 Bredichina (A914 HD),MBA,N,N,8.87,108.309,0.052,29.434,,,0.1525,3.192,2.705,14.52,89.65,134.19,254.69,0.1728,2080.0,1.72,0,6331
   787 Moskva (A914 HC),MBA,N,N,9.63,27.927,0.19,6.056,,,0.1289,2.54,2.213,14.85,183.78,126.21,126.88,0.2434,1480.0,1.23,0,6071
   788 Hohensteina (A914 HE),MBA,N,N,8.78,111.295,0.041,37.137,,,0.1364,3.123,2.698,14.36,177.67,47.4,60.63,0.1785,2020.0,1.71,0,9640
   789 Lena (A914 MA),MBA,N,N,11.34,22.483,0.153,5.848,,,0.1467,2.685,2.291,10.78,232.56,43.39,107.28,0.224,1610.0,1.29,0,7743
   790 Pretoria (A912 BE),OMB,N,N,8.03,170.37,0.0384,10.37,,,0.1563,3.401,2.869,20.57,251.8,37.51,261.19,0.1572,2290.0,1.88,0,6563
   791 Ani (A914 MB),MBA,N,N,9.32,116.865,0.026,11.174,,,0.1917,3.124,2.525,16.38,129.78,201.84,29.59,0.1785,2020.0,1.52,0,9579
   792 Metcalfia (A907 FC),MBA,N,N,10.15,61.804,0.024,9.17,,,0.1307,2.622,2.28,8.63,265.03,226.62,25.22,0.2321,1550.0,1.3,0,5481
   793 Arizona (A907 GZ),MBA,N,N,10.2,26.636,0.196,7.396,,,0.123,2.796,2.452,15.78,35.94,308.45,5.8,0.2108,1710.0,1.48,0,11294
   794 Irenaea (A914 QB),MBA,N,N,11.41,35.703,0.046,9.14,,,0.2949,3.132,2.208,5.42,160.38,131.22,27.14,0.1778,2020.0,1.2,0,7072
   795 Fini (A914 SF),MBA,N,N,10.05,85.263,0.027,51.4,,,0.0997,2.752,2.478,19.02,17.25,189.9,279.3,0.2159,1670.0,1.47,0,8293
   796 Sarita (A914 UF),MBA,N,N,9.31,43.58,0.209,8.1755,,,0.3193,2.636,1.794,19.05,33.13,329.63,4.47,0.2303,1560.0,0.815,0,14439
   797 Montana (A914 WG),MBA,N,N,10.4,21.197,0.287,4.5463,,,0.0606,2.535,2.381,4.52,238.25,357.49,336.88,0.2442,1470.0,1.37,0,6241
   798 Ruth (A914 WH),MBA,N,N,9.71,43.19,0.1587,8.55,,,0.0356,3.016,2.909,9.22,214.06,52.69,236.15,0.1881,1910.0,1.9,0,8810
   799 Gudula (A915 EA),MBA,N,N,10.25,47.185,0.06,14.814,,,0.0213,2.542,2.488,5.28,164.82,233.25,244.02,0.2432,1480.0,1.49,0,6878
   800 Kressmannia (A915 FG),MBA,N,N,11.33,15.429,0.243,4.464,,,0.2025,2.192,1.748,4.26,325.05,347.68,268.05,0.3037,1190.0,0.733,0,6765
   801 Helwerthia (A915 FH),MBA,N,N,11.57,32.404,0.031,23.93,,,0.0768,2.605,2.405,14.14,185.89,337.45,122.26,0.2344,1540.0,1.41,0,6776
   802 Epyaxa (A915 FJ),MBA,N,N,12.9,7.423,0.292,4.392,,,0.0791,2.196,2.022,5.2,7.7,115.87,50.39,0.3029,1190.0,1.04,0,10847
   803 Picka (A915 FL),MBA,N,N,9.5,46.5,0.1181,5.0742,,,0.0628,3.2,2.999,8.66,250.8,56.34,325.89,0.1722,2090.0,1.99,0,8831
   804 Hispania (A915 FK),MBA,N,N,7.99,137.952,0.054,14.845,,,0.1416,2.837,2.435,15.39,347.54,343.84,259.37,0.2063,1750.0,1.43,0,7456
   805 Hormuthia (A915 HD),MBA,N,N,9.84,73.095,0.039,9.51,,,0.1855,3.197,2.604,15.72,166.33,131.62,0.42,0.1725,2090.0,1.62,0,6663
   806 Gyldenia (A915 HE),OMB,N,N,10.33,83.103,0.023,16.852,,,0.082,3.207,2.944,14.21,43.6,121.75,107.42,0.1716,2100.0,1.98,0,8548
   807 Ceraskia (A915 HF),MBA,N,N,10.62,21.241,0.207,7.368,,,0.0595,3.02,2.84,11.29,131.96,338.06,106.34,0.1878,1920.0,1.86,0,6886
   808 Merxia (A901 TG),MBA,N,N,9.97,30.923,0.213,30.631,,,0.1303,2.745,2.387,4.72,180.91,274.08,28.14,0.2167,1660.0,1.41,0,9328
   809 Lundia (A915 PF),MBA,N,N,12.12,9.45,0.379,15.4142,,,0.192,2.283,1.845,7.14,154.49,196.27,328.11,0.2857,1260.0,0.838,0,6716
   810 Atossa (A915 RS),MBA,N,N,12.52,8.104,0.224,4.385,,,0.1802,2.18,1.787,2.61,152.66,195.94,91.13,0.3063,1180.0,0.779,0,5999
   811 Nauheima (A915 RT),MBA,N,N,10.81,16.105,0.357,4.0011,,,0.0709,2.902,2.696,3.14,130.7,181.45,152.18,0.1994,1810.0,1.68,0,8583
   812 Adele (A915 RU),MBA,N,N,11.74,12.356,0.291,5.8587,,,0.1665,2.659,2.216,13.3,7.14,353.29,140.94,0.2273,1580.0,1.21,0,6375
   813 Baumeia (A915 WJ),MBA,N,N,11.6,11.719,0.256,10.543,,,0.0257,2.224,2.167,6.29,51.87,316.82,99.82,0.2972,1210.0,1.17,0,6686
   814 Tauris (A916 AE),MBA,N,N,8.74,102.229,0.054,36.081,,,0.3044,3.162,2.199,21.79,88.71,296.45,238.37,0.1753,2050.0,1.29,0,6121
   815 Coppelia (A916 CC),MBA,N,N,10.87,16.869,0.644,4.421,,,0.073,2.659,2.465,13.88,56.96,58.46,128.7,0.2273,1580.0,1.51,0,7552
   816 Juliana (A916 CE),MBA,N,N,10.46,50.745,0.043,10.557,,,0.1035,3.005,2.694,14.32,127.56,20.95,27.9,0.1892,1900.0,1.71,0,6922
   817 Annika (A916 CD),MBA,N,N,10.66,22.891,0.187,10.56,,,0.1805,2.59,2.122,11.34,125.41,284.84,174.57,0.2365,1520.0,1.17,0,5621
   818 Kapteynia (A916 DF),MBA,N,N,9.24,64.255,0.1,16.35,,,0.0895,3.173,2.89,15.63,70.66,291.78,273.21,0.1743,2060.0,1.93,0,5803
   819 Barnardiana (A916 EA),MBA,N,N,12.02,8.917,0.277,66.7,,,0.1418,2.198,1.886,4.89,333.1,306.14,131.98,0.3026,1190.0,0.873,0,5973
   820 Adriana (A916 FJ),MBA,N,N,10.37,58.65,0.0204,12.42,,,0.0535,3.134,2.967,5.95,118.26,199.26,163.2,0.1776,2030.0,1.95,0,6336
   821 Fanny (A916 GH),MBA,N,N,11.86,28.856,0.025,236.6,,,0.2088,2.778,2.198,5.39,209.64,33.06,217.12,0.2129,1690.0,1.19,0,7346
   822 Lalage (A916 GJ),MBA,N,N,12.07,8.243,0.349,3.345,,,0.1548,2.256,1.907,0.72,210.03,247.06,204.36,0.2909,1240.0,0.923,0,5624
   823 Sisigambis (A916 GK),MBA,N,N,11.21,14.719,0.298,146.0,,,0.0901,2.221,2.021,3.65,254.96,218.66,108.73,0.2977,1210.0,1.04,0,9904
   824 Anastasia (A916 FF),MBA,N,N,10.22,32.457,0.087,250.0,,,0.1363,2.793,2.412,8.13,141.34,141.17,84.0,0.2112,1700.0,1.4,0,6677
   825 Tanina (A916 FH),MBA,N,N,11.62,13.423,0.275,6.94,,,0.0742,2.226,2.061,3.4,101.37,111.85,346.12,0.2968,1210.0,1.06,0,8493
   826 Henrika (A916 HD),MBA,N,N,11.74,22.556,0.166,5.9846,,,0.2044,2.713,2.158,7.1,230.19,36.56,133.37,0.2206,1630.0,1.15,0,7285
   827 Wolfiana (A916 QG),MBA,N,N,13.14,8.488,0.129,4.0654,,,0.1564,2.275,1.919,3.42,172.85,195.45,287.1,0.2873,1250.0,0.917,0,5272
   828 Lindemannia (A916 QH),MBA,N,N,10.34,47.891,0.057,20.52,,,0.0265,3.19,3.106,1.12,1.77,297.39,116.9,0.173,2080.0,2.09,0,6475
   829 Academia (A916 QF),MBA,N,N,11.18,42.685,0.054,7.891,,,0.1,2.58,2.323,8.28,352.25,42.54,80.68,0.2378,1510.0,1.33,0,9705
   830 Petropolitana (A917 YD),OMB,N,N,9.26,41.328,0.215,39.0,,,0.0663,3.21,2.997,3.8,340.23,91.92,278.98,0.1714,2100.0,2.01,0,9640
   831 Stateira (A916 SD),MBA,N,N,12.99,7.218,0.257,861.0,,,0.1458,2.213,1.89,4.84,178.02,225.21,29.36,0.2995,1200.0,0.901,0,5218
   832 Karin (A916 SE),MBA,N,N,11.22,15.812,0.221,18.348,,,0.0829,2.862,2.625,1.01,253.7,120.45,173.62,0.2035,1770.0,1.62,0,6397
   833 Monica (A916 SF),MBA,N,N,11.34,21.99,0.206,12.09,,,0.1165,3.012,2.661,9.78,352.8,37.41,301.68,0.1885,1910.0,1.67,0,9491
   834 Burnhamia (A916 SG),OMB,N,N,9.42,61.278,0.071,13.875,,,0.197,3.204,2.573,3.96,181.53,95.03,191.0,0.1718,2100.0,1.56,0,7288
   835 Olivia (A916 SH),OMB,N,N,11.54,30.418,0.025,,,,0.0875,3.219,2.938,3.7,308.43,68.13,341.78,0.1706,2110.0,1.94,0,6351
   836 Jole (A916 SJ),MBA,N,N,13.33,5.757,0.194,9.615,,,0.1763,2.19,1.804,4.85,199.74,179.76,228.71,0.3041,1180.0,0.805,0,8274
   837 Schwarzschilda (A916 SK),MBA,N,N,12.48,5.968,0.467,103.432,,,0.0411,2.299,2.205,6.74,199.92,173.76,102.87,0.2828,1270.0,1.2,0,8408
   838 Seraphina (A916 SL),MBA,N,N,10.26,58.095,0.048,11.69,,,0.1308,2.899,2.52,10.42,240.02,117.89,53.72,0.1997,1800.0,1.54,0,10038
   839 Valborg (A916 SM),MBA,N,N,10.73,20.39,0.3534,10.366,,,0.1524,2.615,2.216,12.6,338.15,339.23,335.96,0.2331,1540.0,1.21,0,8608
   840 Zenobia (A916 SN),MBA,N,N,10.06,27.306,0.232,5.565,,,0.1032,3.129,2.806,9.98,272.55,8.27,320.46,0.1781,2020.0,1.79,0,6685
   841 Arabella (A916 TA),MBA,N,N,12.81,7.501,0.213,3.142,,,0.07,2.256,2.098,3.79,354.64,120.83,340.34,0.291,1240.0,1.12,0,7150
   842 Kerstin (A916 TB),OMB,N,N,10.63,43.576,0.051,18.716,,,0.1156,3.24,2.866,14.49,5.37,353.23,327.82,0.169,2130.0,1.86,0,6636
   844 Leontina (A916 TC),OMB,N,N,9.8,42.154,0.173,6.7859,,,0.0692,3.202,2.981,8.78,348.64,354.87,74.43,0.172,2090.0,1.97,0,11896
   845 Naema (A916 WM),MBA,N,N,10.12,52.677,0.041,20.892,,,0.0685,2.94,2.738,12.61,42.99,292.28,299.41,0.1956,1840.0,1.76,0,5602
   846 Lipperta (A916 WN),MBA,N,N,10.36,52.41,0.0506,1641.0,,,0.1748,3.134,2.586,0.26,260.49,130.61,271.59,0.1776,2030.0,1.59,0,6748
   847 Agnia (A915 RP),MBA,N,N,10.09,24.931,0.152,14.827,,,0.0942,2.783,2.521,2.48,270.69,128.74,211.94,0.2123,1700.0,1.53,0,5902
   848 Inna (A915 RQ),MBA,N,N,11.31,33.027,0.069,45.479,,,0.1618,3.11,2.607,1.05,207.74,125.93,55.19,0.1797,2000.0,1.6,0,6408
   849 Ara (A915 UB),MBA,N,N,8.13,80.756,0.186,4.116,,,0.2009,3.146,2.514,19.54,228.27,62.59,317.49,0.1766,2040.0,1.56,0,5989
   850 Altona (A916 FG),MBA,N,N,9.69,80.9,0.039,11.1913,,,0.1302,2.997,2.607,15.53,120.93,134.46,338.85,0.19,1890.0,1.61,0,7342
   851 Zeissia (A916 GL),MBA,N,N,11.56,12.642,0.335,9.341,,,0.09,2.228,2.027,2.39,141.13,7.16,29.03,0.2964,1210.0,1.04,0,12228
   852 Wladilena (A916 GM),MBA,N,N,10.02,26.541,0.225,4.6134,,,0.2746,2.362,1.714,23.02,27.27,282.16,350.7,0.2715,1330.0,0.849,0,5787
   853 Nansenia (A916 GN),MBA,N,N,11.62,27.593,0.051,7.931,,,0.1065,2.312,2.066,9.21,182.78,60.59,29.07,0.2803,1280.0,1.07,0,9269
   854 Frostia (A916 GO),MBA,N,N,12.04,7.839,0.415,37.56,,,0.1756,2.368,1.952,6.09,190.51,84.57,327.57,0.2705,1330.0,0.946,0,6810
   855 Newcombia (A916 GP),MBA,N,N,11.75,12.392,0.219,3.003,,,0.1808,2.361,1.934,10.88,17.07,234.25,34.36,0.2716,1330.0,0.942,0,7086
   856 Backlunda (A916 GQ),MBA,N,N,10.9,45.449,0.045,12.08,,,0.1178,2.436,2.149,14.33,125.48,72.44,297.0,0.2592,1390.0,1.2,0,13412
   857 Glasenappia (A916 GR),MBA,N,N,11.56,14.497,0.271,8.2,,,0.0888,2.19,1.996,5.3,82.88,239.34,186.13,0.304,1180.0,0.987,0,11306
   858 El Djezair (A916 KF),MBA,N,N,10.4,22.519,0.375,29.639,,,0.1035,2.81,2.519,8.87,67.1,177.7,94.78,0.2092,1720.0,1.5,0,9188
   859 Bouzareah (A916 TD),OMB,N,N,9.74,65.417,0.031,23.2,,,0.1103,3.225,2.869,13.5,35.64,22.45,295.38,0.1702,2120.0,1.88,0,6339
   860 Ursina (A917 BE),MBA,N,N,10.04,34.561,0.116,9.386,,,0.1087,2.795,2.491,13.3,309.21,21.02,245.03,0.2109,1710.0,1.48,0,8660
   861 Aida (A917 BF),MBA,N,N,9.78,66.85,0.0571,10.95,,,0.0992,3.142,2.83,8.06,114.93,192.12,8.64,0.177,2030.0,1.81,0,9242
   862 Franzia (A917 BG),MBA,N,N,9.91,27.033,0.291,7.523,,,0.0829,2.802,2.57,13.9,299.89,119.31,115.64,0.2101,1710.0,1.61,0,9460
   863 Benkoela (A917 CG),OMB,N,N,9.09,38.724,0.29,7.0319,,,0.0248,3.204,3.124,25.47,116.75,102.27,271.24,0.1719,2090.0,2.16,0,6316
   864 Aase (A921 SB),MBA,N,N,12.8,7.249,0.239,3.2324,,,0.1905,2.208,1.788,5.45,163.07,193.89,269.0,0.3003,1200.0,0.783,0,5686
   865 Zubaida (A917 CH),MBA,N,N,11.65,17.77,0.0972,11.3533,,,0.1958,2.417,1.943,13.35,176.86,302.08,356.63,0.2624,1370.0,0.992,0,5315
   866 Fatme (A917 DG),MBA,N,N,9.68,78.061,0.046,11.6,,,0.0518,3.123,2.962,8.66,91.03,265.03,29.45,0.1785,2020.0,1.97,0,11910
   867 Kovacia (A917 DH),MBA,N,N,11.53,24.113,0.092,8.6772,,,0.1206,3.071,2.701,5.98,46.31,72.82,117.32,0.1831,1970.0,1.72,0,5869
   868 Lova (A917 HB),MBA,N,N,10.45,50.692,0.056,41.118,,,0.1461,2.704,2.309,5.84,115.74,287.12,307.14,0.2216,1620.0,1.33,0,9174
   869 Mellena (A917 JB),MBA,N,N,12.06,21.193,0.065,6.5155,,,0.2178,2.693,2.106,7.84,154.8,107.3,177.0,0.2231,1610.0,1.11,0,10034
   870 Manto (A917 JC),MBA,N,N,11.77,13.683,0.216,122.3,,,0.2658,2.322,1.705,6.2,120.74,197.16,180.51,0.2786,1290.0,0.691,0,11072
   871 Amneris (A917 JD),MBA,N,N,12.68,8.011,0.38,78.704,,,0.1192,2.223,1.958,4.25,157.92,66.29,272.09,0.2974,1210.0,0.952,0,8814
   872 Holda (A917 KH),MBA,N,N,10.12,34.431,0.165,5.945,,,0.0808,2.731,2.51,7.38,194.65,21.0,26.78,0.2184,1650.0,1.5,0,6559
   873 Mechthild (A917 KJ),MBA,N,N,11.5,34.471,0.04,11.006,,,0.148,2.627,2.238,5.28,149.98,109.62,151.6,0.2314,1560.0,1.23,0,9132
   874 Rotraut (A917 KK),MBA,N,N,10.24,58.287,0.054,14.297,,,0.08,3.152,2.9,11.14,190.59,8.19,165.04,0.1761,2040.0,1.9,0,9209
   875 Nymphe (A917 KG),MBA,N,N,11.19,14.107,0.223,12.618,,,0.1507,2.555,2.17,14.56,195.94,117.82,144.36,0.2413,1490.0,1.2,0,5762
   876 Scott (A917 MB),MBA,N,N,10.94,22.42,0.153,11.817,,,0.1154,3.007,2.66,11.35,150.84,209.9,194.88,0.189,1900.0,1.66,0,7094
   877 Walkure (A915 RV),MBA,N,N,10.97,38.41,0.0623,17.424,,,0.159,2.487,2.092,4.26,116.35,276.03,5.0,0.2513,1430.0,1.1,0,9838
   878 Mildred (A916 RC),MBA,N,N,14.87,2.529,0.399,2.6607,,,0.226,2.361,1.827,2.07,172.8,190.25,42.67,0.2717,1330.0,0.824,0,5351
   879 Ricarda (A917 OB),MBA,N,N,11.1,18.312,0.23,134.78,,,0.1547,2.532,2.14,13.68,269.79,96.64,279.44,0.2447,1470.0,1.19,0,7734
   880 Herba (A917 OC),MBA,N,N,11.31,32.329,0.049,12.266,,,0.3222,3.001,2.034,15.14,262.56,100.87,266.87,0.1896,1900.0,1.1,0,6030
   881 Athene (A917 OD),MBA,N,N,11.9,12.153,0.237,13.895,,,0.2078,2.611,2.068,14.21,276.95,41.4,227.92,0.2337,1540.0,1.07,0,8004
   882 Swetlana (A917 PB),MBA,N,N,10.72,42.44,0.062,29.867,,,0.2677,3.121,2.286,6.13,256.24,126.12,149.36,0.1787,2010.0,1.3,0,5554
   883 Matterania (A917 RD),MBA,N,N,12.77,7.036,0.263,5.64,,,0.1985,2.239,1.795,4.71,285.44,42.65,132.0,0.2941,1220.0,0.785,0,10881
   884 Priamus (A917 SU),TJN,N,N,8.65,101.093,0.044,6.8605,,,0.1235,5.21,4.566,8.9,301.44,337.54,129.6,0.08288,4340.0,3.55,0,6403
   885 Ulrike (A917 SV),MBA,N,N,10.71,30.537,0.109,4.9,,,0.1828,3.099,2.532,3.31,148.86,204.09,319.71,0.1807,1990.0,1.53,0,7320
   886 Washingtonia (A917 WA),MBA,N,N,9.4,86.793,0.078,9.001,,,0.2729,3.169,2.304,16.85,58.78,302.44,90.92,0.1747,2060.0,1.35,0,10119
   887 Alinda (A918 AA),AMO,Y,N,13.82,4.2,0.31,28.41,,,0.5712,2.474,1.061,9.4,110.41,350.53,81.54,0.2533,1420.0,0.0797,0,5880
   888 Parysatis (A918 CE),MBA,N,N,9.36,44.749,0.139,5.9314,,,0.1954,2.707,2.178,13.86,123.9,297.77,96.94,0.2213,1630.0,1.23,0,5509
   889 Erynia (A918 EN),MBA,N,N,11.03,16.682,0.23,9.89,,,0.2038,2.446,1.947,8.11,132.49,278.39,137.95,0.2577,1400.0,0.977,0,6049
   890 Waltraut (A918 EO),MBA,N,N,10.49,28.376,0.121,12.581,,,0.0594,3.022,2.842,10.88,160.51,86.62,96.15,0.1876,1920.0,1.86,0,6701
   891 Gunhild (A918 KB),MBA,N,N,9.97,55.747,0.065,11.892,,,0.0259,2.861,2.787,13.55,105.79,296.08,276.18,0.2037,1770.0,1.82,0,5584
   892 Seeligeria (A918 KC),OMB,N,N,9.82,74.481,0.055,16.693,,,0.1058,3.224,2.883,21.34,175.87,286.16,302.93,0.1703,2110.0,1.98,0,10085
   893 Leopoldina (A918 KD),MBA,N,N,9.62,85.992,0.039,12.597,,,0.1455,3.054,2.609,17.03,144.89,222.81,301.12,0.1847,1950.0,1.63,0,6690
   894 Erda (A918 LA),MBA,N,N,9.74,28.309,0.12,4.6897,,,0.1099,3.125,2.781,12.72,190.38,118.6,145.88,0.1784,2020.0,1.79,0,8255
   895 Helio (A918 NA),OMB,N,N,8.3,109.568,0.071,9.347,,,0.1425,3.203,2.747,26.09,264.54,177.03,107.04,0.1719,2090.0,1.76,0,6238
   896 Sphinx (A918 PE),MBA,N,N,11.74,11.974,0.242,21.038,,,0.1647,2.285,1.908,8.2,254.07,2.07,62.26,0.2854,1260.0,0.892,0,8382
   897 Lysistrata (A918 PF),MBA,N,N,10.49,24.337,0.214,11.34,,,0.0931,2.544,2.307,14.32,257.93,24.98,194.23,0.2429,1480.0,1.3,0,10921
   898 Hildegard (A918 PG),MBA,N,N,11.64,11.693,0.205,24.855,,,0.3733,2.726,1.708,10.1,241.48,49.75,295.16,0.219,1640.0,0.711,0,6974
   899 Jokaste (A918 PH),MBA,N,N,10.25,31.018,0.161,6.245,,,0.2014,2.905,2.32,12.48,252.36,127.1,187.1,0.199,1810.0,1.35,0,8572
   900 Rosalinde (A918 PJ),MBA,N,N,11.71,19.618,0.085,16.689,,,0.1642,2.473,2.067,11.56,182.09,122.51,219.38,0.2535,1420.0,1.08,0,9403
   901 Brunsia (A918 QA),MBA,N,N,11.61,13.21,0.234,3.1363,,,0.2207,2.225,1.734,3.45,265.03,68.52,120.6,0.2969,1210.0,0.726,0,7358
   902 Probitas (A918 RG),MBA,N,N,12.02,8.552,0.383,10.168,,,0.179,2.447,2.009,6.35,353.02,28.4,345.89,0.2575,1400.0,1.01,0,5625
   903 Nealley (A918 RH),OMB,N,N,10.12,58.065,0.054,19.72,,,0.0495,3.242,3.081,11.79,159.1,232.61,87.25,0.1689,2130.0,2.1,0,7298
   904 Rockefellia (A918 UC),MBA,N,N,10.45,49.146,0.055,6.823,,,0.0851,2.995,2.74,15.18,197.78,254.47,195.7,0.1902,1890.0,1.8,0,8130
   905 Universitas (A918 UE),MBA,N,N,11.68,12.07,0.28,14.238,,,0.1535,2.216,1.876,5.32,37.1,343.19,176.35,0.2989,1200.0,0.878,0,11658
   906 Repsolda (A918 UF),MBA,N,N,9.44,65.752,0.065,15.368,,,0.0847,2.895,2.65,11.78,40.06,293.19,322.79,0.2001,1800.0,1.67,0,7253
   907 Rhoda (A918 VA),MBA,N,N,9.92,82.66,0.032,22.467,,,0.1644,2.798,2.338,19.53,42.91,88.53,244.3,0.2106,1710.0,1.45,0,13546
   908 Buda (A918 WD),MBA,N,N,10.7,30.749,0.087,14.572,,,0.1465,2.474,2.111,13.42,85.47,23.25,144.56,0.2533,1420.0,1.13,0,5905
   909 Ulla (A919 CA),OMB,N,N,8.74,116.44,0.0343,8.7155,,,0.0943,3.544,3.209,18.81,145.99,230.1,118.38,0.1478,2440.0,2.24,0,6196
   910 Anneliese (A919 EC),MBA,N,N,10.49,48.59,0.057,11.2863,,,0.1565,2.924,2.467,9.21,49.79,207.55,16.15,0.1971,1830.0,1.45,0,6349
   911 Agamemnon (A919 FB),TJN,N,N,7.86,131.038,0.072,6.592,,,0.0669,5.286,4.932,21.75,338.02,82.42,102.28,0.08109,4440.0,4.03,0,5577
   912 Maritima (A919 HC),MBA,N,N,9.41,82.675,0.039,1332.0,,,0.1796,3.13,2.568,18.31,33.42,91.52,164.32,0.178,2020.0,1.66,0,7698
   913 Otila (A919 KD),MBA,N,N,12.02,11.636,0.282,4.872,,,0.1703,2.198,1.824,5.81,94.9,188.95,214.15,0.3024,1190.0,0.806,0,7528
   914 Palisana (A919 NC),MBA,N,N,9.09,76.19,0.095,8.68113,,,0.2163,2.457,1.925,25.21,255.74,49.33,220.53,0.256,1410.0,0.972,0,5669
   915 Cosette (A918 XB),MBA,N,N,11.71,11.699,0.255,4.445,,,0.1397,2.228,1.916,5.55,9.22,39.62,87.47,0.2965,1210.0,0.929,0,9199
   916 America (A915 PE),MBA,N,N,11.53,33.23,0.053,37.294,,,0.237,2.365,1.805,11.1,329.7,41.8,87.16,0.2709,1330.0,0.818,0,7489
   917 Lyka (A915 RR),MBA,N,N,11.75,34.878,0.056,7.867,,,0.2002,2.381,1.905,5.12,343.37,359.74,358.55,0.2682,1340.0,0.896,0,9788
   918 Itha (A919 QD),MBA,N,N,10.73,21.561,0.224,3.47393,,,0.1882,2.866,2.327,12.07,330.42,15.24,320.29,0.2031,1770.0,1.32,0,8393
   919 Ilsebill (A918 UD),MBA,N,N,11.63,33.5,0.047,5.0325,,,0.0857,2.774,2.536,8.16,229.76,156.7,81.16,0.2133,1690.0,1.54,0,11651
   920 Rogeria (A919 RC),MBA,N,N,11.35,26.656,0.076,12.244,,,0.1053,2.621,2.345,11.6,192.6,270.6,264.82,0.2322,1550.0,1.4,0,9500
   921 Jovita (A919 RD),MBA,N,N,9.98,55.312,0.048,15.57,,,0.1863,3.167,2.577,16.36,204.8,69.94,321.95,0.1749,2060.0,1.61,0,6555
   922 Schlutia (A919 SJ),MBA,N,N,12.16,19.228,0.1,7.85683,,,0.1925,2.689,2.171,7.3,205.1,126.62,41.3,0.2235,1610.0,1.17,0,6228
   923 Herluga (A919 SK),MBA,N,N,11.54,34.553,0.037,30.61,,,0.1946,2.615,2.106,14.46,197.44,201.68,13.89,0.233,1540.0,1.12,0,5397
   924 Toni (A919 UF),MBA,N,N,9.58,85.49,0.0432,19.437,,,0.153,2.939,2.489,8.99,150.16,220.58,26.39,0.1957,1840.0,1.49,0,11773
   925 Alphonsina (A920 AA),MBA,N,N,8.51,57.505,0.248,7.88,,,0.0816,2.699,2.479,21.1,299.51,201.34,286.54,0.2222,1620.0,1.5,0,14107
   926 Imhilde (A920 CB),MBA,N,N,10.61,48.48,0.057,25.977,,,0.1825,2.982,2.437,16.32,48.94,173.24,120.74,0.1914,1880.0,1.43,0,8032
   927 Ratisbona (A920 DB),OMB,N,N,9.35,75.892,0.046,12.986,,,0.0938,3.217,2.916,14.64,7.37,173.12,67.52,0.1708,2110.0,1.92,0,8068
   928 Hildrun (A920 DC),MBA,N,N,9.96,62.817,0.053,14.13,,,0.1435,3.139,2.689,17.65,129.58,21.42,4.63,0.1772,2030.0,1.71,0,6773
   929 Algunde (A920 ED),MBA,N,N,11.68,11.443,0.272,3.31016,,,0.1142,2.238,1.983,3.92,231.29,22.78,118.04,0.2944,1220.0,0.967,0,6268
   930 Westphalia (A920 EE),MBA,N,N,11.34,34.922,0.032,100.66,,,0.1437,2.431,2.082,15.34,340.81,330.74,191.52,0.26,1380.0,1.08,0,11438
   931 Whittemora (A920 FB),MBA,N,N,9.35,45.298,0.17,19.177,,,0.234,3.166,2.426,11.49,110.96,315.66,329.72,0.1749,2060.0,1.45,0,9214
   932 Hooveria (A920 FC),MBA,N,N,10.04,58.978,0.051,78.44,,,0.0913,2.419,2.199,8.11,14.91,49.28,135.93,0.2619,1370.0,1.22,0,5522
   933 Susi (1927 CH),MBA,N,N,12.74,21.82,0.0707,4.6222,,,0.1655,2.368,1.976,5.54,141.36,12.76,28.8,0.2705,1330.0,0.986,0,12845
   934 Thuringia (A920 PA),MBA,N,N,10.18,53.714,0.047,8.166,,,0.2157,2.749,2.156,14.08,325.35,64.58,345.78,0.2162,1660.0,1.2,0,8553
   935 Clivia (A920 RA),MBA,N,N,12.9,6.411,0.357,3.6222,,,0.1459,2.219,1.895,4.02,346.35,58.37,252.54,0.2982,1210.0,0.907,0,5413
   936 Kunigunde (A920 RB),MBA,N,N,10.53,43.227,0.065,8.83,,,0.1743,3.135,2.588,2.37,62.15,253.53,4.08,0.1776,2030.0,1.57,0,7966
   937 Bethgea (A920 RD),MBA,N,N,11.88,11.383,0.254,7.539,,,0.2183,2.231,1.744,3.7,243.51,72.63,221.0,0.2958,1220.0,0.733,0,9741
   938 Chlosinde (A920 RC),MBA,N,N,11.3,33.466,0.046,19.204,,,0.1941,3.151,2.54,2.67,119.04,225.12,259.24,0.1762,2040.0,1.53,0,6085
   939 Isberga (A920 TD),MBA,N,N,12.06,10.39,0.228,2.9173,,,0.1764,2.248,1.851,2.58,327.01,6.37,103.66,0.2924,1230.0,0.84,0,8352
   940 Kordula (A920 TE),OMB,N,N,9.39,79.852,0.041,15.57,,,0.1691,3.367,2.797,6.24,66.27,284.04,359.63,0.1595,2260.0,1.8,0,9732
   941 Murray (A920 TF),MBA,N,N,11.48,18.217,0.128,3.39,,,0.1957,2.784,2.239,6.63,52.27,334.55,224.4,0.2121,1700.0,1.25,0,6245
   942 Romilda (A920 TG),MBA,N,N,11.01,36.772,0.056,6.965,,,0.165,3.165,2.643,10.54,71.16,319.86,247.9,0.175,2060.0,1.66,0,5223
   943 Begonia (A920 UA),MBA,N,N,9.74,70.572,0.044,15.66,,,0.2147,3.114,2.445,12.11,113.75,3.92,309.25,0.1794,2010.0,1.46,0,5382
   944 Hidalgo (A920 UB),CEN,N,N,10.55,38.0,0.06,10.063,,,0.6622,5.728,1.935,42.54,21.36,56.6,185.34,0.07189,5010.0,1.14,0,2657
   945 Barcelona (A921 CB),MBA,N,N,9.98,25.618,0.239,7.36,,,0.1607,2.638,2.214,32.84,318.21,162.72,177.37,0.23,1570.0,1.24,0,4960
   946 Poesia (A921 CD),MBA,N,N,10.59,36.21,0.097,108.5,,,0.1428,3.118,2.673,1.43,69.65,36.42,29.77,0.179,2010.0,1.69,0,6126
   947 Monterosa (A921 CC),MBA,N,N,10.03,26.06,0.34,5.164,,,0.2484,2.753,2.069,6.69,48.22,339.38,73.32,0.2157,1670.0,1.08,0,9384
   948 Jucunda (A921 EL),MBA,N,N,11.48,17.331,0.13,26.24,,,0.1634,3.032,2.537,8.65,357.05,162.57,292.16,0.1867,1930.0,1.55,0,7539
   949 Hel (A921 EM),MBA,N,N,9.79,63.494,0.058,16.43,,,0.2003,2.996,2.396,10.64,320.6,251.53,15.47,0.1901,1890.0,1.42,0,5946
   950 Ahrensa (A921 GG),MBA,N,N,11.33,13.704,0.231,202.0,,,0.1598,2.371,1.992,23.5,181.72,348.53,250.23,0.27,1330.0,0.998,0,12037
   951 Gaspra (A916 OJ),MBA,N,N,11.48,12.2,0.246,7.042,,,0.1734,2.21,1.827,4.11,252.99,130.04,52.94,0.2999,1200.0,0.833,0,6030
   952 Caia (A916 US),MBA,N,N,9.48,88.692,0.047,7.5,,,0.2446,2.992,2.26,9.99,18.36,356.92,48.55,0.1905,1890.0,1.26,0,9004
   953 Painleva (A921 HB),MBA,N,N,10.35,24.062,0.177,24.884,,,0.1886,2.788,2.262,8.66,36.37,259.77,107.26,0.2118,1700.0,1.26,0,14392
   954 Li (A921 PC),MBA,N,N,10.16,58.771,0.06,7.207,,,0.1737,3.129,2.585,1.17,163.22,150.21,281.17,0.1781,2020.0,1.57,0,7067
   955 Alstede (A921 PD),MBA,N,N,10.87,17.33,0.2135,5.19,,,0.2888,2.595,1.845,10.69,351.42,282.34,15.8,0.2358,1530.0,0.864,0,9421
   956 Elisa (A921 PE),MBA,N,N,12.09,10.474,0.147,16.492,,,0.2051,2.298,1.827,5.96,192.62,125.2,342.28,0.2829,1270.0,0.82,0,6259
   957 Camelia (A921 RF),MBA,N,N,9.87,91.548,0.025,85.05,,,0.0821,2.92,2.68,14.76,232.62,226.62,232.18,0.1975,1820.0,1.72,0,6428
   958 Asplinda (A921 SD),OMB,N,N,10.35,45.112,0.045,16.543,,,0.1851,4.002,3.261,5.62,342.6,90.88,42.23,0.1231,2920.0,2.28,0,5013
   959 Arne (A921 SE),MBA,N,N,10.76,45.176,0.067,123.7,,,0.224,3.176,2.464,4.49,58.45,333.46,75.27,0.1742,2070.0,1.47,0,6503
   960 Birgit (A921 TG),MBA,N,N,12.51,7.506,0.217,8.681,,,0.1654,2.248,1.877,3.03,249.09,87.9,348.56,0.2924,1230.0,0.869,0,5527
   961 Gunnie (A921 TH),MBA,N,N,11.55,36.571,0.036,21.366,,,0.0938,2.692,2.44,10.99,26.57,284.82,268.39,0.2232,1610.0,1.45,0,7758
   963 Iduberga (A921 UK),MBA,N,N,12.24,9.008,0.22,3.0341,,,0.1373,2.248,1.939,7.98,62.41,5.5,291.64,0.2925,1230.0,0.953,0,5824
   964 Subamara (A921 UL),MBA,N,N,10.83,19.835,0.236,6.868,,,0.118,3.05,2.691,9.05,30.61,8.16,180.7,0.185,1950.0,1.7,0,6867
   965 Angelica (A921 VB),MBA,N,N,10.19,60.857,0.029,26.752,,,0.2766,3.164,2.289,21.42,41.07,47.21,153.06,0.1751,2060.0,1.35,0,4870
   966 Muschi (A921 VD),MBA,N,N,9.96,25.509,0.323,5.355,,,0.1284,2.722,2.372,14.4,72.35,179.37,241.95,0.2195,1640.0,1.36,0,7674
   967 Helionape (A921 VE),MBA,N,N,12.2,10.216,0.294,3.234,,,0.1691,2.225,1.849,5.41,82.32,232.16,207.83,0.2969,1210.0,0.839,0,11983
   968 Petunia (A921 WJ),MBA,N,N,10.14,24.422,0.233,61.28,,,0.1313,2.869,2.492,11.6,208.74,298.03,61.05,0.2028,1770.0,1.53,0,6401
   969 Leocadia (A921 VC),MBA,N,N,12.77,17.321,0.019,6.87,,,0.2052,2.463,1.957,2.29,287.69,91.34,349.62,0.255,1410.0,0.96,0,5629
   970 Primula (A921 WK),MBA,N,N,12.27,9.204,0.229,2.777,,,0.2725,2.558,1.861,5.03,310.72,95.5,139.13,0.2409,1490.0,0.878,0,4819
   971 Alsatia (A921 WH),MBA,N,N,10.08,60.867,0.046,9.614,,,0.1636,2.639,2.208,13.79,83.47,6.03,56.0,0.2299,1570.0,1.22,0,5238
   972 Cohnia (A922 BD),MBA,N,N,9.66,77.827,0.049,18.472,,,0.2349,3.057,2.339,8.37,281.42,93.25,202.14,0.1844,1950.0,1.36,0,7545
   973 Aralia (A922 FB),OMB,N,N,10.2,51.609,0.098,7.3662,,,0.1137,3.212,2.847,15.83,348.28,86.57,47.68,0.1712,2100.0,1.92,0,9075
   974 Lioba (A922 FC),MBA,N,N,10.64,25.001,0.214,38.7,,,0.1096,2.534,2.256,5.45,86.63,302.54,16.25,0.2444,1470.0,1.27,0,10453
   975 Perseverantia (A922 FE),MBA,N,N,10.59,22.169,0.246,7.267,,,0.0351,2.834,2.735,2.55,38.65,57.8,346.62,0.2065,1740.0,1.75,0,11500
   976 Benjamina (A922 FD),MBA,N,N,9.43,83.195,0.052,9.701,,,0.1103,3.192,2.84,7.73,243.0,321.76,26.91,0.1728,2080.0,1.84,0,8596
   977 Philippa (A922 GA),MBA,N,N,9.88,65.471,0.051,15.405,,,0.021,3.119,3.054,15.18,75.65,65.95,359.89,0.1789,2010.0,2.09,0,7077
   978 Aidamina (A922 KE),OMB,N,N,9.64,92.105,0.027,10.099,,,0.2302,3.207,2.469,21.6,216.51,132.7,309.84,0.1717,2100.0,1.51,0,8073
   979 Ilsewa (A922 MA),MBA,N,N,9.82,35.741,0.166,42.61,,,0.1411,3.162,2.716,10.09,230.45,116.64,113.52,0.1753,2050.0,1.73,0,8445
   980 Anacostia (A921 WG),MBA,N,N,7.89,74.679,0.229,20.117,,,0.2016,2.741,2.189,15.9,285.76,69.76,336.7,0.2172,1660.0,1.24,0,4631
   981 Martina (A917 SW),MBA,N,N,11.12,32.545,0.106,11.267,,,0.2008,3.099,2.477,2.06,46.0,297.89,311.16,0.1806,1990.0,1.47,0,10106
   982 Franklina (A922 KF),MBA,N,N,10.04,33.227,0.184,263.5,,,0.2328,3.069,2.354,13.65,299.14,350.74,42.31,0.1833,1960.0,1.34,0,8144
   983 Gunila (A922 OD),MBA,N,N,9.54,73.87,0.0477,16.633,,,0.0891,3.163,2.881,14.86,250.67,348.39,200.36,0.1752,2050.0,1.87,0,10219
   984 Gretia (A922 QD),MBA,N,N,9.56,32.449,0.421,5.778,,,0.1948,2.805,2.259,9.09,314.13,55.31,335.12,0.2098,1720.0,1.27,0,8649
   986 Amelia (A922 UA),MBA,N,N,9.41,48.677,0.218,9.52,,,0.2029,3.132,2.496,14.82,92.5,264.93,207.15,0.1778,2020.0,1.54,0,7579
   987 Wallia (A922 UB),MBA,N,N,9.64,52.651,0.144,10.0813,,,0.238,3.135,2.389,8.91,322.54,15.71,205.59,0.1776,2030.0,1.38,0,8455
   988 Appella (A922 VC),MBA,N,N,11.61,20.431,0.097,120.0,,,0.2372,3.139,2.394,1.57,41.69,336.55,155.87,0.1772,2030.0,1.4,0,6351
   989 Schwassmannia (A922 WD),MBA,N,N,11.81,12.63,0.306,107.85,,,0.2493,2.662,1.998,14.69,243.3,165.68,269.1,0.227,1590.0,1.01,0,5312
   990 Yerkes (A922 WE),MBA,N,N,11.94,21.428,0.061,24.56,,,0.2172,2.669,2.089,8.78,353.93,9.29,266.03,0.2261,1590.0,1.09,0,8746
   991 McDonalda (A922 UC),MBA,N,N,11.23,38.556,0.04,,,,0.1625,3.136,2.626,2.07,63.18,253.52,234.77,0.1775,2030.0,1.61,0,6757
   992 Swasey (A922 VD),MBA,N,N,10.53,27.585,0.111,13.305,,,0.0905,3.025,2.751,10.89,211.86,348.81,45.87,0.1874,1920.0,1.75,0,6315
   993 Moultona (A923 AB),MBA,N,N,11.43,12.433,0.315,5.2712,,,0.047,2.86,2.726,1.78,184.21,244.69,127.26,0.2037,1770.0,1.74,0,6389
   994 Otthild (A923 FB),MBA,N,N,10.19,20.786,0.31,5.95,,,0.1152,2.529,2.238,15.42,2.3,342.13,24.55,0.245,1470.0,1.24,0,7937
   995 Sternberga (A923 LC),MBA,N,N,10.13,20.222,0.192,22.392,,,0.1674,2.615,2.178,13.05,221.66,122.15,18.75,0.233,1540.0,1.2,0,6209
   996 Hilaritas (A923 FC),MBA,N,N,11.16,29.128,0.12,10.05,,,0.1388,3.093,2.663,0.66,347.13,145.65,352.77,0.1812,1990.0,1.68,0,5834
   997 Priska (A923 NC),MBA,N,N,12.51,20.391,0.057,16.241,,,0.1817,2.673,2.187,10.49,247.02,52.21,164.04,0.2255,1600.0,1.19,0,4872
   998 Bodea (A923 PC),MBA,N,N,11.57,31.761,0.03,8.574,,,0.2144,3.115,2.447,15.51,301.08,71.63,159.81,0.1793,2010.0,1.5,0,5562
   999 Zachia (A923 PE),MBA,N,N,10.89,16.848,0.226,22.837,,,0.2159,2.613,2.049,9.75,214.89,128.01,65.88,0.2333,1540.0,1.06,0,6302
  1000 Piazzia (A923 PF),MBA,N,N,10.63,47.78,0.1119,9.47,,,0.2583,3.172,2.352,20.58,323.71,280.34,47.66,0.1745,2060.0,1.44,0,6902
  1001 Gaussia (A923 PD),OMB,N,N,9.83,72.711,0.041,20.99,,,0.122,3.212,2.82,9.32,259.09,146.31,270.61,0.1712,2100.0,1.84,0,7512
  1002 Olbersia (A923 PJ),MBA,N,N,11.12,22.938,0.147,10.244,,,0.1533,2.788,2.36,10.77,343.69,354.85,340.91,0.2118,1700.0,1.35,0,10228
  1003 Lilofee (A923 RV),MBA,N,N,10.77,33.678,0.13,8.255,,,0.161,3.141,2.636,1.84,139.38,316.15,24.02,0.177,2030.0,1.65,0,5633
  1004 Belopolskya (A923 RR),OMB,N,N,9.77,71.6,0.0348,9.038,,,0.0946,3.405,3.083,2.99,153.12,214.76,105.64,0.1568,2300.0,2.08,0,6044
  1005 Arago (A923 RS),MBA,N,N,10.09,61.132,0.07,8.7893,,,0.12,3.164,2.784,19.06,349.11,61.09,10.98,0.1751,2060.0,1.84,0,8667
  1006 Lagrangea (A923 RU),MBA,N,N,11.41,35.31,0.046,19.497,,,0.3593,3.137,2.01,10.93,294.52,86.17,94.34,0.1774,2030.0,1.05,0,6251
  1007 Pawlowia (A923 TD),MBA,N,N,11.4,18.264,0.145,384.8,,,0.1088,2.708,2.413,2.54,307.04,77.14,329.02,0.2212,1630.0,1.42,0,9026
  1008 La Paz (A923 UD),MBA,N,N,10.88,41.061,0.027,8.998,,,0.0724,3.095,2.871,8.93,20.2,16.2,253.08,0.181,1990.0,1.88,0,10441
  1010 Marlene (A923 VH),MBA,N,N,10.69,46.876,0.047,31.06,,,0.1068,2.929,2.616,3.91,98.68,278.62,136.33,0.1966,1830.0,1.62,0,6662
  1012 Sarema (A924 AD),MBA,N,N,12.59,20.905,0.049,10.32,,,0.1366,2.479,2.141,4.03,73.14,25.33,32.14,0.2525,1430.0,1.16,0,10378
  1013 Tombecka (A924 BL),MBA,N,N,10.18,34.613,0.132,6.053,,,0.2081,2.684,2.125,11.89,27.2,99.23,48.58,0.2242,1610.0,1.18,0,5304
  1014 Semphyra (A924 BM),MBA,N,N,11.95,17.487,0.083,5.636,,,0.2045,2.799,2.226,2.27,251.45,234.65,241.51,0.2105,1710.0,1.24,0,5310
  1015 Christa (A924 CF),OMB,N,N,9.44,82.35,0.048,11.23,,,0.089,3.203,2.918,9.45,120.12,287.37,352.11,0.1719,2090.0,1.95,0,14143
  1016 Anitra (A924 CG),MBA,N,N,11.88,9.539,0.308,5.92951,,,0.1275,2.219,1.936,6.04,8.8,53.36,350.29,0.2981,1210.0,0.955,0,5357
  1017 Jacqueline (A924 CH),MBA,N,N,11.07,40.152,0.052,7.87,,,0.0765,2.606,2.407,7.93,118.74,70.47,39.14,0.2343,1540.0,1.42,0,6612
  1018 Arnolda (A924 ET),MBA,N,N,11.06,16.557,0.371,14.617,,,0.2454,2.54,1.917,7.63,359.55,343.11,214.07,0.2435,1480.0,0.909,0,6411
  1019 Strackea (A924 ES),IMB,N,N,12.6,7.169,0.305,4.044,,,0.0714,1.912,1.775,26.98,144.36,121.99,69.45,0.3729,965.0,0.807,0,13639
  1020 Arcadia (A924 EU),MBA,N,N,12.22,10.067,0.15,17.02,,,0.0409,2.793,2.679,4.06,180.55,35.79,252.46,0.2112,1700.0,1.67,0,8424
  1021 Flammario (A924 EW),MBA,N,N,9.01,100.765,0.045,12.155,,,0.2838,2.74,1.962,15.86,115.39,286.77,260.26,0.2173,1660.0,1.04,0,5888
  1022 Olympiada (A924 MB),MBA,N,N,10.4,34.297,0.125,3.822,,,0.1704,2.811,2.332,21.07,111.87,124.99,237.45,0.2091,1720.0,1.37,0,10942
  1023 Thomana (A924 MC),MBA,N,N,10.15,58.27,0.0649,17.56,,,0.0957,3.172,2.869,10.06,193.9,196.2,268.8,0.1744,2060.0,1.87,0,10561
  1024 Hale (A923 XC),MBA,N,N,10.9,43.274,0.045,106.047,,,0.2211,2.869,2.235,16.07,58.78,308.26,21.09,0.2029,1770.0,1.27,0,10354
  1025 Riema (A923 PG),IMB,N,N,12.48,4.605,1.0,3.588,,,0.0393,1.979,1.901,26.87,163.33,349.23,84.2,0.354,1020.0,0.91,0,6653
  1026 Ingrid (A923 PH),MBA,N,N,12.74,7.353,0.156,5.389,,,0.1811,2.254,1.846,5.4,104.55,212.36,86.15,0.2912,1240.0,0.833,0,5801
  1027 Aesculapia (A923 VG),MBA,N,N,10.89,31.225,0.129,13.529,,,0.1258,3.16,2.763,1.25,29.19,130.66,326.32,0.1754,2050.0,1.77,0,6005
  1028 Lydina (A923 VF),OMB,N,N,9.33,88.526,0.038,11.68,,,0.1022,3.41,3.061,9.4,62.69,20.84,69.05,0.1565,2300.0,2.08,0,5438
  1029 La Plata (A924 HB),MBA,N,N,11.0,20.78,0.1819,15.31,,,0.0268,2.893,2.816,2.42,29.81,135.47,296.66,0.2003,1800.0,1.82,0,8432
  1030 Vitja (A924 KD),MBA,N,N,10.46,59.717,0.031,6.334,,,0.1232,3.119,2.734,14.78,187.79,4.92,181.19,0.179,2010.0,1.73,0,9323
  1031 Arctica (A924 LC),MBA,N,N,9.49,75.4,0.035,24.904,,,0.0604,3.047,2.863,17.63,218.61,310.52,112.29,0.1853,1940.0,1.89,0,6838
  1032 Pafuri (A924 KE),MBA,N,N,10.3,65.658,0.042,113.0,,,0.1408,3.129,2.688,9.48,76.29,188.66,96.38,0.1781,2020.0,1.67,0,11509
  1033 Simona (A924 RH),MBA,N,N,11.18,19.195,0.196,10.07,,,0.1193,2.999,2.642,10.66,188.85,216.23,118.65,0.1897,1900.0,1.66,0,5889
  1034 Mozartia (A924 RK),MBA,N,N,12.12,7.919,0.25,460.0,,,0.2628,2.293,1.69,3.97,304.45,18.87,74.83,0.2839,1270.0,0.677,0,5745
  1035 Amata (A924 SF),MBA,N,N,10.52,56.063,0.038,9.081,,,0.1891,3.152,2.556,18.0,1.83,325.32,84.54,0.1761,2040.0,1.57,0,10382
  1036 Ganymed (A924 UB),AMO,Y,N,9.17,37.675,0.238,10.297,,,0.5332,2.665,1.244,26.68,215.44,132.5,97.59,0.2266,1590.0,0.343,0,13581
  1037 Davidweilla (A924 UC),MBA,N,N,13.66,6.884,0.13,4.5087,,,0.1906,2.255,1.825,5.9,200.64,169.69,325.37,0.291,1240.0,0.824,0,4747
  1038 Tuckia (A924 WO),OMB,N,N,10.64,58.3,0.0244,68.98,,,0.2214,3.976,3.096,9.19,57.69,305.4,352.55,0.1243,2900.0,2.11,0,6093
  1039 Sonneberga (A924 WP),MBA,N,N,11.64,33.853,0.053,34.2,,,0.0611,2.68,2.516,4.55,221.64,325.47,237.3,0.2247,1600.0,1.52,0,7831
  1040 Klumpkea (1925 BD),MBA,N,N,10.4,22.34,0.245,59.2,,,0.1877,3.119,2.533,16.65,279.95,157.68,146.43,0.1789,2010.0,1.56,0,6566
  1041 Asta (1925 FA),MBA,N,N,10.3,60.571,0.047,7.978,,,0.1464,3.072,2.622,13.93,59.97,344.5,32.26,0.183,1970.0,1.63,0,9874
  1042 Amazone (1925 HA),OMB,N,N,9.95,63.92,0.054,540.0,,,0.0869,3.235,2.954,20.71,52.37,299.08,6.08,0.1694,2130.0,2.01,0,6215
  1043 Beate (1925 HB),MBA,N,N,9.81,31.986,0.209,44.3,,,0.0373,3.092,2.977,8.92,159.16,158.45,74.73,0.1813,1990.0,1.96,0,11899
  1044 Teutonia (A924 JD),MBA,N,N,10.98,17.511,0.251,3.153,,,0.1427,2.577,2.209,4.25,59.92,228.33,142.74,0.2382,1510.0,1.19,0,10712
  1045 Michela (A924 WN),MBA,N,N,13.03,6.104,0.328,2.701,,,0.1583,2.359,1.985,0.26,267.15,167.51,301.69,0.2721,1320.0,1.0,0,5820
  1046 Edwin (A924 XF),MBA,N,N,10.89,29.084,0.201,5.2906,,,0.0598,2.986,2.807,7.91,10.47,49.95,227.08,0.1911,1880.0,1.83,0,8583
  1047 Geisha (A924 WM),MBA,N,N,11.97,10.729,0.277,25.62,,,0.1925,2.242,1.81,5.66,78.18,300.41,58.34,0.2937,1230.0,0.82,0,6069
  1048 Feodosia (A924 WQ),MBA,N,N,9.67,62.218,0.057,10.46,,,0.183,2.73,2.23,15.83,52.62,185.31,328.44,0.2185,1650.0,1.22,0,6838
  1049 Gotho (1925 RB),MBA,N,N,10.58,56.296,0.008,8.47,,,0.1389,3.091,2.661,15.11,342.68,40.41,119.52,0.1814,1980.0,1.68,0,8937
  1050 Meta (1925 RC),MBA,N,N,12.28,8.773,0.364,6.142,,,0.1781,2.625,2.157,12.49,342.26,65.94,162.54,0.2318,1550.0,1.2,0,6462
  1051 Merope (1925 SA),OMB,N,N,10.16,60.439,0.053,13.71,,,0.1026,3.215,2.885,23.49,180.46,154.33,143.14,0.1709,2110.0,1.89,0,7191
  1052 Belgica (1925 VD),MBA,N,N,11.88,9.785,0.301,2.7097,,,0.143,2.236,1.916,4.7,99.54,297.83,343.51,0.2948,1220.0,0.928,0,5919
  1053 Vigdis (1925 WA),MBA,N,N,12.35,9.11,0.389,,,,0.0951,2.616,2.367,8.34,17.55,41.49,213.86,0.233,1550.0,1.38,0,7513
  1054 Forsytia (1925 WD),MBA,N,N,10.54,47.78,0.035,7.65,,,0.1346,2.922,2.529,10.87,85.74,296.23,34.56,0.1973,1820.0,1.55,0,10416
  1055 Tynka (1925 WG),MBA,N,N,12.03,13.479,0.169,11.893,,,0.2085,2.198,1.74,5.28,147.08,176.52,316.64,0.3024,1190.0,0.726,0,6558
  1056 Azalea (A924 CE),MBA,N,N,11.71,11.869,0.292,15.032,,,0.178,2.23,1.833,5.43,104.1,212.29,34.36,0.296,1220.0,0.82,0,6756
  1057 Wanda (1925 QB),MBA,N,N,10.98,44.657,0.028,29.173,,,0.2489,2.892,2.172,3.54,257.82,114.73,104.13,0.2004,1800.0,1.17,0,6165
  1058 Grubba (1925 MA),MBA,N,N,11.86,10.92,0.201,46.3,,,0.1883,2.196,1.782,3.69,221.7,94.45,277.36,0.3029,1190.0,0.772,0,11064
  1059 Mussorgskia (1925 OA),MBA,N,N,10.92,25.227,0.174,5.636,,,0.1864,2.643,2.151,10.09,200.28,88.14,139.46,0.2293,1570.0,1.16,0,6477
  1060 Magnolia (1925 PA),MBA,N,N,12.64,6.844,0.173,2.911,,,0.2026,2.238,1.784,5.92,221.09,84.6,355.82,0.2945,1220.0,0.78,0,5927
  1061 Paeonia (1925 TB),MBA,N,N,11.89,23.092,0.048,7.9971,,,0.218,3.123,2.442,2.5,90.9,306.68,29.0,0.1786,2020.0,1.45,0,4828
  1062 Ljuba (1925 TD),MBA,N,N,9.84,58.031,0.06,33.8,,,0.0724,3.008,2.79,5.6,341.23,99.41,30.57,0.1889,1910.0,1.81,0,6639
  1063 Aquilegia (1925 XA),MBA,N,N,11.31,11.288,0.389,5.792,,,0.0389,2.314,2.224,5.98,95.28,107.79,3.07,0.28,1290.0,1.23,0,15074
  1064 Aethusa (1926 PA),MBA,N,N,10.78,20.007,0.278,8.621,,,0.1767,2.545,2.096,9.51,280.51,21.1,173.89,0.2427,1480.0,1.08,0,10252
  1066 Lobelia (1926 RA),MBA,N,N,12.25,6.014,0.488,5.0176,,,0.2088,2.402,1.901,4.82,344.97,17.13,220.32,0.2648,1360.0,0.897,0,5435
  1067 Lunaria (1926 RG),MBA,N,N,10.84,20.011,0.185,6.057,,,0.1937,2.868,2.313,10.56,289.51,114.6,111.57,0.2029,1770.0,1.35,0,7549
  1068 Nofretete (1926 RK),MBA,N,N,10.78,21.346,0.142,6.15,,,0.0975,2.907,2.623,5.49,318.59,265.58,128.7,0.1989,1810.0,1.62,0,8411
  1069 Planckia (1927 BC),MBA,N,N,9.57,35.657,0.219,8.665,,,0.1097,3.126,2.783,13.56,142.35,30.65,252.29,0.1783,2020.0,1.8,0,15275
  1070 Tunica (1926 RB),OMB,N,N,10.86,39.131,0.061,15.673,,,0.0798,3.23,2.973,16.97,165.26,191.66,46.57,0.1698,2120.0,1.97,0,7623
  1071 Brita (A924 ER),MBA,N,N,10.64,60.862,0.036,5.8169,,,0.1114,2.799,2.487,5.36,52.46,29.49,328.49,0.2104,1710.0,1.5,0,10965
  1072 Malva (1926 TA),MBA,N,N,10.79,53.675,0.032,10.08,,,0.2371,3.171,2.419,8.02,36.93,25.45,160.41,0.1745,2060.0,1.43,0,5277
  1073 Gellivara (A923 RW),MBA,N,N,11.76,25.992,0.045,11.32,,,0.1866,3.184,2.59,1.6,39.53,289.85,47.17,0.1735,2070.0,1.58,0,5642
  1074 Beljawskya (1925 BE),MBA,N,N,10.25,49.189,0.073,6.284,,,0.1821,3.151,2.577,0.8,38.03,22.5,40.64,0.1762,2040.0,1.59,0,5928
  1075 Helina (1926 SC),MBA,N,N,10.37,26.198,0.129,44.9,,,0.1087,3.014,2.687,11.53,100.7,251.07,0.98,0.1883,1910.0,1.71,0,8435
  1076 Viola (1926 TE),MBA,N,N,12.19,22.298,0.041,7.336,,,0.1464,2.473,2.111,3.32,143.56,304.07,110.65,0.2534,1420.0,1.13,0,5804
  1077 Campanula (1926 TK),MBA,N,N,12.37,9.709,0.225,3.85085,,,0.1972,2.393,1.921,5.39,346.09,13.74,297.35,0.2663,1350.0,0.917,0,6875
  1078 Mentha (1926 XB),MBA,N,N,11.6,12.619,0.262,85.0,,,0.1384,2.269,1.955,7.37,93.76,44.34,285.91,0.2883,1250.0,0.976,0,8287
  1079 Mimosa (1927 AD),MBA,N,N,11.11,20.7,0.1367,64.6,,,0.0456,2.874,2.742,1.17,328.99,102.47,144.36,0.2023,1780.0,1.76,0,6458
  1080 Orchis (1927 QB),MBA,N,N,12.31,22.918,0.033,16.1,,,0.2572,2.42,1.797,4.59,1.94,57.12,343.93,0.2618,1370.0,0.814,0,5617
  1081 Reseda (1927 QF),MBA,N,N,11.16,37.81,0.043,7.3002,,,0.1486,3.094,2.634,4.19,30.28,9.71,347.62,0.1811,1990.0,1.64,0,8867
  1082 Pirola (1927 UC),MBA,N,N,10.57,42.607,0.052,15.8525,,,0.1787,3.125,2.567,1.85,147.92,186.4,307.55,0.1784,2020.0,1.56,0,7580
  1083 Salvia (1928 BC),MBA,N,N,12.05,8.927,0.211,4.23,,,0.1816,2.33,1.906,5.13,80.72,32.53,203.59,0.2772,1300.0,0.925,0,5622
  1084 Tamariwa (1926 CC),MBA,N,N,10.92,26.476,0.132,6.1961,,,0.1315,2.688,2.334,3.9,186.79,109.18,74.01,0.2236,1610.0,1.32,0,9430
  1085 Amaryllis (1927 QH),MBA,N,N,9.81,69.281,0.067,18.111,,,0.0391,3.194,3.069,6.65,139.71,135.23,192.65,0.1727,2080.0,2.06,0,6206
  1086 Nata (1927 QL),MBA,N,N,9.67,66.27,0.0767,18.061,,,0.0502,3.164,3.005,8.36,312.86,153.58,47.27,0.1752,2060.0,2.02,0,8621
  1087 Arabis (1927 RD),MBA,N,N,9.86,37.498,0.098,5.794,,,0.0887,3.017,2.749,10.06,30.13,26.3,217.26,0.1881,1910.0,1.76,0,6311
  1088 Mitaka (1927 WA),MBA,N,N,11.33,15.137,0.173,3.0361,,,0.1953,2.202,1.772,7.65,54.45,319.67,25.89,0.3017,1190.0,0.78,0,6024
  1089 Tama (1927 WB),MBA,N,N,11.68,13.082,0.216,16.44,,,0.1271,2.214,1.933,3.73,71.45,354.51,260.15,0.2992,1200.0,0.946,0,5901
  1090 Sumida (1928 DG),MBA,N,N,12.44,12.977,0.311,2.719,,,0.2212,2.359,1.837,21.54,147.92,337.99,7.21,0.2721,1320.0,0.861,0,4792
  1091 Spiraea (1928 DT),OMB,N,N,10.97,35.178,0.091,7.01,,,0.071,3.418,3.176,1.15,80.83,13.2,216.9,0.156,2310.0,2.19,0,8538
  1092 Lilium (A924 AE),MBA,N,N,10.95,40.276,0.044,24.6,,,0.0841,2.9,2.656,5.39,307.42,314.29,81.55,0.1996,1800.0,1.64,0,9949
  1093 Freda (1925 LA),MBA,N,N,9.04,116.73,0.0381,19.67,,,0.2698,3.134,2.289,25.19,55.59,251.1,349.81,0.1776,2030.0,1.4,0,8885
  1094 Siberia (1926 CB),MBA,N,N,11.66,17.869,0.127,21.15,,,0.1308,2.546,2.213,14.02,149.07,310.75,228.54,0.2426,1480.0,1.25,0,7085
  1095 Tulipa (1926 GS),MBA,N,N,10.43,27.875,0.146,2.78721,,,0.0163,3.025,2.975,10.01,178.34,353.58,12.56,0.1873,1920.0,1.98,0,7594
  1096 Reunerta (1928 OB),MBA,N,N,10.87,42.333,0.043,13.036,,,0.193,2.601,2.099,9.47,81.31,247.75,50.25,0.235,1530.0,1.11,0,8746
  1097 Vicia (1928 PC),MBA,N,N,11.97,23.11,0.031,100.5,,,0.2949,2.64,1.861,1.53,133.8,176.55,242.04,0.2298,1570.0,0.845,0,6296
  1098 Hakone (1928 RJ),MBA,N,N,10.54,26.684,0.206,7.142,,,0.1162,2.688,2.376,13.39,328.87,81.74,323.39,0.2236,1610.0,1.43,0,7165
  1099 Figneria (1928 RQ),MBA,N,N,10.31,23.309,0.225,13.577,,,0.2798,3.179,2.29,11.83,22.13,348.36,61.8,0.1739,2070.0,1.29,0,6804
  1100 Arnica (1928 SD),MBA,N,N,10.91,16.894,0.246,14.535,,,0.0701,2.898,2.695,1.03,303.8,21.38,289.62,0.1998,1800.0,1.68,0,6423
  1101 Clematis (1928 SJ),OMB,N,N,10.58,33.765,0.127,34.3,,,0.078,3.231,2.979,21.44,201.81,104.56,303.64,0.1697,2120.0,2.05,0,5853
  1102 Pepita (1928 VA),MBA,N,N,9.34,36.632,0.229,5.1054,,,0.1107,3.071,2.731,15.82,216.53,118.53,95.68,0.1831,1970.0,1.76,0,6065
  1103 Sequoia (1928 VB),IMB,N,N,12.19,6.692,0.384,3.03784,,,0.0944,1.934,1.751,17.9,267.6,77.93,86.64,0.3665,982.0,0.812,0,7383
  1104 Syringa (1928 XA),MBA,N,N,12.33,23.244,0.033,5.1547,,,0.3425,2.632,1.731,6.44,128.61,277.37,278.83,0.2308,1560.0,0.754,0,5100
  1105 Fragaria (1929 AB),MBA,N,N,10.17,38.206,0.102,5.4312,,,0.1048,3.011,2.696,10.96,116.83,223.06,281.03,0.1886,1910.0,1.7,0,6942
  1106 Cydonia (1929 CW),MBA,N,N,11.76,12.14,0.241,2.679,,,0.1239,2.597,2.276,13.05,328.0,231.58,9.62,0.2354,1530.0,1.3,0,6513
  1107 Lictoria (1929 FB),MBA,N,N,9.53,79.079,0.066,8.5616,,,0.1188,3.188,2.809,7.07,110.55,349.72,79.46,0.1732,2080.0,1.83,0,7158
  1108 Demeter (1929 KA),MBA,N,N,11.97,25.285,0.031,9.846,,,0.2567,2.43,1.806,24.88,234.17,78.36,148.82,0.2603,1380.0,0.946,0,5957
  1109 Tata (1929 CU),OMB,N,N,10.03,61.817,0.044,8.277,,,0.0969,3.237,2.924,4.13,267.85,5.03,206.83,0.1692,2130.0,1.91,0,6503
  1110 Jaroslawa (1928 PD),MBA,N,N,11.6,12.306,0.237,97.4,,,0.2416,2.219,1.683,5.85,241.66,78.81,160.67,0.2982,1210.0,0.681,0,9765
  1112 Polonia (1928 PE),MBA,N,N,10.06,39.661,0.097,18.71,,,0.1094,3.017,2.687,9.0,302.67,85.74,134.53,0.1881,1910.0,1.71,0,8492
  1113 Katja (1928 QC),MBA,N,N,9.27,44.792,0.195,18.465,,,0.1343,3.117,2.699,13.25,324.37,119.74,159.18,0.1791,2010.0,1.74,0,5722
  1114 Lorraine (1928 WA),MBA,N,N,10.12,75.631,0.031,20.71,,,0.0717,3.094,2.872,10.72,195.29,208.57,316.59,0.1811,1990.0,1.88,0,7153
  1115 Sabauda (1928 XC),MBA,N,N,9.97,75.907,0.044,6.718,,,0.1749,3.097,2.555,15.29,71.62,56.67,240.98,0.1808,1990.0,1.61,0,16695
  1116 Catriona (1929 GD),MBA,N,N,9.83,38.741,0.155,8.832,,,0.2241,2.928,2.272,16.55,356.18,83.48,218.16,0.1967,1830.0,1.36,0,5004
  1117 Reginita (1927 KA),MBA,N,N,11.74,10.193,0.293,2.946,,,0.1984,2.247,1.802,4.34,147.08,150.91,43.33,0.2926,1230.0,0.786,0,6521
  1118 Hanskya (1927 QD),OMB,N,N,9.98,70.954,0.056,25.31,,,0.0424,3.21,3.074,13.96,318.69,337.24,97.96,0.1714,2100.0,2.06,0,10100
  1119 Euboea (1927 UB),MBA,N,N,11.45,29.443,0.064,11.41,,,0.1537,2.615,2.213,7.84,57.32,230.61,170.57,0.2331,1540.0,1.2,0,9100
  1120 Cannonia (1928 RV),MBA,N,N,12.11,10.184,0.129,3.816,,,0.1558,2.216,1.871,4.05,158.58,219.72,150.22,0.2988,1200.0,0.873,0,11522
  1121 Natascha (1928 RZ),MBA,N,N,11.47,12.859,0.294,13.197,,,0.1567,2.548,2.148,6.16,357.84,50.14,292.88,0.2424,1490.0,1.16,0,5527
  1122 Neith (1928 SB),MBA,N,N,11.88,11.566,0.284,25.11,,,0.255,2.607,1.942,4.73,63.31,329.11,12.93,0.2341,1540.0,0.95,0,7044
  1123 Shapleya (1928 ST),MBA,N,N,11.7,11.282,0.278,52.92,,,0.1568,2.225,1.876,6.42,79.84,317.58,77.92,0.2969,1210.0,0.889,0,6951
  1124 Stroobantia (1928 TB),MBA,N,N,10.85,24.45,0.108,16.39,,,0.0325,2.927,2.832,7.77,22.01,273.79,210.28,0.1968,1830.0,1.83,0,5887
  1125 China (1957 UN1),MBA,N,N,11.66,26.084,0.078,5.367,,,0.2174,3.128,2.448,3.04,97.14,9.75,30.65,0.1782,2020.0,1.46,0,5422
  1126 Otero (1929 AC),MBA,N,N,11.91,10.974,0.432,3.64808,,,0.1469,2.272,1.938,6.5,0.94,136.0,74.71,0.2878,1250.0,0.956,0,8709
  1127 Mimi (1929 AJ),MBA,N,N,10.58,46.006,0.034,12.7439,,,0.2658,2.592,1.903,14.77,128.31,282.65,109.32,0.2361,1520.0,0.976,0,5765
  1128 Astrid (1929 EB),MBA,N,N,11.1,41.851,0.031,10.228,,,0.0433,2.79,2.67,1.01,59.42,236.93,160.92,0.2115,1700.0,1.65,0,10801
  1129 Neujmina (1929 PH),MBA,N,N,10.26,34.576,0.138,5.0844,,,0.0862,3.025,2.764,8.62,269.18,139.86,47.71,0.1874,1920.0,1.78,0,7207
  1130 Skuld (1929 RC),MBA,N,N,12.04,10.125,0.302,4.81,,,0.1978,2.229,1.788,2.17,216.09,113.69,342.15,0.2962,1220.0,0.777,0,6478
  1132 Hollandia (1929 RB1),MBA,N,N,11.21,27.235,0.086,5.322,,,0.2755,2.686,1.946,7.22,29.58,270.33,332.23,0.2239,1610.0,0.945,0,7992
  1133 Lugduna (1929 RC1),MBA,N,N,12.21,8.275,0.363,5.477,,,0.1873,2.186,1.777,5.37,58.2,306.66,262.1,0.3049,1180.0,0.781,0,5512
  1135 Colchis (1929 TA),MBA,N,N,10.78,50.592,0.057,23.467,,,0.1137,2.666,2.363,4.54,350.6,3.79,47.12,0.2265,1590.0,1.36,0,10139
  1136 Mercedes (1929 UA),MBA,N,N,11.31,25.296,0.084,24.6163,,,0.2547,2.565,1.912,8.98,209.43,148.65,170.48,0.2399,1500.0,0.914,0,11040
  1137 Raissa (1929 WB),MBA,N,N,10.69,19.421,0.228,142.79,,,0.0979,2.423,2.186,4.32,78.42,277.18,196.03,0.2613,1380.0,1.19,0,8932
  1138 Attica (1929 WF),MBA,N,N,11.57,23.681,0.105,24.0,,,0.0792,3.146,2.897,13.99,283.39,105.29,96.59,0.1766,2040.0,1.94,0,6976
  1140 Crimea (1929 YC),MBA,N,N,9.94,29.179,0.16,9.77,,,0.1098,2.772,2.468,14.12,72.06,310.65,344.19,0.2135,1690.0,1.5,0,9809
  1141 Bohmia (1930 AA),MBA,N,N,13.49,5.642,0.251,2.848,,,0.1652,2.271,1.896,4.27,105.5,276.17,69.13,0.2879,1250.0,0.904,0,6055
  1142 Aetolia (1930 BC),MBA,N,N,10.27,22.135,0.273,10.73,,,0.0751,3.195,2.955,2.12,138.91,101.64,244.85,0.1726,2090.0,1.94,0,6573
  1143 Odysseus (1930 BH),TJN,N,N,8.38,114.624,0.05,10.114,,,0.0902,5.228,4.757,3.14,221.22,238.65,52.46,0.08245,4370.0,3.77,0,7533
  1144 Oda (1930 BJ),OMB,N,N,9.98,56.337,0.061,648.0,,,0.0799,3.754,3.454,9.8,156.12,216.68,181.4,0.1355,2660.0,2.46,0,7282
  1145 Robelmonte (1929 CC),MBA,N,N,11.44,24.029,0.128,8.002,,,0.1195,2.423,2.133,6.21,346.77,267.04,132.17,0.2613,1380.0,1.13,0,8953
  1146 Biarmia (1929 JF),MBA,N,N,9.88,32.925,0.196,5.47,,,0.2548,3.046,2.27,17.06,213.83,63.42,21.56,0.1854,1940.0,1.31,0,8705
  1147 Stavropolis (1929 LF),MBA,N,N,11.61,13.43,0.155,5.6607,,,0.2324,2.27,1.743,3.88,265.11,15.68,55.44,0.2881,1250.0,0.725,0,9401
  1148 Rarahu (1929 NA),MBA,N,N,10.24,27.512,0.064,6.5447,,,0.1081,3.021,2.695,10.83,145.28,177.16,120.03,0.1877,1920.0,1.68,0,11953
  1149 Volga (1929 PF),MBA,N,N,10.53,52.377,0.038,27.262,,,0.0984,2.896,2.611,11.76,261.36,115.36,138.91,0.2,1800.0,1.64,0,7835
  1150 Achaia (1929 RB),MBA,N,N,12.67,7.689,0.251,60.99,,,0.2049,2.191,1.742,2.39,206.48,139.45,240.73,0.304,1180.0,0.734,0,6668
  1151 Ithaka (1929 RK),MBA,N,N,13.28,12.12,0.069,4.93115,,,0.2758,2.406,1.742,6.57,225.38,122.42,284.85,0.2641,1360.0,0.746,0,6186
  1152 Pawona (1930 AD),MBA,N,N,11.17,17.13,0.203,3.4154,,,0.0406,2.427,2.329,5.07,331.7,220.05,56.7,0.2607,1380.0,1.33,0,6201
  1153 Wallenbergia (A924 RJ),MBA,N,N,12.12,8.037,0.433,4.096,,,0.1604,2.196,1.843,3.34,280.43,28.71,66.36,0.303,1190.0,0.828,0,5929
  1154 Astronomia (1927 CB),OMB,N,N,10.53,55.715,0.036,18.1154,,,0.0693,3.392,3.157,4.53,82.48,205.93,133.73,0.1578,2280.0,2.14,0,7707
  1155 Aenna (1928 BD),MBA,N,N,12.01,9.284,0.356,8.07,,,0.1664,2.463,2.053,6.59,39.05,196.22,34.74,0.255,1410.0,1.04,0,8115
  1156 Kira (1928 DA),MBA,N,N,12.41,6.831,0.181,2.971,,,0.0466,2.237,2.133,1.4,91.13,353.81,130.3,0.2946,1220.0,1.15,0,10539
  1157 Arabia (1929 QC),MBA,N,N,10.04,29.113,0.247,11.55,,,0.1432,3.185,2.729,9.55,336.07,312.01,358.17,0.1734,2080.0,1.72,0,8911
  1158 Luda (1929 QF),MBA,N,N,10.92,18.636,0.221,6.863,,,0.1138,2.563,2.272,14.83,344.51,57.14,103.32,0.2402,1500.0,1.31,0,8153
  1159 Granada (1929 RD),MBA,N,N,11.66,28.641,0.038,77.28,,,0.0579,2.38,2.242,13.03,347.83,312.53,121.52,0.2685,1340.0,1.24,0,6604
  1160 Illyria (1929 RL),MBA,N,N,11.47,13.977,0.249,4.1025,,,0.1187,2.56,2.256,14.94,3.63,5.25,167.34,0.2407,1500.0,1.25,0,5587
  1161 Thessalia (1929 SF),MBA,N,N,11.38,21.498,0.065,,,,0.0886,3.168,2.887,9.4,72.53,311.22,14.93,0.1748,2060.0,1.9,0,9590
  1162 Larissa (1930 AC),OMB,N,N,9.58,40.379,0.169,6.516,,,0.1058,3.931,3.515,1.87,39.67,205.92,338.51,0.1264,2850.0,2.5,0,6929
  1163 Saga (1930 BA),OMB,N,N,10.88,32.429,0.147,9.365,,,0.0413,3.218,3.085,9.02,127.49,201.29,25.63,0.1707,2110.0,2.07,0,11777
  1164 Kobolda (1930 FB),MBA,N,N,12.8,7.651,0.229,4.141,,,0.195,2.307,1.857,25.17,156.86,341.13,140.16,0.2813,1280.0,0.877,0,5183
  1165 Imprinetta (1930 HM),MBA,N,N,10.71,53.187,0.048,10.797,,,0.2101,3.129,2.471,12.8,203.7,96.58,36.91,0.1781,2020.0,1.5,0,6389
  1166 Sakuntala (1930 MA),MBA,N,N,10.6,26.011,0.286,6.2918,,,0.2092,2.537,2.006,18.95,106.61,190.51,188.91,0.2439,1480.0,0.991,0,15270
  1167 Dubiago (1930 PB),OMB,N,N,9.82,63.12,0.0509,34.818,,,0.0672,3.414,3.184,5.75,223.33,72.58,61.42,0.1563,2300.0,2.17,0,7738
  1168 Brandia (1930 QA),MBA,N,N,12.5,10.11,0.15,11.444,,,0.2184,2.553,1.996,12.72,218.52,123.17,125.44,0.2416,1490.0,1.02,0,5569
  1169 Alwine (1930 QH),MBA,N,N,12.81,8.1,0.17,2.9272,,,0.1543,2.319,1.961,4.05,254.97,177.2,273.71,0.2792,1290.0,0.975,0,5325
  1170 Siva (1930 SQ),MCA,N,N,12.36,10.37,0.1751,3.13637,,,0.301,2.326,1.626,22.16,0.83,59.46,264.07,0.2779,1300.0,0.722,0,7301
  1171 Rusthawelia (1930 TA),MBA,N,N,10.02,82.229,0.029,10.98,,,0.1948,3.174,2.556,3.09,121.48,292.63,301.1,0.1743,2070.0,1.57,0,11247
  1172 Aneas (1930 UA),TJN,N,N,8.2,118.02,0.059,8.705,,,0.1054,5.239,4.687,16.65,247.26,52.48,108.34,0.0822,4380.0,3.7,0,6731
  1173 Anchises (1930 UB),TJN,N,N,8.91,99.549,0.05,11.595,,,0.1376,5.27,4.545,6.93,283.9,41.44,50.97,0.08147,4420.0,3.54,0,7178
  1174 Marmara (1930 UC),MBA,N,N,11.49,18.142,0.086,12.0,,,0.11,3.024,2.692,10.06,0.86,354.25,67.44,0.1874,1920.0,1.69,0,6255
  1175 Margo (1930 UD),OMB,N,N,9.93,24.266,0.249,6.0136,,,0.071,3.211,2.983,16.35,236.98,98.77,218.46,0.1713,2100.0,2.03,0,6141
  1176 Lucidor (1930 VE),MBA,N,N,11.43,17.489,0.031,4.0791,,,0.1421,2.693,2.31,6.65,272.1,155.53,175.29,0.223,1610.0,1.33,0,5718
  1177 Gonnessia (1930 WA),OMB,N,N,9.36,91.98,0.0398,30.51,,,0.0351,3.349,3.231,15.02,251.73,256.24,92.52,0.1608,2240.0,2.29,0,7454
  1178 Irmela (1931 EC),MBA,N,N,12.05,19.663,0.07,11.992,,,0.1864,2.677,2.178,6.97,169.93,357.49,208.88,0.225,1600.0,1.18,0,6412
  1179 Mally (1931 FD),MBA,N,N,12.94,13.159,0.071,46.692,,,0.1739,2.617,2.162,8.71,6.73,233.89,82.72,0.2328,1550.0,1.16,0,6897
  1180 Rita (1931 GE),OMB,N,N,9.4,97.0,0.058,14.894,,,0.1559,3.981,3.36,7.19,88.14,205.11,249.22,0.1241,2900.0,2.34,0,10065
  1181 Lilith (1927 CQ),MBA,N,N,11.36,20.492,0.106,15.033,,,0.1933,2.665,2.15,5.59,260.56,156.62,311.95,0.2266,1590.0,1.16,0,7844
  1182 Ilona (1927 EA),MBA,N,N,11.75,14.162,0.221,29.8553,,,0.1176,2.259,1.993,9.39,336.26,63.13,118.44,0.2903,1240.0,1.02,0,13112
  1183 Jutta (1930 DC),MBA,N,N,12.57,23.751,0.045,3712.0,,,0.1284,2.384,2.078,2.79,14.95,206.19,326.53,0.2678,1340.0,1.07,0,10539
  1184 Gaea (1926 RE),MBA,N,N,11.07,11.783,0.462,2.871,,,0.0726,2.668,2.474,11.31,355.69,310.16,319.69,0.2262,1590.0,1.48,0,5465
  1185 Nikko (1927 WC),MBA,N,N,12.16,8.347,0.37,3.79,,,0.1056,2.237,2.001,5.7,71.85,2.22,84.03,0.2946,1220.0,1.02,0,18073
  1186 Turnera (1929 PL),MBA,N,N,9.97,34.29,0.24,12.085,,,0.1011,3.024,2.718,10.74,42.93,297.37,92.59,0.1874,1920.0,1.73,0,13288
  1187 Afra (1929 XC),MBA,N,N,11.61,32.348,0.051,14.0701,,,0.2235,2.639,2.049,10.7,327.11,74.77,152.01,0.2299,1570.0,1.09,0,8135
  1188 Gothlandia (1930 SB),MBA,N,N,11.68,12.67,0.273,3.4916,,,0.1808,2.19,1.794,4.82,5.35,7.12,126.81,0.3041,1180.0,0.794,0,11974
  1189 Terentia (1930 SG),MBA,N,N,9.97,59.246,0.042,19.308,,,0.1112,2.933,2.607,9.86,275.15,95.93,332.09,0.1963,1830.0,1.63,0,7634
  1190 Pelagia (1930 SL),MBA,N,N,12.91,17.923,0.054,2.3661,,,0.1307,2.431,2.114,3.17,26.34,41.8,344.11,0.26,1380.0,1.13,0,9266
  1191 Alfaterna (1931 CA),MBA,N,N,10.78,47.397,0.045,193.9,,,0.0487,2.893,2.752,18.46,134.55,59.35,53.04,0.2003,1800.0,1.79,0,7186
  1192 Prisma (1931 FE),MBA,N,N,12.72,7.377,0.22,6.558,,,0.2592,2.365,1.752,23.91,1.22,131.41,30.63,0.271,1330.0,0.824,0,8562
  1193 Africa (1931 HB),MBA,N,N,11.81,12.22,0.247,158.7,,,0.1236,2.646,2.319,14.14,49.46,186.12,333.35,0.229,1570.0,1.31,0,7730
  1194 Aletta (1931 JG),MBA,N,N,10.65,41.358,0.087,20.39,,,0.09,2.914,2.652,10.85,290.8,247.53,48.47,0.1981,1820.0,1.68,0,5865
  1195 Orangia (1931 KD),MBA,N,N,13.2,6.258,0.237,6.167,,,0.2003,2.258,1.806,7.2,281.15,328.9,301.32,0.2905,1240.0,0.794,0,5240
  1196 Sheba (1931 KE),MBA,N,N,10.2,25.274,0.218,6.319,,,0.1804,2.652,2.173,17.68,100.7,262.37,208.28,0.2282,1580.0,1.25,0,6512
  1197 Rhodesia (1931 LD),MBA,N,N,10.19,47.741,0.063,16.06,,,0.235,2.882,2.205,12.98,255.6,276.98,166.76,0.2014,1790.0,1.25,0,6062
  1199 Geldonia (1931 RF),MBA,N,N,10.32,30.395,0.098,57.939,,,0.033,3.018,2.919,8.78,235.49,290.37,169.19,0.188,1920.0,1.94,0,7354
  1200 Imperatrix (1931 RH),MBA,N,N,10.9,42.006,0.065,17.769,,,0.1128,3.058,2.713,4.61,204.59,53.06,304.61,0.1843,1950.0,1.7,0,6724
  1201 Strenua (1931 RK),MBA,N,N,11.54,35.825,0.037,14.775,,,0.0397,2.7,2.593,7.0,203.01,168.22,81.1,0.2221,1620.0,1.59,0,8896
  1202 Marina (1931 RL),OMB,N,N,10.04,54.93,0.0337,9.558,,,0.167,3.993,3.326,3.33,49.81,308.0,355.31,0.1235,2910.0,2.32,0,5888
  1203 Nanna (1931 TA),MBA,N,N,11.65,35.18,0.0473,18.54,,,0.2514,2.884,2.159,5.99,224.47,177.31,59.6,0.2013,1790.0,1.17,0,5910
  1205 Ebella (1931 TB1),MBA,N,N,13.5,5.474,0.214,,,,0.2726,2.536,1.845,8.85,22.92,349.46,115.49,0.2441,1470.0,0.845,0,3997
  1206 Numerowia (1931 UH),MBA,N,N,11.62,14.534,0.159,4.7743,,,0.0529,2.865,2.714,13.0,324.11,283.04,281.9,0.2032,1770.0,1.73,0,8437
  1207 Ostenia (1931 VT),MBA,N,N,10.98,21.925,0.176,9.073,,,0.0887,3.02,2.752,10.34,19.97,46.91,326.08,0.1878,1920.0,1.78,0,11162
  1208 Troilus (1931 YA),TJN,N,N,9.03,100.477,0.041,56.17,,,0.0926,5.255,4.768,33.54,48.55,296.72,58.21,0.08182,4400.0,3.88,0,7064
  1209 Pumma (1927 HA),MBA,N,N,10.79,26.889,0.141,8.5001,,,0.1267,3.169,2.768,6.94,89.74,176.51,107.08,0.1747,2060.0,1.75,0,8087
  1210 Morosovia (1931 LB),MBA,N,N,10.0,33.663,0.132,15.2616,,,0.0622,3.011,2.823,11.26,106.55,165.27,12.99,0.1887,1910.0,1.81,0,6704
  1211 Bressole (1931 XA),MBA,N,N,11.0,45.809,0.047,31.812,,,0.1587,2.93,2.465,12.77,129.7,211.33,338.52,0.1965,1830.0,1.46,0,5239
  1212 Francette (1931 XC),OMB,N,N,9.61,76.387,0.046,32.78,,,0.1903,3.95,3.198,7.59,149.55,347.81,300.31,0.1256,2870.0,2.21,0,7172
  1213 Algeria (1931 XD),MBA,N,N,11.17,29.175,0.057,16.3722,,,0.1284,3.135,2.732,13.11,271.25,110.95,13.46,0.1776,2030.0,1.77,0,6927
  1214 Richilde (1932 AA),MBA,N,N,11.28,36.668,0.048,9.86,,,0.1176,2.714,2.395,9.85,285.78,33.88,148.05,0.2205,1630.0,1.39,0,8806
  1215 Boyer (1932 BA),MBA,N,N,10.91,13.041,0.116,11.567,,,0.1313,2.579,2.24,15.91,123.69,265.69,319.27,0.238,1510.0,1.31,0,5617
  1216 Askania (1932 BL),MBA,N,N,12.36,10.533,0.064,6.536,,,0.1797,2.232,1.831,7.61,121.48,145.21,300.2,0.2956,1220.0,0.819,0,11079
  1218 Aster (1932 BJ),MBA,N,N,13.22,5.554,0.332,3.1581,,,0.1085,2.263,2.018,3.16,63.76,69.55,205.0,0.2895,1240.0,1.03,0,5398
  1219 Britta (1932 CJ),MBA,N,N,11.71,9.86,0.346,5.575,,,0.1243,2.213,1.938,4.41,42.5,23.81,249.23,0.2993,1200.0,0.952,0,6389
  1220 Crocus (1932 CU),MBA,N,N,11.61,17.866,0.114,491.4,,,0.0746,3.003,2.779,11.38,113.24,330.11,55.51,0.1894,1900.0,1.8,0,7124
  1222 Tina (1932 LA),MBA,N,N,11.22,25.781,0.202,13.395,,,0.2496,2.795,2.097,19.59,245.74,59.64,346.84,0.211,1710.0,1.15,0,6202
  1223 Neckar (1931 TG),MBA,N,N,10.5,22.783,0.17,7.81,,,0.0623,2.869,2.69,2.54,40.71,13.03,85.33,0.2028,1770.0,1.7,0,6215
  1224 Fantasia (1927 SD),MBA,N,N,11.53,13.816,0.264,4.995,,,0.1985,2.304,1.847,7.89,258.01,129.5,4.35,0.2818,1280.0,0.863,0,5527
  1225 Ariane (1930 HK),MBA,N,N,12.05,9.194,0.302,5.5068,,,0.0745,2.233,2.067,3.07,12.31,101.39,315.6,0.2953,1220.0,1.09,0,5606
  1226 Golia (1930 HL),MBA,N,N,12.17,11.679,0.187,4.4739,,,0.1094,2.584,2.301,9.83,17.4,139.32,50.17,0.2374,1520.0,1.32,0,5449
  1227 Geranium (1931 TD),OMB,N,N,10.76,46.269,0.071,12.363,,,0.1959,3.22,2.589,16.46,0.02,304.61,174.1,0.1706,2110.0,1.61,0,5350
  1228 Scabiosa (1931 TU),MBA,N,N,11.49,14.685,0.249,22.71,,,0.0383,2.769,2.663,3.28,307.67,207.32,9.15,0.214,1680.0,1.67,0,5726
  1229 Tilia (1931 TP1),OMB,N,N,11.38,27.795,0.069,7.035,,,0.168,3.228,2.686,1.04,197.25,167.5,73.63,0.1699,2120.0,1.68,0,5744
  1230 Riceia (1931 TX1),MBA,N,N,12.96,6.194,0.318,6.60444,,,0.1788,2.573,2.113,10.52,200.49,184.87,285.9,0.2388,1510.0,1.12,0,5021
  1231 Auricula (1931 TE2),MBA,N,N,12.23,18.713,0.066,3.9816,,,0.087,2.668,2.436,11.46,341.83,248.24,351.13,0.2261,1590.0,1.45,0,6161
  1232 Cortusa (1931 TF2),MBA,N,N,10.32,36.367,0.072,25.16,,,0.1421,3.174,2.723,10.38,260.7,340.68,336.61,0.1743,2070.0,1.71,0,6422
  1233 Kobresia (1931 TG2),MBA,N,N,11.51,33.323,0.047,27.83,,,0.0559,2.555,2.412,5.6,291.38,333.0,123.05,0.2414,1490.0,1.4,0,5827
  1234 Elyna (1931 UF),MBA,N,N,10.94,22.876,0.162,5.4221,,,0.0869,3.013,2.751,8.53,304.31,90.99,349.92,0.1885,1910.0,1.77,0,8990
  1236 Thais (1931 VX),MBA,N,N,11.81,22.34,0.0599,47.9891,,,0.2414,2.431,1.844,13.18,48.57,306.07,328.68,0.2601,1380.0,0.873,0,6441
  1237 Genevieve (1931 XB),MBA,N,N,11.02,39.81,0.0585,16.37,,,0.0784,2.612,2.407,9.73,57.8,306.94,148.3,0.2335,1540.0,1.42,0,11036
  1238 Predappia (1932 CA),MBA,N,N,12.1,20.606,0.07,8.94,,,0.1418,2.666,2.288,12.15,51.62,93.91,183.04,0.2264,1590.0,1.34,0,4832
  1239 Queteleta (1932 CB),MBA,N,N,12.44,18.681,0.051,10.278,,,0.2305,2.662,2.049,1.66,72.97,36.81,230.78,0.2269,1590.0,1.07,0,5331
  1240 Centenaria (1932 CD),MBA,N,N,10.17,63.035,0.056,11.2907,,,0.1754,2.866,2.364,10.16,323.66,23.49,251.5,0.2031,1770.0,1.36,0,6485
  1241 Dysona (1932 EB1),MBA,N,N,9.7,79.19,0.047,8.6092,,,0.0996,3.188,2.871,23.52,322.15,320.37,89.04,0.1731,2080.0,1.88,0,7725
  1242 Zambesia (1932 HL),MBA,N,N,10.47,47.594,0.058,17.3148,,,0.1915,2.735,2.211,10.15,349.65,54.12,71.6,0.2179,1650.0,1.24,0,9020
  1243 Pamela (1932 JE),MBA,N,N,9.66,69.883,0.04,25.96,,,0.0453,3.098,2.958,13.26,245.52,51.05,353.67,0.1807,1990.0,1.96,0,6126
  1244 Deira (1932 KE),MBA,N,N,11.62,31.799,0.036,210.6,,,0.097,2.344,2.116,8.7,276.95,261.86,79.14,0.2747,1310.0,1.14,0,8497
  1245 Calvinia (1932 KF),MBA,N,N,9.95,29.751,0.221,4.8523,,,0.0813,2.893,2.658,2.9,151.69,205.96,260.54,0.2003,1800.0,1.65,0,7034
  1246 Chaka (1932 OA),MBA,N,N,10.93,17.634,0.195,25.462,,,0.31,2.621,1.808,16.0,290.48,54.78,326.95,0.2323,1550.0,0.845,0,8267
  1247 Memoria (1932 QA),MBA,N,N,10.67,38.906,0.078,18.79,,,0.1757,3.131,2.58,1.78,161.68,138.28,305.54,0.1779,2020.0,1.56,0,8208
  1248 Jugurtha (1932 RO),MBA,N,N,9.91,28.468,0.282,12.1889,,,0.0136,2.722,2.685,9.14,79.22,340.73,204.94,0.2195,1640.0,1.7,0,7773
  1249 Rutherfordia (1932 VB),MBA,N,N,11.44,13.063,0.251,18.242,,,0.0767,2.224,2.054,4.87,258.89,224.12,320.73,0.2971,1210.0,1.07,0,8011
  1250 Galanthus (1933 BD),MBA,N,N,12.34,20.062,0.055,3.92,,,0.2766,2.547,1.842,15.17,291.93,217.58,255.49,0.2425,1480.0,0.877,0,5994
  1251 Hedera (1933 BE),MBA,N,N,10.9,13.239,0.636,19.9,,,0.1557,2.718,2.295,6.05,140.59,217.16,356.37,0.22,1640.0,1.29,0,9238
  1252 Celestia (1933 DG),MBA,N,N,10.73,19.037,0.215,10.636,,,0.2051,2.697,2.144,33.84,140.78,63.58,311.74,0.2226,1620.0,1.28,0,6651
  1253 Frisia (1931 TV1),MBA,N,N,12.15,21.682,0.077,14.557,,,0.2039,3.173,2.526,1.34,39.8,355.26,242.28,0.1744,2060.0,1.53,0,5937
  1254 Erfordia (1932 JA),MBA,N,N,10.69,51.54,0.032,12.287,,,0.0246,3.136,3.059,7.09,287.52,246.86,348.59,0.1775,2030.0,2.07,0,8894
  1255 Schilowa (1932 NC),MBA,N,N,10.35,33.669,0.13,29.536,,,0.1738,3.143,2.596,8.56,237.51,132.52,188.44,0.1769,2030.0,1.61,0,6547
  1256 Normannia (1932 PD),OMB,N,N,9.82,68.245,0.052,52.0,,,0.0785,3.888,3.583,4.18,236.86,102.44,28.78,0.1286,2800.0,2.58,0,7948
  1257 Mora (1932 PE),MBA,N,N,12.14,21.392,0.051,5.2948,,,0.0834,2.488,2.28,3.93,213.88,20.74,6.45,0.2511,1430.0,1.27,0,6366
  1258 Sicilia (1932 PG),MBA,N,N,10.83,45.669,0.05,13.5,,,0.0486,3.188,3.033,7.72,299.39,76.59,106.05,0.1732,2080.0,2.04,0,7458
  1259 Ogyalla (1933 BT),MBA,N,N,10.59,36.111,0.066,17.334,,,0.1209,3.113,2.737,2.37,74.93,153.23,270.69,0.1794,2010.0,1.73,0,6636
  1260 Walhalla (1933 BW),MBA,N,N,12.44,13.328,0.12,,,,0.0378,2.616,2.517,8.02,304.46,22.64,146.43,0.233,1550.0,1.5,0,5765
  1261 Legia (1933 FB),MBA,N,N,11.42,32.576,0.067,25.71,,,0.179,3.136,2.574,2.43,67.27,103.86,230.43,0.1775,2030.0,1.58,0,10450
  1262 Sniadeckia (1933 FE),MBA,N,N,10.28,71.011,0.028,17.57,,,0.0038,3.007,2.995,13.14,124.18,203.72,138.04,0.1891,1900.0,1.98,0,6864
  1263 Varsavia (1933 FF),MBA,N,N,10.2,49.29,0.0459,7.1639,,,0.1869,2.667,2.169,29.25,158.43,287.03,173.58,0.2263,1590.0,1.33,0,7735
  1264 Letaba (1933 HG),MBA,N,N,9.63,66.04,0.041,32.74,,,0.1571,2.864,2.414,24.97,234.95,31.15,2.56,0.2033,1770.0,1.42,0,6370
  1265 Schweikarda (A911 UR),MBA,N,N,11.34,19.335,0.172,13.016,,,0.0691,3.027,2.818,9.5,314.19,112.84,208.4,0.1871,1920.0,1.85,0,7750
  1266 Tone (1927 BD),OMB,N,N,9.5,75.47,0.053,15.605,,,0.0494,3.366,3.2,17.23,320.12,306.08,215.2,0.1596,2260.0,2.21,0,8480
  1267 Geertruida (1930 HD),MBA,N,N,12.29,23.108,0.048,5.5087,,,0.1785,2.471,2.03,4.77,24.2,268.78,178.24,0.2537,1420.0,1.02,0,11330
  1268 Libya (1930 HJ),OMB,N,N,9.12,96.71,0.043,17.572,,,0.1039,3.985,3.57,4.42,350.94,119.05,170.49,0.1239,2910.0,2.59,0,6125
  1269 Rollandia (1930 SH),OMB,N,N,8.76,104.893,0.048,60.45,,,0.0966,3.921,3.542,2.76,134.57,16.84,302.51,0.1269,2840.0,2.55,0,6276
  1270 Datura (1930 YE),MBA,N,N,12.53,8.203,0.288,3.359,,,0.2084,2.234,1.769,5.99,97.76,258.9,228.57,0.2951,1220.0,0.775,0,6403
  1271 Isergina (1931 TN),MBA,N,N,10.6,47.524,0.031,7.59932,,,0.1209,3.139,2.76,6.68,126.81,272.56,328.76,0.1772,2030.0,1.78,0,12039
  1272 Gefion (1931 TZ1),MBA,N,N,12.93,6.965,0.252,3.086,,,0.1508,2.788,2.368,8.42,321.28,4.99,130.26,0.2117,1700.0,1.35,0,4575
  1273 Helma (1932 PF),MBA,N,N,13.0,6.278,0.34,6.0851,,,0.161,2.394,2.009,5.4,296.46,48.99,57.53,0.2661,1350.0,1.0,0,8665
  1274 Delportia (1932 WC),MBA,N,N,11.91,9.611,0.461,5.56,,,0.1141,2.229,1.974,4.39,327.04,244.75,201.48,0.2962,1220.0,0.972,0,5821
  1275 Cimbria (1932 WG),MBA,N,N,10.95,27.622,0.141,5.65,,,0.1686,2.68,2.228,12.86,188.35,198.0,96.49,0.2246,1600.0,1.23,0,11687
  1276 Ucclia (1933 BA),MBA,N,N,10.81,36.499,0.075,4.90768,,,0.0911,3.179,2.889,23.28,114.3,338.87,182.13,0.1739,2070.0,1.91,0,5516
  1277 Dolores (1933 HA),MBA,N,N,11.3,32.587,0.063,12.676,,,0.2408,2.696,2.047,6.98,246.94,47.27,261.54,0.2226,1620.0,1.04,0,8879
  1278 Kenya (1933 LA),MBA,N,N,10.95,19.361,0.195,188.0,,,0.264,2.404,1.769,10.86,90.24,238.52,239.82,0.2645,1360.0,0.783,0,10719
  1279 Uganda (1933 LB),MBA,N,N,12.35,6.804,0.321,23.2,,,0.211,2.369,1.869,5.72,335.39,297.45,113.85,0.2703,1330.0,0.86,0,7568
  1280 Baillauda (1933 QB),OMB,N,N,10.11,50.83,0.0505,12.648,,,0.0426,3.414,3.269,6.43,292.53,90.39,178.84,0.1562,2300.0,2.28,0,5857
  1281 Jeanne (1933 QJ),MBA,N,N,11.78,25.716,0.058,15.3,,,0.2098,2.556,2.02,7.43,209.88,73.7,234.68,0.2412,1490.0,1.02,0,12878
  1282 Utopia (1933 QM1),MBA,N,N,10.26,57.702,0.053,13.623,,,0.1195,3.121,2.748,18.02,324.22,78.14,201.83,0.1788,2010.0,1.82,0,5865
  1283 Komsomolia (1925 SC),MBA,N,N,10.4,29.569,0.153,32.175,,,0.2216,3.181,2.476,8.91,157.67,234.21,146.94,0.1738,2070.0,1.49,0,7026
  1284 Latvia (1933 OP),MBA,N,N,10.19,41.128,0.069,9.55,,,0.1728,2.644,2.187,10.89,302.66,115.14,91.34,0.2293,1570.0,1.22,0,5394
  1285 Julietta (1933 QF),MBA,N,N,11.0,42.43,0.058,20.3,,,0.0483,2.994,2.849,5.69,317.79,69.38,252.24,0.1903,1890.0,1.86,0,7932
  1286 Banachiewicza (1933 QH),MBA,N,N,10.93,21.474,0.17,8.63,,,0.095,3.02,2.733,9.75,200.33,107.53,232.0,0.1878,1920.0,1.74,0,7107
  1287 Lorcia (1933 QL),MBA,N,N,11.1,21.678,0.14,8.8776,,,0.0569,3.013,2.841,9.85,202.32,269.96,117.66,0.1885,1910.0,1.88,0,6763
  1288 Santa (1933 QM),MBA,N,N,11.41,31.378,0.044,7.605,,,0.064,2.886,2.701,7.56,298.85,52.28,287.3,0.2011,1790.0,1.7,0,5681
  1289 Kutaissi (1933 QR),MBA,N,N,10.65,21.531,0.245,3.6,,,0.061,2.86,2.685,1.62,193.02,115.29,47.87,0.2038,1770.0,1.67,0,7897
  1291 Phryne (1933 RA),MBA,N,N,10.39,27.418,0.127,5.5841,,,0.0973,3.01,2.717,9.12,215.28,116.79,236.86,0.1887,1910.0,1.72,0,7158
  1292 Luce (1933 SH),MBA,N,N,11.39,13.899,0.26,6.9541,,,0.0569,2.543,2.398,2.15,270.85,244.71,114.96,0.2431,1480.0,1.41,0,6837
  1293 Sonja (1933 SO),MCA,N,N,13.68,7.8,0.4598,2.878,,,0.2754,2.227,1.614,5.36,236.34,99.72,273.99,0.2965,1210.0,0.614,0,6005
  1294 Antwerpia (1933 UB1),MBA,N,N,10.66,37.199,0.117,6.63,,,0.2315,2.688,2.066,8.72,81.06,313.22,327.19,0.2236,1610.0,1.08,0,5321
  1295 Deflotte (1933 WD),OMB,N,N,10.85,47.407,0.046,14.64,,,0.1251,3.389,2.965,2.89,185.01,275.11,246.06,0.158,2280.0,1.98,0,10804
  1296 Andree (1933 WE),MBA,N,N,11.76,26.298,0.072,5.18366,,,0.1428,2.418,2.073,4.11,226.95,236.38,141.28,0.2622,1370.0,1.09,0,5683
  1297 Quadea (1934 AD),MBA,N,N,11.0,22.42,0.2,6.267,,,0.0668,3.023,2.821,9.0,295.81,126.2,230.82,0.1875,1920.0,1.85,0,6879
  1298 Nocturna (1934 AE),MBA,N,N,11.14,37.802,0.054,34.8,,,0.144,3.131,2.68,5.5,299.72,59.11,324.99,0.1779,2020.0,1.68,0,8783
  1299 Mertona (1934 BA),MBA,N,N,11.44,14.14,0.243,4.977,,,0.1853,2.805,2.285,7.88,165.46,260.56,238.51,0.2098,1720.0,1.31,0,5865
  1300 Marcelle (1934 CL),MBA,N,N,11.62,28.194,0.031,565.0,,,0.0076,2.781,2.76,9.55,82.9,354.36,342.63,0.2125,1690.0,1.78,0,12020
  1301 Yvonne (1934 EA),MBA,N,N,11.52,21.438,0.111,7.32,,,0.2713,2.766,2.015,34.05,161.47,302.0,19.56,0.2143,1680.0,1.15,0,7478
  1302 Werra (A924 SE),MBA,N,N,10.95,35.041,0.076,8.183,,,0.1747,3.113,2.569,2.6,90.1,353.25,71.65,0.1795,2010.0,1.58,0,5558
  1303 Luthera (1928 FP),OMB,N,N,9.46,81.685,0.024,8.3281,,,0.0956,3.234,2.924,19.53,71.79,102.26,344.98,0.1695,2120.0,2.0,0,6757
  1304 Arosa (1928 KC),MBA,N,N,9.2,43.613,0.337,7.7478,,,0.1229,3.193,2.801,18.98,86.35,147.63,5.57,0.1727,2080.0,1.8,0,6685
  1305 Pongola (1928 OC),MBA,N,N,10.62,24.11,0.169,8.335,,,0.0675,3.017,2.814,2.31,62.89,150.23,290.66,0.1881,1910.0,1.81,0,5623
  1306 Scythia (1930 OB),MBA,N,N,9.99,66.78,0.035,7.525,,,0.0968,3.142,2.838,14.99,274.03,142.23,309.6,0.1769,2030.0,1.87,0,12211
  1307 Cimmeria (1930 UF),MBA,N,N,12.39,9.419,0.251,2.82,,,0.0967,2.251,2.033,3.95,233.74,207.74,11.19,0.2919,1230.0,1.05,0,7658
  1308 Halleria (1931 EB),MBA,N,N,10.95,46.951,0.038,6.028,,,0.0082,2.909,2.885,5.56,353.95,187.22,25.86,0.1987,1810.0,1.88,0,7542
  1309 Hyperborea (1931 TO),OMB,N,N,10.38,57.57,0.043,13.88,,,0.1461,3.209,2.74,10.28,205.97,243.19,88.74,0.1714,2100.0,1.78,0,7037
  1311 Knopfia (1933 FF1),MBA,N,N,12.43,9.939,0.099,19.296,,,0.0434,2.427,2.321,2.83,244.94,244.49,228.23,0.2607,1380.0,1.34,0,5945
  1312 Vassar (1933 OT),MBA,N,N,10.62,36.28,0.0643,7.932,,,0.2103,3.099,2.448,21.93,129.19,261.91,286.64,0.1806,1990.0,1.56,0,5693
  1313 Berna (1933 QG),MBA,N,N,11.67,13.504,0.185,25.46,,,0.2074,2.657,2.106,12.56,298.08,100.29,67.28,0.2276,1580.0,1.16,0,10840
  1314 Paula (1933 SC),MBA,N,N,12.78,8.194,0.223,5.9498,,,0.1743,2.295,1.895,5.24,264.59,144.09,142.25,0.2835,1270.0,0.908,0,6665
  1315 Bronislawa (1933 SF1),OMB,N,N,10.2,64.863,0.04,9.578,,,0.0739,3.207,2.97,7.08,236.44,20.71,105.82,0.1716,2100.0,1.96,0,9409
  1317 Silvretta (1935 RC),OMB,N,N,10.11,17.919,0.275,7.048,,,0.2351,3.205,2.451,20.4,6.12,34.28,293.86,0.1718,2100.0,1.48,0,11560
  1318 Nerina (1934 FG),MBA,N,N,12.25,13.272,0.176,2.528,,,0.2025,2.309,1.841,24.62,358.22,196.56,52.92,0.281,1280.0,0.849,0,5420
  1319 Disa (1934 FO),MBA,N,N,10.68,25.651,0.097,7.08,,,0.2022,2.994,2.388,2.8,256.03,316.05,253.98,0.1903,1890.0,1.38,0,8298
  1320 Impala (1934 JG),MBA,N,N,10.87,37.331,0.078,6.1713,,,0.2364,2.983,2.278,19.85,71.71,206.93,240.89,0.1913,1880.0,1.28,0,6464
  1321 Majuba (1934 JH),MBA,N,N,10.1,37.137,0.083,5.207,,,0.1692,2.941,2.443,9.51,317.67,344.83,359.88,0.1954,1840.0,1.43,0,6671
  1322 Coppernicus (1934 LA),MBA,N,N,12.23,9.996,0.211,4.354,,,0.2345,2.422,1.854,23.36,253.13,29.29,74.7,0.2615,1380.0,0.859,0,6587
  1323 Tugela (1934 LD),OMB,N,N,9.83,78.295,0.018,19.5,,,0.1505,3.219,2.735,18.94,44.52,141.38,18.95,0.1706,2110.0,1.76,0,5715
  1324 Knysna (1934 LL),MBA,N,N,13.19,6.456,0.321,2.5538,,,0.164,2.184,1.826,4.52,304.28,329.98,103.84,0.3053,1180.0,0.81,0,8489
  1325 Inanda (1934 NR),MBA,N,N,12.15,10.89,0.374,20.52,,,0.2552,2.54,1.892,7.41,14.24,336.93,174.44,0.2434,1480.0,0.888,0,5402
  1326 Losaka (1934 NS),MBA,N,N,10.93,26.336,0.089,6.9,,,0.2242,2.668,2.07,15.98,101.64,278.44,300.18,0.2262,1590.0,1.14,0,5610
  1327 Namaqua (1934 RT),MBA,N,N,12.15,22.318,0.027,,,,0.1628,2.779,2.327,5.82,57.72,269.5,242.25,0.2128,1690.0,1.32,0,6437
  1328 Devota (1925 UA),OMB,N,N,10.03,53.697,0.046,17.1243,,,0.1367,3.502,3.023,5.77,222.55,171.6,107.65,0.1504,2390.0,2.03,0,6498
  1329 Eliane (1933 FL),MBA,N,N,11.03,19.467,0.149,137.8,,,0.1744,2.616,2.16,14.5,131.83,165.8,215.37,0.2329,1550.0,1.15,0,14633
  1330 Spiridonia (1925 DB),MBA,N,N,10.21,68.417,0.032,9.67,,,0.0748,3.17,2.933,15.96,158.78,2.7,269.55,0.1746,2060.0,1.94,0,12356
  1331 Solvejg (1933 QS),MBA,N,N,10.67,36.824,0.121,19.33,,,0.1895,3.101,2.513,3.1,121.31,184.29,328.83,0.1805,1990.0,1.5,0,7871
  1332 Marconia (1934 AA),MBA,N,N,10.61,46.796,0.063,19.16,,,0.1356,3.058,2.644,2.45,13.45,347.94,158.63,0.1843,1950.0,1.64,0,5896
  1333 Cevenola (1934 DA),MBA,N,N,11.46,15.262,0.209,4.877,,,0.1314,2.635,2.288,14.62,114.99,336.44,221.55,0.2305,1560.0,1.31,0,6157
  1334 Lundmarka (1934 OB),MBA,N,N,10.55,27.621,0.242,6.2497,,,0.0919,2.915,2.647,11.46,133.1,129.28,160.84,0.1981,1820.0,1.65,0,12929
  1335 Demoulina (1934 RE),MBA,N,N,12.86,7.484,0.218,74.86,,,0.1538,2.241,1.896,2.55,172.57,198.93,57.33,0.2938,1230.0,0.895,0,5873
  1336 Zeelandia (1934 RW),MBA,N,N,10.66,21.441,0.232,15.602,,,0.0632,2.851,2.671,3.2,97.38,217.42,14.25,0.2048,1760.0,1.66,0,6061
  1337 Gerarda (1934 RA1),MBA,N,N,11.22,40.875,0.034,12.52,,,0.1017,2.91,2.614,17.99,160.1,202.29,132.74,0.1985,1810.0,1.61,0,6073
  1338 Duponta (1934 XA),MBA,N,N,12.79,7.47,0.251,3.85453,,,0.112,2.264,2.01,4.81,325.48,110.69,250.92,0.2893,1240.0,1.03,0,8616
  1339 Desagneauxa (1934 XB),MBA,N,N,10.92,24.45,0.144,9.38,,,0.0529,3.02,2.861,8.69,290.65,159.15,106.93,0.1878,1920.0,1.88,0,8389
  1340 Yvette (1934 YA),MBA,N,N,11.21,29.451,0.095,3.525,,,0.1193,3.198,2.816,0.41,343.93,227.61,281.13,0.1724,2090.0,1.81,0,6298
  1341 Edmee (1935 BA),MBA,N,N,10.73,23.859,0.182,23.745,,,0.0761,2.745,2.536,13.1,107.42,141.75,228.93,0.2167,1660.0,1.53,0,14408
  1342 Brabantia (1935 CV),MBA,N,N,11.23,12.065,0.35,4.1754,,,0.2021,2.289,1.827,20.92,312.84,229.63,55.49,0.2845,1270.0,0.887,0,5220
  1343 Nicole (1935 FC),MBA,N,N,11.08,23.793,0.136,14.76,,,0.1156,2.568,2.271,6.03,41.17,235.46,284.18,0.2396,1500.0,1.26,0,5919
  1344 Caubeta (1935 GA),MBA,N,N,12.82,5.844,0.392,3.12219,,,0.1195,2.248,1.979,5.65,59.99,133.3,328.51,0.2925,1230.0,0.981,0,8074
  1345 Potomac (A908 CE),OMB,N,N,9.82,72.976,0.043,11.42,,,0.1824,3.985,3.258,11.4,137.41,332.51,329.87,0.1239,2910.0,2.28,0,5470
  1346 Gotha (1929 CY),MBA,N,N,11.37,13.731,0.278,2.64,,,0.1761,2.628,2.165,13.86,165.93,250.81,341.55,0.2314,1560.0,1.22,0,5379
  1347 Patria (1931 VW),MBA,N,N,11.3,32.4,0.0386,29.5,,,0.0664,2.572,2.401,11.87,229.04,202.27,269.29,0.239,1510.0,1.42,0,6433
  1348 Michel (1933 FD),MBA,N,N,11.14,16.29,0.265,8.095,,,0.1389,2.793,2.405,6.59,87.52,17.44,4.35,0.2112,1700.0,1.42,0,9337
  1349 Bechuana (1934 LJ),MBA,N,N,10.63,24.249,0.15,15.692,,,0.1533,3.016,2.554,10.05,307.03,305.62,181.7,0.1882,1910.0,1.55,0,11374
  1350 Rosselia (1934 TA),MBA,N,N,10.7,20.822,0.199,8.14,,,0.0858,2.859,2.613,2.94,139.45,237.68,317.28,0.2039,1770.0,1.62,0,6231
  1351 Uzbekistania (1934 TF),MBA,N,N,10.17,60.01,0.035,74.07,,,0.0692,3.195,2.974,9.64,9.29,64.97,290.4,0.1726,2090.0,2.0,0,11063
  1352 Wawel (1935 CE),MBA,N,N,11.19,19.979,0.149,16.97,,,0.0632,2.778,2.602,3.76,185.93,213.36,311.43,0.2128,1690.0,1.61,0,6605
  1353 Maartje (1935 CU),MBA,N,N,10.04,39.013,0.136,22.93,,,0.0951,3.011,2.725,9.2,211.62,96.49,342.51,0.1886,1910.0,1.73,0,9286
  1354 Botha (1935 GK),MBA,N,N,10.99,41.732,0.014,8.379,,,0.2147,3.127,2.456,5.95,28.65,250.0,70.85,0.1782,2020.0,1.45,0,6321
  1355 Magoeba (1935 HE),IMB,N,N,13.08,4.276,0.582,5.9466,,,0.0445,1.853,1.771,22.83,225.2,340.38,337.64,0.3906,922.0,0.765,0,7827
  1356 Nyanza (1935 JH),MBA,N,N,10.27,60.895,0.052,12.422,,,0.0551,3.082,2.912,7.94,69.54,299.28,137.03,0.1822,1980.0,1.92,0,6259
  1357 Khama (1935 ND),MBA,N,N,10.95,38.321,0.029,15.692,,,0.1536,3.189,2.699,13.96,83.62,283.08,261.81,0.1731,2080.0,1.74,0,5354
  1358 Gaika (1935 OB),MBA,N,N,12.62,22.183,0.03,10.1,,,0.1652,2.477,2.067,2.17,21.73,286.88,64.65,0.2529,1420.0,1.05,0,8931
  1359 Prieska (1935 OC),MBA,N,N,10.4,46.096,0.059,60.24,,,0.0721,3.122,2.897,11.1,63.99,342.86,49.69,0.1787,2010.0,1.91,0,7287
  1360 Tarka (1935 OD),MBA,N,N,11.48,33.316,0.03,8.87,,,0.2145,2.634,2.069,22.83,331.38,287.63,77.13,0.2306,1560.0,1.16,0,5438
  1361 Leuschneria (1935 QA),MBA,N,N,10.95,29.637,0.066,12.075,,,0.1305,3.08,2.678,21.59,164.67,171.73,241.8,0.1824,1970.0,1.67,0,6213
  1362 Griqua (1935 QG1),OMB,N,N,11.23,26.936,0.082,6.907,,,0.3729,3.211,2.014,24.24,121.3,261.64,136.01,0.1713,2100.0,1.17,0,6610
  1363 Herberta (1935 RA),MBA,N,N,11.35,13.913,0.337,3.015,,,0.0654,2.904,2.714,1.11,214.63,110.99,99.79,0.1992,1810.0,1.7,0,8292
  1364 Safara (1935 VB),MBA,N,N,10.78,21.197,0.087,7.25,,,0.0688,3.015,2.807,11.47,63.87,225.57,208.4,0.1883,1910.0,1.8,0,5856
  1365 Henyey (1928 RK),MBA,N,N,11.89,10.958,0.28,18.986,,,0.1233,2.249,1.971,5.08,258.44,337.97,34.94,0.2923,1230.0,0.959,0,5501
  1366 Piccolo (1932 WA),MBA,N,N,10.46,27.55,0.1538,16.57,,,0.1384,2.878,2.48,9.46,24.03,283.72,130.71,0.2019,1780.0,1.49,0,9931
  1367 Nongoma (1934 NA),MBA,N,N,12.0,9.365,0.282,94.8,,,0.1306,2.344,2.038,22.48,270.78,347.72,177.1,0.2746,1310.0,1.02,0,5382
  1368 Numidia (1935 HD),MBA,N,N,10.93,19.591,0.298,3.64,,,0.0608,2.525,2.372,14.81,18.02,263.87,163.9,0.2456,1470.0,1.41,0,7573
  1369 Ostanina (1935 QB),MBA,N,N,10.7,42.401,0.052,8.4001,,,0.2157,3.117,2.445,14.36,179.87,129.0,178.59,0.1791,2010.0,1.46,0,5948
  1371 Resi (1935 QJ),MBA,N,N,11.77,27.155,0.057,8.94581,,,0.1222,3.197,2.807,16.46,185.05,101.44,292.19,0.1724,2090.0,1.85,0,5899
  1372 Haremari (1935 QK),MBA,N,N,11.14,26.491,0.039,15.25,,,0.148,2.767,2.357,16.44,327.36,87.65,167.42,0.2141,1680.0,1.44,0,7800
  1373 Cincinnati (1935 QN),OMB,N,N,11.45,19.448,0.155,5.2834,,,0.3152,3.417,2.34,38.95,297.44,98.88,112.66,0.156,2310.0,1.63,0,4813
  1375 Alfreda (1935 UB),MBA,N,N,11.46,13.928,0.204,19.14,,,0.0704,2.447,2.275,5.82,52.74,31.6,151.98,0.2574,1400.0,1.29,0,5174
  1376 Michelle (1935 UH),MBA,N,N,12.43,7.053,0.267,5.9748,,,0.2149,2.228,1.749,3.55,163.42,156.12,85.2,0.2963,1210.0,0.736,0,5446
  1377 Roberbauxa (1936 CD),MBA,N,N,13.05,6.217,0.263,7.3627,,,0.0936,2.26,2.049,6.03,223.14,357.57,85.91,0.29,1240.0,1.04,0,7746
  1378 Leonce (1936 DB),MBA,N,N,12.38,21.228,0.061,4.325,,,0.1511,2.374,2.015,3.59,43.5,201.98,127.04,0.2695,1340.0,1.0,0,8230
  1379 Lomonosowa (1936 FC),MBA,N,N,10.86,18.69,0.182,24.488,,,0.0931,2.524,2.289,15.61,169.82,32.96,104.38,0.2458,1460.0,1.3,0,6160
  1380 Volodia (1936 FM),MBA,N,N,11.79,21.188,0.09,6.1957,,,0.1107,3.145,2.797,10.41,358.88,247.86,327.41,0.1767,2040.0,1.8,0,5576
  1381 Danubia (1930 QJ),MBA,N,N,12.69,19.825,0.069,5.25764,,,0.1809,2.49,2.039,4.7,351.74,29.52,62.53,0.2509,1430.0,1.04,0,15658
  1382 Gerti (1925 BB),MBA,N,N,12.06,11.939,0.196,3.082,,,0.1326,2.22,1.925,1.56,352.9,247.34,72.21,0.298,1210.0,0.912,0,5862
  1383 Limburgia (1934 RV),MBA,N,N,12.25,23.399,0.076,5.0,,,0.1866,3.083,2.508,0.05,192.81,165.34,305.25,0.1821,1980.0,1.5,0,8158
  1384 Kniertje (1934 RX),MBA,N,N,11.62,26.517,0.064,9.807,,,0.1796,2.679,2.197,11.86,152.79,276.06,243.2,0.2248,1600.0,1.25,0,6185
  1385 Gelria (1935 MJ),MBA,N,N,10.84,19.526,0.149,4.62384,,,0.1075,2.741,2.446,6.92,114.84,259.51,223.27,0.2172,1660.0,1.46,0,7030
  1386 Storeria (1935 PA),MBA,N,N,13.49,10.614,0.061,8.67,,,0.2873,2.364,1.685,11.82,161.41,152.93,296.49,0.2712,1330.0,0.679,0,5369
  1387 Kama (1935 QD),MBA,N,N,13.27,7.46,0.138,50.07,,,0.2096,2.258,1.785,5.54,202.94,125.95,221.39,0.2905,1240.0,0.779,0,4757
  1388 Aphrodite (1935 SS),MBA,N,N,11.14,21.355,0.144,11.9432,,,0.0887,3.023,2.754,11.18,54.32,258.93,123.87,0.1876,1920.0,1.77,0,12262
  1389 Onnie (1935 SS1),MBA,N,N,11.55,13.772,0.198,23.038,,,0.0111,2.866,2.834,2.05,174.52,297.69,113.02,0.2032,1770.0,1.85,0,6310
  1390 Abastumani (1935 TA),OMB,N,N,9.16,95.849,0.033,26.49,,,0.0368,3.436,3.309,19.93,28.87,335.5,63.08,0.1548,2330.0,2.32,0,6873
  1391 Carelia (1936 DA),MBA,N,N,11.78,11.079,0.214,5.87822,,,0.1615,2.549,2.138,7.6,103.22,86.08,352.31,0.2421,1490.0,1.15,0,4734
  1392 Pierre (1936 FO),MBA,N,N,12.05,26.44,0.0519,18.0,,,0.2024,2.608,2.08,12.26,358.21,43.9,227.07,0.234,1540.0,1.1,0,8092
  1393 Sofala (1936 KD),MBA,N,N,12.21,11.214,0.223,162.672,,,0.1087,2.435,2.17,5.84,56.64,182.85,206.28,0.2595,1390.0,1.16,0,8810
  1395 Aribeda (1936 OB),MBA,N,N,11.49,19.919,0.123,,,,0.0678,3.199,2.982,8.66,244.73,107.24,159.31,0.1723,2090.0,1.99,0,5082
  1396 Outeniqua (1936 PF),MBA,N,N,12.02,11.745,0.21,3.08158,,,0.164,2.249,1.88,4.49,359.39,266.77,210.86,0.2922,1230.0,0.869,0,8182
  1397 Umtata (1936 PG),MBA,N,N,11.41,20.798,0.084,30.0,,,0.2537,2.683,2.002,3.51,77.42,206.49,126.95,0.2243,1600.0,0.985,0,6115
  1398 Donnera (1936 QL),MBA,N,N,10.23,24.553,0.267,7.2311,,,0.0991,3.162,2.849,11.85,296.86,72.92,307.54,0.1753,2050.0,1.87,0,6185
  1399 Teneriffa (1936 QY),MBA,N,N,13.56,4.852,0.227,2.6295,,,0.1654,2.216,1.85,6.51,161.58,223.99,338.56,0.2988,1200.0,0.858,0,5262
  1400 Tirela (1936 WA),MBA,N,N,11.43,15.697,0.216,15.45,,,0.2341,3.131,2.398,15.59,209.77,112.93,130.53,0.1779,2020.0,1.44,0,6576
  1401 Lavonne (1935 UD),MBA,N,N,12.1,9.304,0.257,3.9338,,,0.1791,2.227,1.828,7.29,277.45,71.19,71.39,0.2965,1210.0,0.836,0,5098
  1402 Eri (1936 OC),MBA,N,N,12.79,14.214,0.037,,,,0.1541,2.684,2.271,14.29,266.94,11.61,128.29,0.2241,1610.0,1.25,0,4659
  1403 Idelsonia (1936 QA),MBA,N,N,11.56,26.531,0.072,5.458,,,0.2939,2.718,1.919,10.18,156.96,192.3,316.67,0.22,1640.0,0.913,0,6428
  1404 Ajax (1936 QW),TJN,N,N,9.29,83.99,0.048,29.411,,,0.1124,5.283,4.689,18.03,332.88,61.74,112.57,0.08116,4440.0,3.74,0,5100
  1405 Sibelius (1936 RE),MBA,N,N,12.78,6.81,0.388,6.051,,,0.1461,2.251,1.922,7.04,312.0,95.89,107.29,0.2918,1230.0,0.947,0,10787
  1406 Komppa (1936 RF),MBA,N,N,11.51,24.243,0.173,3.508,,,0.0974,2.696,2.433,12.43,333.01,86.69,9.21,0.2227,1620.0,1.48,0,9367
  1407 Lindelof (1936 WC),MBA,N,N,11.02,20.31,0.187,31.151,,,0.284,2.761,1.977,5.83,268.31,111.15,155.33,0.2149,1680.0,0.987,0,8103
  1408 Trusanda (1936 WF),MBA,N,N,11.26,35.423,0.051,,,,0.0975,3.106,2.803,8.35,201.36,185.53,122.69,0.18,2000.0,1.81,0,5930
  1409 Isko (1937 AK),MBA,N,N,11.09,35.54,0.0805,11.639,,,0.0568,2.676,2.524,6.71,177.5,205.11,208.88,0.2251,1600.0,1.53,0,6544
  1410 Margret (1937 AL),MBA,N,N,11.11,21.083,0.145,13.907,,,0.1086,3.021,2.693,10.35,170.79,233.7,52.3,0.1877,1920.0,1.72,0,5607
  1411 Brauna (1937 AM),MBA,N,N,10.99,28.272,0.096,4.9,,,0.0608,3.001,2.819,8.06,284.42,91.93,136.82,0.1895,1900.0,1.83,0,5158
  1412 Lagrula (1937 BA),MBA,N,N,12.47,7.806,0.318,5.882,,,0.1125,2.215,1.966,4.71,66.04,14.28,22.3,0.299,1200.0,0.981,0,7799
  1413 Roucarie (1937 CD),MBA,N,N,11.38,19.838,0.13,6.357,,,0.0666,3.023,2.822,10.23,178.64,297.47,345.3,0.1875,1920.0,1.85,0,8805
  1414 Jerome (1937 CE),MBA,N,N,13.09,15.105,0.054,,,,0.158,2.786,2.346,8.85,143.59,1.93,27.1,0.2119,1700.0,1.36,0,4734
  1415 Malautra (1937 EA),MBA,N,N,12.19,7.375,0.489,154.9,,,0.0874,2.224,2.029,3.42,329.15,240.67,225.41,0.2972,1210.0,1.03,0,7903
  1416 Renauxa (1937 EC),MBA,N,N,10.65,27.552,0.212,8.7,,,0.1101,3.019,2.687,10.03,352.47,66.03,38.56,0.1879,1920.0,1.72,0,5845
  1417 Walinskia (1937 GH),MBA,N,N,11.23,16.874,0.281,2.93,,,0.0781,2.973,2.741,8.27,95.97,163.65,58.93,0.1923,1870.0,1.72,0,10783
  1418 Fayeta (A903 SJ),MBA,N,N,12.13,11.701,0.2,63.641,,,0.2036,2.242,1.785,7.2,354.97,324.63,172.24,0.2936,1230.0,0.777,0,9887
  1419 Danzig (1929 RF),MBA,N,N,11.4,14.997,0.26,8.1202,,,0.147,2.293,1.956,5.73,213.48,232.75,185.06,0.2839,1270.0,0.978,0,8188
  1420 Radcliffe (1931 RJ),MBA,N,N,12.0,20.524,0.047,4.792,,,0.0781,2.748,2.534,3.49,260.71,72.64,265.92,0.2163,1660.0,1.52,0,6153
  1421 Esperanto (1936 FQ),MBA,N,N,10.6,43.31,0.0714,21.982,,,0.0845,3.089,2.828,9.8,42.55,161.56,155.03,0.1816,1980.0,1.82,0,8458
  1422 Stromgrenia (1936 QF),MBA,N,N,13.35,5.814,0.224,3.5051,,,0.1679,2.247,1.87,2.68,201.5,171.07,147.45,0.2926,1230.0,0.869,0,7391
  1423 Jose (1936 QM),MBA,N,N,10.93,19.58,0.338,12.307,,,0.0828,2.858,2.622,2.9,58.42,320.2,144.03,0.204,1770.0,1.62,0,5378
  1424 Sundmania (1937 AJ),MBA,N,N,9.98,64.691,0.03,93.73,,,0.0556,3.19,3.013,9.16,42.88,304.2,352.24,0.173,2080.0,2.02,0,7955
  1425 Tuorla (1937 GB),MBA,N,N,11.33,11.795,0.383,7.75,,,0.0979,2.612,2.357,12.96,185.86,341.71,21.24,0.2334,1540.0,1.36,0,5807
  1426 Riviera (1937 GF),MBA,N,N,11.0,17.613,0.414,4.4044,,,0.1611,2.58,2.164,9.07,334.99,274.54,105.44,0.2378,1510.0,1.17,0,8730
  1427 Ruvuma (1937 KB),MBA,N,N,11.43,35.406,0.034,4.797,,,0.2101,2.752,2.174,9.34,78.41,241.9,93.86,0.2159,1670.0,1.18,0,15144
  1428 Mombasa (1937 NO),MBA,N,N,10.27,52.464,0.038,16.67,,,0.1415,2.809,2.412,17.3,115.62,251.84,214.37,0.2093,1720.0,1.47,0,7286
  1429 Pemba (1937 NH),MBA,N,N,12.34,9.874,0.196,20.0,,,0.3342,2.554,1.7,7.75,47.65,297.83,211.28,0.2415,1490.0,0.71,0,5351
  1430 Somalia (1937 NK),MBA,N,N,12.16,9.352,0.153,6.913,,,0.1996,2.559,2.049,3.29,326.95,351.94,185.78,0.2407,1500.0,1.03,0,5390
  1431 Luanda (1937 OB),MBA,N,N,11.63,13.608,0.36,4.141,,,0.1838,2.619,2.138,13.99,117.65,223.95,271.32,0.2325,1550.0,1.15,0,6233
  1432 Ethiopia (1937 PG),MBA,N,N,12.04,7.074,0.769,9.8458,,,0.2255,2.382,1.845,8.27,123.2,218.46,350.93,0.2681,1340.0,0.842,0,7223
  1433 Geramtina (1937 UC),MBA,N,N,11.76,12.687,0.251,214.479,,,0.1675,2.798,2.33,8.25,321.4,94.79,290.15,0.2106,1710.0,1.36,0,8833
  1434 Margot (1936 FD1),MBA,N,N,10.39,27.178,0.13,8.2265,,,0.0693,3.016,2.807,10.83,152.31,144.96,293.58,0.1882,1910.0,1.8,0,8712
  1435 Garlena (1936 WE),MBA,N,N,13.21,14.54,0.044,5.758,,,0.2465,2.648,1.995,4.05,188.89,269.36,225.83,0.2288,1570.0,1.02,0,5833
  1436 Salonta (1936 YA),MBA,N,N,10.28,53.769,0.028,8.87,,,0.0605,3.148,2.957,13.89,260.38,32.23,135.55,0.1765,2040.0,1.95,0,6609
  1437 Diomedes (1937 PB),TJN,N,N,8.15,117.786,0.061,24.49,,,0.0461,5.227,4.986,20.45,315.78,131.15,106.27,0.08248,4360.0,4.03,0,5869
  1438 Wendeline (1937 TC),MBA,N,N,11.57,37.511,0.034,41.98,,,0.2369,3.159,2.411,2.04,238.2,129.03,207.46,0.1755,2050.0,1.41,0,6042
  1439 Vogtia (1937 TE),OMB,N,N,10.65,50.561,0.046,12.898,,,0.1171,3.993,3.525,4.2,35.54,100.92,286.62,0.1235,2910.0,2.54,0,5555
  1440 Rostia (1937 TF),MBA,N,N,12.58,15.299,0.083,9.448,,,0.1859,3.162,2.574,2.27,46.53,350.83,260.88,0.1753,2050.0,1.58,0,5663
  1441 Bolyai (1937 WA),MBA,N,N,13.25,14.76,0.0467,194.67,,,0.2389,2.632,2.003,13.92,253.96,115.82,260.29,0.2309,1560.0,1.05,0,5637
  1442 Corvina (1937 YF),MBA,N,N,11.49,16.947,0.145,77.92,,,0.0786,2.878,2.652,1.26,220.59,129.68,122.44,0.2019,1780.0,1.64,0,8059
  1443 Ruppina (1937 YG),MBA,N,N,11.06,16.467,0.218,5.88,,,0.0637,2.938,2.751,1.94,174.79,159.4,292.26,0.1957,1840.0,1.74,0,6714
  1444 Pannonia (1938 AE),MBA,N,N,11.76,26.363,0.053,10.756,,,0.137,3.153,2.721,17.76,303.2,310.09,112.68,0.176,2050.0,1.74,0,8659
  1445 Konkolya (1938 AF),MBA,N,N,11.82,20.332,0.078,,,,0.1854,3.121,2.542,2.28,88.89,274.86,89.77,0.1787,2010.0,1.54,0,5450
  1446 Sillanpaa (1938 BA),MBA,N,N,12.75,8.167,0.241,9.6602,,,0.1005,2.246,2.02,5.25,17.41,196.44,315.18,0.2929,1230.0,1.01,0,9932
  1447 Utra (1938 BB),MBA,N,N,11.73,11.834,0.303,257.0,,,0.0414,2.534,2.429,4.78,35.38,67.75,294.64,0.2443,1470.0,1.45,0,5607
  1448 Lindbladia (1938 DF),MBA,N,N,13.05,20.65,0.0378,10.969,,,0.186,2.372,1.931,5.81,44.75,75.06,15.99,0.2697,1330.0,0.956,0,16868
  1449 Virtanen (1938 DO),MBA,N,N,12.09,9.263,0.285,30.495,,,0.143,2.222,1.904,6.64,110.68,132.25,101.39,0.2976,1210.0,0.897,0,6492
  1450 Raimonda (1938 DP),MBA,N,N,12.51,18.481,0.094,12.67,,,0.1718,2.611,2.162,4.85,74.83,14.92,330.31,0.2337,1540.0,1.18,0,11751
  1451 Grano (1938 DT),MBA,N,N,13.25,6.17,0.429,138.0,,,0.1173,2.204,1.946,5.11,175.19,51.72,245.26,0.3012,1200.0,0.94,0,6862
  1452 Hunnia (1938 DZ1),MBA,N,N,12.22,20.91,0.046,17.2,,,0.2021,3.112,2.483,14.2,21.27,93.55,14.8,0.1795,2010.0,1.55,0,4572
  1453 Fennia (1938 ED1),IMB,N,N,12.49,6.573,0.409,4.4121,,,0.0284,1.897,1.843,23.67,7.04,254.62,124.69,0.3773,954.0,0.876,0,5025
  1454 Kalevala (1936 DO),MBA,N,N,12.7,5.117,0.615,,,,0.1426,2.364,2.027,5.09,352.47,135.59,262.26,0.2711,1330.0,1.05,0,5063
  1455 Mitchella (1937 LF),MBA,N,N,12.79,6.646,0.333,118.7,,,0.1258,2.246,1.964,7.75,128.24,100.86,118.89,0.2928,1230.0,0.969,0,5590
  1456 Saldanha (1937 NG),OMB,N,N,11.15,37.815,0.052,19.035,,,0.2241,3.208,2.489,10.45,282.36,65.8,107.05,0.1716,2100.0,1.5,0,7309
  1457 Ankara (1937 PA),MBA,N,N,10.81,17.834,0.32,35.54,,,0.1582,2.695,2.269,6.08,296.07,296.71,55.24,0.2228,1620.0,1.26,0,6719
  1458 Mineura (1937 RC),MBA,N,N,11.33,17.19,0.1502,930.0,,,0.1826,2.625,2.146,12.54,181.57,100.09,313.23,0.2318,1550.0,1.17,0,5872
  1459 Magnya (1937 VA),MBA,N,N,10.47,29.188,0.909,4.678,,,0.2282,3.153,2.433,16.89,41.38,328.77,290.55,0.1761,2040.0,1.45,0,11418
  1460 Haltia (1937 WC),MBA,N,N,12.64,8.44,0.226,3.59,,,0.1858,2.544,2.072,6.68,74.07,358.13,254.8,0.2428,1480.0,1.09,0,4509
  1461 Jean-Jacques (1937 YL),MBA,N,N,10.13,35.145,0.172,8.2788,,,0.0508,3.126,2.967,15.32,104.61,334.07,0.06,0.1783,2020.0,1.99,0,8439
  1462 Zamenhof (1938 CA),MBA,N,N,11.38,27.366,0.087,10.4,,,0.1081,3.146,2.806,0.96,24.73,186.28,177.79,0.1766,2040.0,1.8,0,7769
  1463 Nordenmarkia (1938 CB),MBA,N,N,10.71,36.547,0.031,5.918,,,0.1946,3.149,2.536,7.26,329.09,80.29,336.91,0.1764,2040.0,1.56,0,9999
  1464 Armisticia (1939 VO),MBA,N,N,10.98,23.313,0.126,7.5,,,0.0453,3.005,2.868,11.54,86.55,61.13,104.91,0.1892,1900.0,1.9,0,6565
  1465 Autonoma (1938 FA),MBA,N,N,11.74,18.111,0.123,4.882,,,0.178,3.026,2.487,9.92,166.92,50.23,193.07,0.1873,1920.0,1.49,0,6959
  1466 Mundleria (1938 KA),MBA,N,N,12.43,22.131,0.061,89.28,,,0.1557,2.377,2.007,13.14,154.79,75.56,333.47,0.2689,1340.0,1.04,0,12961
  1467 Mashona (1938 OE),OMB,N,N,8.77,89.16,0.083,9.76,,,0.1267,3.388,2.959,21.9,326.29,350.4,8.93,0.158,2280.0,1.95,0,8690
  1469 Linzia (1938 QD),MBA,N,N,9.94,74.78,0.038,22.215,,,0.0609,3.125,2.935,13.42,188.69,206.97,228.41,0.1784,2020.0,1.94,0,8698
  1470 Carla (1938 SD),MBA,N,N,11.13,36.97,0.0515,6.15,,,0.074,3.155,2.922,3.2,358.18,338.29,206.7,0.1759,2050.0,1.91,0,6259
  1471 Tornio (1938 SL1),MBA,N,N,11.14,28.719,0.085,6.6,,,0.1194,2.715,2.391,13.61,321.84,93.22,129.28,0.2203,1630.0,1.45,0,8137
  1472 Muonio (1938 UQ),MBA,N,N,12.39,8.388,0.24,8.706,,,0.1982,2.234,1.792,4.57,45.15,319.06,52.54,0.2951,1220.0,0.792,0,6156
  1473 Ounas (1938 UT),MBA,N,N,11.88,18.164,0.11,139.1,,,0.2368,2.575,1.966,13.64,216.45,129.43,63.42,0.2385,1510.0,0.989,0,8306
  1476 Cox (1936 RA),MBA,N,N,12.91,7.381,0.187,7.6994,,,0.1903,2.281,1.847,6.32,330.45,349.86,338.69,0.2861,1260.0,0.833,0,6371
  1477 Bonsdorffia (1938 CC),OMB,N,N,11.6,25.851,0.032,7.8,,,0.2659,3.21,2.357,15.81,319.81,105.41,222.54,0.1714,2100.0,1.43,0,5266
  1478 Vihuri (1938 CF),MBA,N,N,12.34,9.523,0.126,19.742,,,0.0896,2.466,2.245,7.83,318.51,162.68,258.05,0.2545,1410.0,1.26,0,6802
  1479 Inkeri (1938 DE),MBA,N,N,11.9,15.206,0.222,660.0,,,0.1949,2.674,2.153,7.29,17.98,79.57,47.5,0.2254,1600.0,1.18,0,5380
  1480 Aunus (1938 DK),MBA,N,N,13.2,6.385,0.257,5.16,,,0.1094,2.203,1.962,4.86,63.58,65.43,327.67,0.3015,1190.0,0.982,0,7003
  1481 Tubingia (1938 DR),MBA,N,N,10.45,33.77,0.104,225.6,,,0.0411,3.019,2.895,3.51,353.6,316.78,123.5,0.1879,1920.0,1.88,0,8911
  1482 Sebastiana (1938 DA1),MBA,N,N,11.04,17.186,0.217,10.489,,,0.0394,2.871,2.758,2.97,70.96,219.45,243.27,0.2026,1780.0,1.74,0,5399
  1483 Hakoila (1938 DJ1),MBA,N,N,12.01,10.633,0.237,239.1,,,0.1809,2.715,2.224,4.49,71.76,88.38,213.31,0.2203,1630.0,1.24,0,7088
  1484 Postrema (1938 HC),MBA,N,N,10.83,40.871,0.015,12.1923,,,0.2071,2.736,2.169,17.3,72.6,126.87,127.02,0.2178,1650.0,1.21,0,5469
  1485 Isa (1938 OB),MBA,N,N,11.86,17.336,0.117,,,,0.119,3.022,2.663,8.93,297.3,46.14,194.44,0.1876,1920.0,1.66,0,7394
  1486 Marilyn (1938 QA),MBA,N,N,12.88,6.414,0.391,4.566,,,0.1251,2.198,1.923,0.07,331.92,351.21,280.77,0.3024,1190.0,0.909,0,7324
  1487 Boda (1938 WC),MBA,N,N,11.29,25.671,0.097,11.025,,,0.1244,3.136,2.746,2.47,97.03,106.72,106.03,0.1775,2030.0,1.74,0,9374
  1488 Aura (1938 XE),MBA,N,N,10.25,24.665,0.139,99.7,,,0.1137,3.042,2.696,10.55,354.23,115.18,148.83,0.1858,1940.0,1.73,0,5790
  1489 Attila (1939 GC),MBA,N,N,11.74,26.789,0.089,11.28,,,0.1535,3.186,2.697,2.47,154.56,26.81,77.23,0.1733,2080.0,1.7,0,8199
  1490 Limpopo (1936 LB),MBA,N,N,12.13,14.844,0.068,6.647,,,0.1555,2.352,1.986,10.02,254.22,90.7,217.94,0.2733,1320.0,1.01,0,6634
  1491 Balduinus (1938 EJ),OMB,N,N,11.38,21.941,0.048,15.315,,,0.1277,3.241,2.827,3.64,312.99,160.63,123.43,0.1689,2130.0,1.84,0,5705
  1492 Oppolzer (1938 FL),MBA,N,N,12.98,12.27,0.089,3.76945,,,0.117,2.173,1.919,6.06,137.7,81.89,105.12,0.3077,1170.0,0.921,0,6583
  1493 Sigrid (1938 QB),MBA,N,N,12.11,28.905,0.034,43.296,,,0.2008,2.43,1.942,2.58,330.54,1.53,19.05,0.2602,1380.0,0.93,0,5691
  1494 Savo (1938 SJ),MBA,N,N,12.29,7.804,0.349,5.35011,,,0.1308,2.19,1.904,2.46,194.97,184.51,306.3,0.3041,1180.0,0.905,0,5559
  1495 Helsinki (1938 SW),MBA,N,N,11.65,12.235,0.274,5.33116,,,0.1539,2.642,2.235,12.71,12.91,269.26,184.62,0.2295,1570.0,1.26,0,10073
  1496 Turku (1938 SA1),MBA,N,N,12.57,7.758,0.203,6.47,,,0.1629,2.205,1.846,2.5,294.26,1.21,272.82,0.301,1200.0,0.828,0,7134
  1497 Tampere (1938 SB1),MBA,N,N,11.48,15.519,0.127,3.30237,,,0.0829,2.895,2.655,1.06,299.89,27.86,284.89,0.2001,1800.0,1.64,0,6405
  1498 Lahti (1938 SK1),MBA,N,N,11.85,31.605,0.034,58.0,,,0.2347,3.105,2.376,12.66,265.05,96.97,348.0,0.1802,2000.0,1.41,0,5839
  1499 Pori (1938 UF),MBA,N,N,11.44,14.896,0.24,3.3557,,,0.1857,2.67,2.174,12.18,239.55,74.57,38.81,0.2259,1590.0,1.2,0,7985
  1500 Jyvaskyla (1938 UH),MBA,N,N,12.74,8.095,0.161,8.8268,,,0.1896,2.242,1.817,7.43,19.87,17.24,333.33,0.2935,1230.0,0.825,0,8854
  1501 Baade (1938 UJ),MBA,N,N,11.94,10.798,0.263,15.29,,,0.2408,2.544,1.931,7.3,16.85,14.08,153.02,0.2429,1480.0,0.937,0,5706
  1502 Arenda (1938 WB),MBA,N,N,11.49,35.518,0.034,45.8,,,0.0871,2.732,2.494,4.09,204.28,272.55,54.95,0.2183,1650.0,1.51,0,5750
  1503 Kuopio (1938 XD),MBA,N,N,10.64,22.985,0.399,9.957,,,0.1015,2.627,2.361,12.34,316.8,178.77,128.91,0.2315,1560.0,1.37,0,7964
  1504 Lappeenranta (1939 FM),MBA,N,N,11.81,11.336,0.27,15.19,,,0.1558,2.4,2.026,11.05,94.71,51.34,143.19,0.265,1360.0,1.06,0,6947
  1505 Koranna (1939 HH),MBA,N,N,11.44,22.277,0.107,4.451,,,0.1336,2.659,2.303,14.51,248.12,344.56,335.31,0.2274,1580.0,1.29,0,7574
  1506 Xosa (1939 JC),MBA,N,N,12.13,13.963,0.157,292.0,,,0.2617,2.571,1.898,12.57,234.46,45.18,335.0,0.2391,1510.0,0.903,0,8513
  1507 Vaasa (1939 RD),MBA,N,N,13.69,4.648,0.444,34.07,,,0.2442,2.333,1.763,9.22,292.77,50.62,84.19,0.2766,1300.0,0.769,0,4177
  1509 Esclangona (1938 YG),IMB,N,N,12.66,8.17,0.2327,3.25283,,,0.0322,1.866,1.806,22.32,283.47,267.6,305.07,0.3865,931.0,0.843,0,7867
  1510 Charlois (1939 DC),MBA,N,N,11.72,24.507,0.118,5.866,,,0.1496,2.672,2.272,11.83,331.32,164.55,334.65,0.2256,1600.0,1.29,0,9529
  1511 Dalera (1939 FB),MBA,N,N,12.94,13.515,0.08,3.88,,,0.1083,2.358,2.102,4.07,81.7,96.83,332.98,0.2722,1320.0,1.11,0,7680
  1512 Oulu (1939 FE),OMB,N,N,9.54,79.872,0.039,132.3,,,0.1426,3.969,3.403,6.47,10.06,237.17,349.9,0.1247,2890.0,2.39,0,6961
  1513 Matra (1940 EB),MBA,N,N,13.2,6.603,0.189,117.6,,,0.0982,2.193,1.978,3.98,136.13,27.51,154.85,0.3035,1190.0,0.986,0,5629
  1514 Ricouxa (A906 QG),MBA,N,N,12.73,7.784,0.228,10.438,,,0.2004,2.24,1.791,4.54,145.76,179.46,203.48,0.294,1220.0,0.777,0,7201
  1515 Perrotin (1936 VG),MBA,N,N,12.86,6.505,0.24,13.965,,,0.2358,2.571,1.965,10.68,49.16,350.46,225.4,0.239,1510.0,0.974,0,5452
  1516 Henry (1938 BG),MBA,N,N,12.08,26.442,0.039,17.599,,,0.1857,2.622,2.135,8.75,125.81,93.86,194.01,0.2322,1550.0,1.15,0,9471
  1517 Beograd (1938 FD),MBA,N,N,11.4,39.524,0.05,6.943,,,0.0433,2.716,2.598,5.27,63.83,229.29,102.01,0.2202,1630.0,1.58,0,12390
  1518 Rovaniemi (1938 UA),MBA,N,N,12.43,8.48,0.295,5.249,,,0.1432,2.226,1.907,6.71,27.69,37.27,56.99,0.2968,1210.0,0.924,0,6148
  1519 Kajaani (1938 UB),MBA,N,N,11.54,31.166,0.05,,,,0.2392,3.128,2.38,12.6,15.78,338.98,269.46,0.1782,2020.0,1.38,0,6237
  1520 Imatra (1938 UY),MBA,N,N,10.56,53.435,0.062,18.635,,,0.0944,3.109,2.816,15.28,253.27,119.69,355.6,0.1798,2000.0,1.85,0,8833
  1521 Seinajoki (1938 UB1),MBA,N,N,11.99,14.813,0.205,4.32,,,0.1402,2.85,2.45,15.03,12.41,50.1,16.54,0.2048,1760.0,1.49,0,7325
  1522 Kokkola (1938 WO),MBA,N,N,12.41,9.422,0.206,5.83,,,0.0713,2.368,2.199,5.35,60.51,31.25,287.05,0.2705,1330.0,1.22,0,6276
  1523 Pieksamaki (1939 BC),MBA,N,N,12.46,9.111,0.281,5.3202,,,0.094,2.242,2.031,5.14,327.73,188.12,291.23,0.2936,1230.0,1.04,0,8036
  1524 Joensuu (1939 SB),MBA,N,N,10.8,45.056,0.064,9.276,,,0.1197,3.111,2.739,12.69,347.62,1.08,269.75,0.1796,2000.0,1.73,0,7665
  1525 Savonlinna (1939 SC),MBA,N,N,12.94,12.233,0.045,14.634,,,0.2645,2.695,1.982,5.87,278.86,65.11,182.72,0.2228,1620.0,0.981,0,5510
  1526 Mikkeli (1939 TF),MBA,N,N,13.2,5.318,0.328,2.9341,,,0.1874,2.315,1.881,6.21,336.83,72.84,141.26,0.2799,1290.0,0.901,0,4977
  1527 Malmquista (1939 UG),MBA,N,N,12.05,10.04,0.307,14.077,,,0.1982,2.227,1.786,5.19,16.09,304.37,13.61,0.2965,1210.0,0.778,0,6761
  1528 Conrada (1940 CA),MBA,N,N,11.7,11.095,0.355,6.321,,,0.1446,2.415,2.066,8.52,139.32,58.88,259.49,0.2627,1370.0,1.08,0,6071
  1529 Oterma (1938 BC),OMB,N,N,9.94,56.319,0.054,14.32,,,0.2067,3.998,3.172,9.07,100.51,293.85,62.61,0.1233,2920.0,2.19,0,5316
