id,name,nasaJplUrl,absoluteMagnitude,estimatedDiameterMinKm,estimatedDiameterMaxKm,isPotentiallyHazardous,isSentryObject,closeApproachDate,closeApproachVelocityKmh,missDistanceKm,orbitingBody
2001620,1620 Geographos (1951 RA),https://ssd.jpl.nasa.gov/tools/sbdb_lookup.html#/?sstr=2001620,15.26,2.35806068,5.2727839755,True,False,1901-08-23,42346.1219923274,5071250.822425447,Earth
2001863,1863 Antinous (1948 EA),https://ssd.jpl.nasa.gov/tools/sbdb_lookup.html#/?sstr=2001863,15.35,2.2623249055,5.058712276,False,False,1907-10-11,65086.2510865704,13378704.031489097,Mars
2001915,1915 Quetzalcoatl (1953 EA),https://ssd.jpl.nasa.gov/tools/sbdb_lookup.html#/?sstr=2001915,18.38,0.5604733623,1.2532565376,False,False,1906-03-06,54435.5501077667,3789658.286758657,Earth
2001917,1917 Cuyo (1968 AA),https://ssd.jpl.nasa.gov/tools/sbdb_lookup.html#/?sstr=2001917,14.38,3.536347843,7.907514169,False,False,1926-09-28,54844.1631468403,16872241.427827521,Earth
2002063,2063 Bacchus (1977 HB),https://ssd.jpl.nasa.gov/tools/sbdb_lookup.html#/?sstr=2002063,17.21,0.9606274149,2.1480282008,False,False,1903-03-06,37400.8037755259,9959874.764243583,Venus
2002100,2100 Ra-Shalom (1978 RA),https://ssd.jpl.nasa.gov/tools/sbdb_lookup.html#/?sstr=2002100,16.24,1.5016024791,3.3576852183,False,False,1906-12-24,64782.4637706833,12234214.413167575,Merc
2002102,2102 Tantalus (1975 YA),https://ssd.jpl.nasa.gov/tools/sbdb_lookup.html#/?sstr=2002102,16.0,1.6770846216,3.750075218,True,False,1912-12-23,122044.0248632747,10979849.692146514,Earth
2002201,2201 Oljato (1947 XC),https://ssd.jpl.nasa.gov/tools/sbdb_lookup.html#/?sstr=2002201,15.32,2.29379698,5.1290859738,True,False,1903-06-18,91244.2564079327,25845171.905392267,Earth
2002340,2340 Hathor (1976 UA),https://ssd.jpl.nasa.gov/tools/sbdb_lookup.html#/?sstr=2002340,20.41,0.2200670271,0.4920848322,True,False,1901-07-04,62969.6371285868,11911205.968456928,Merc
2000719,719 Albert (A911 TB),https://ssd.jpl.nasa.gov/tools/sbdb_lookup.html#/?sstr=2000719,15.59,2.0256060086,4.529392731,False,False,1909-08-21,12405.7041350431,255628988.036048565,Juptr
2000887,887 Alinda (A918 AA),https://ssd.jpl.nasa.gov/tools/sbdb_lookup.html#/?sstr=2000887,13.82,4.5767266723,10.2338719537,False,False,1974-01-04,25545.5052610523,20461808.703836132,Earth
2001627,1627 Ivar (1929 SH),https://ssd.jpl.nasa.gov/tools/sbdb_lookup.html#/?sstr=2001627,12.79,7.3545308935,16.4452310205,False,False,1929-07-19,23579.5333152807,24911350.704977863,Earth
2001916,1916 Boreas (1953 RA),https://ssd.jpl.nasa.gov/tools/sbdb_lookup.html#/?sstr=2001916,14.93,2.7450798165,6.1381850734,False,False,,,,
2001943,1943 Anteros (1973 EC),https://ssd.jpl.nasa.gov/tools/sbdb_lookup.html#/?sstr=2001943,15.68,1.9433676839,4.3455022465,False,False,1937-05-28,25928.3276243134,18431534.180031242,Earth
2002101,2101 Adonis (1936 CA),https://ssd.jpl.nasa.gov/tools/sbdb_lookup.html#/?sstr=2002101,18.69,0.4859090375,1.0865256386,True,False,1902-07-16,69587.3878906057,28140949.153484064,Earth
2002135,2135 Aristaeus (1977 HA),https://ssd.jpl.nasa.gov/tools/sbdb_lookup.html#/?sstr=2002135,18.05,0.6524616298,1.4589485569,True,False,1958-10-17,98776.0299183462,71380028.480414418,Earth
2000433,433 Eros (A898 PA),https://ssd.jpl.nasa.gov/tools/sbdb_lookup.html#/?sstr=2000433,10.39,22.2103282246,49.6638037128,False,False,1900-12-27,20083.0290749201,47112732.928149391,Earth
2001036,1036 Ganymed (A924 UB),https://ssd.jpl.nasa.gov/tools/sbdb_lookup.html#/?sstr=2001036,9.17,38.9542616126,87.1043769791,False,False,1910-02-25,22693.9188072925,292651826.143362125,Juptr
2001685,1685 Toro (1948 OA),https://ssd.jpl.nasa.gov/tools/sbdb_lookup.html#/?sstr=2001685,14.28,3.7030107822,8.2801838305,False,False,1908-08-04,58086.2958387757,26483636.825059795,Earth
2001980,1980 Tezcatlipoca (1950 LA),https://ssd.jpl.nasa.gov/tools/sbdb_lookup.html#/?sstr=2001980,13.8,4.6190746028,10.328564805,False,False,,,,
2002059,2059 Baboquivari (1963 UA),https://ssd.jpl.nasa.gov/tools/sbdb_lookup.html#/?sstr=2002059,15.98,1.6926024946,3.7847742368,False,False,1922-11-16,11660.4139891112,207416502.568043495,Juptr
2002062,2062 Aten (1976 AA),https://ssd.jpl.nasa.gov/tools/sbdb_lookup.html#/?sstr=2002062,17.11,1.0059003902,2.249261651,False,False,1900-01-19,40567.7550002054,18835343.845160325,Earth
2002329,2329 Orthos (1976 WA),https://ssd.jpl.nasa.gov/tools/sbdb_lookup.html#/?sstr=2002329,14.57,3.2400743539,7.2450265076,False,False,1920-10-05,83134.1309438344,27250292.77288159,Earth
2001221,1221 Amor (1932 EA1),https://ssd.jpl.nasa.gov/tools/sbdb_lookup.html#/?sstr=2001221,17.37,0.8923905787,1.9954459964,False,False,1908-03-14,38772.6266119612,27512874.494038238,Earth
2001566,1566 Icarus (1949 MA),https://ssd.jpl.nasa.gov/tools/sbdb_lookup.html#/?sstr=2001566,16.53,1.313877806,2.9379200884,True,False,1902-06-11,97229.0019638462,12638658.792139494,Earth
2001580,1580 Betulia (1950 KA),https://ssd.jpl.nasa.gov/tools/sbdb_lookup.html#/?sstr=2001580,14.54,3.2851482781,7.345814866,False,False,1929-06-09,40887.5570991565,276689988.314172818,Juptr
2001862,1862 Apollo (1932 HA),https://ssd.jpl.nasa.gov/tools/sbdb_lookup.html#/?sstr=2001862,16.09,1.6089960451,3.5978245324,True,False,1911-01-29,41906.5683244585,9839831.898234393,Venus
2001864,1864 Daedalus (1971 FA),https://ssd.jpl.nasa.gov/tools/sbdb_lookup.html#/?sstr=2001864,14.83,2.8744514425,6.4274688236,False,False,1909-11-13,76038.4445432087,22024825.635174355,Venus
2001865,1865 Cerberus (1971 UA),https://ssd.jpl.nasa.gov/tools/sbdb_lookup.html#/?sstr=2001865,16.77,1.1763998937,2.6305101311,False,False,1905-12-23,74066.4935203014,15819612.516217582,Venus
2001866,1866 Sisyphus (1972 XA),https://ssd.jpl.nasa.gov/tools/sbdb_lookup.html#/?sstr=2001866,12.48,8.4831076189,18.9688052962,False,False,1959-11-17,83065.5644621533,29534087.889817015,Earth
2001981,1981 Midas (1973 EA),https://ssd.jpl.nasa.gov/tools/sbdb_lookup.html#/?sstr=2001981,15.28,2.3364418497,5.2244428015,True,False,1916-09-24,113050.525394102,23199848.702355422,Earth
2002061,2061 Anza (1960 UA),https://ssd.jpl.nasa.gov/tools/sbdb_lookup.html#/?sstr=2002061,16.7,1.214940408,2.7166893409,False,False,1943-09-15,24822.4401869129,10260846.619914945,Earth
2002202,2202 Pele (1972 RA),https://ssd.jpl.nasa.gov/tools/sbdb_lookup.html#/?sstr=2002202,16.99,1.0630531449,2.3770590956,False,False,1972-10-07,23378.1490247855,22477105.69833364,Earth
2002212,2212 Hephaistos (1978 SB),https://ssd.jpl.nasa.gov/tools/sbdb_lookup.html#/?sstr=2002212,13.45,5.4269394569,12.1350055355,False,False,1905-03-14,105916.1259739172,17637403.955072893,Venus
2002608,2608 Seneca (1978 DA),https://ssd.jpl.nasa.gov/tools/sbdb_lookup.html#/?sstr=2002608,17.48,0.8483107619,1.8968805296,False,False,1905-03-01,61685.3221529083,25771799.401042504,Earth
2003122,3122 Florence (1981 ET3),https://ssd.jpl.nasa.gov/tools/sbdb_lookup.html#/?sstr=2003122,14.08,4.0602705828,9.0790410302,True,False,1930-08-29,50235.8172385176,7837812.343010439,Earth
2003271,3271 Ul (1982 RB),https://ssd.jpl.nasa.gov/tools/sbdb_lookup.html#/?sstr=2003271,16.54,1.3078410858,2.9244215717,False,False,1949-02-26,49213.0000668604,11184171.076343781,Mars
2003551,3551 Verenia (1983 RD),https://ssd.jpl.nasa.gov/tools/sbdb_lookup.html#/?sstr=2003551,16.72,1.2038017674,2.6917825833,False,False,1983-09-16,28810.4491938201,12754488.563255448,Earth
2003691,3691 Bede (1982 FT),https://ssd.jpl.nasa.gov/tools/sbdb_lookup.html#/?sstr=2003691,14.93,2.7450798165,6.1381850734,False,False,,,,
2003752,3752 Camillo (1985 PA),https://ssd.jpl.nasa.gov/tools/sbdb_lookup.html#/?sstr=2003752,15.14,2.4920398144,5.5723704277,False,False,1934-02-14,104764.5724043333,14064861.365463892,Earth
2003908,3908 Nyx (1980 PA),https://ssd.jpl.nasa.gov/tools/sbdb_lookup.html#/?sstr=2003908,17.45,0.8601119401,1.9232687664,False,False,1932-12-08,34977.2122420762,13926111.375569924,Mars
2004055,4055 Magellan (1985 DO2),https://ssd.jpl.nasa.gov/tools/sbdb_lookup.html#/?sstr=2004055,14.9,2.7832676807,6.2235757337,False,False,,,,
2004197,4197 Morpheus (1982 TA),https://ssd.jpl.nasa.gov/tools/sbdb_lookup.html#/?sstr=2004197,14.97,2.6949764633,6.0261505697,False,False,1913-05-12,102825.7414115641,26640610.812517376,Earth
2003102,3102 Krok (1981 QA),https://ssd.jpl.nasa.gov/tools/sbdb_lookup.html#/?sstr=2003102,16.16,1.5579552413,3.4836938254,False,False,1981-08-25,22059.1624440288,29746628.151072508,Earth
2003103,3103 Eger (1982 BB),https://ssd.jpl.nasa.gov/tools/sbdb_lookup.html#/?sstr=2003103,15.3,2.3150212221,5.176544822,False,False,1981-08-03,61046.892428621,26405146.921652433,Earth
2003199,3199 Nefertiti (1982 RA),https://ssd.jpl.nasa.gov/tools/sbdb_lookup.html#/?sstr=2003199,14.99,2.6702687706,5.9709024892,False,False,1916-03-16,48319.895556135,7046928.885504061,Mars
2003200,3200 Phaethon (1983 TB),https://ssd.jpl.nasa.gov/tools/sbdb_lookup.html#/?sstr=2003200,14.38,3.536347843,7.907514169,True,False,1924-10-21,121960.0339276838,22346303.065363848,Venus
2003352,3352 McAuliffe (1981 CW),https://ssd.jpl.nasa.gov/tools/sbdb_lookup.html#/?sstr=2003352,15.93,1.7320282714,3.8729329538,False,False,,,,
2003361,3361 Orpheus (1982 HR),https://ssd.jpl.nasa.gov/tools/sbdb_lookup.html#/?sstr=2003361,19.5,0.3346223745,0.7482383761,True,False,1929-11-12,46647.3890555114,22268359.568176661,Earth
2003362,3362 Khufu (1984 QA),https://ssd.jpl.nasa.gov/tools/sbdb_lookup.html#/?sstr=2003362,18.52,0.5254785303,1.1750057146,True,False,1912-09-09,108037.2079069855,72881438.226366259,Earth
2003552,3552 Don Quixote (1983 SA),https://ssd.jpl.nasa.gov/tools/sbdb_lookup.html#/?sstr=2003552,13.03,6.5849878292,14.7244804171,False,False,1920-12-29,42666.7760156916,90060424.686145673,Juptr
2003553,3553 Mera (1985 JA),https://ssd.jpl.nasa.gov/tools/sbdb_lookup.html#/?sstr=2003553,16.41,1.3885290704,3.1048453901,False,False,,,,
2003988,3988 Huma (1986 LA),https://ssd.jpl.nasa.gov/tools/sbdb_lookup.html#/?sstr=2003988,17.94,0.6863647587,1.5347582577,False,False,1900-07-25,26387.9704776766,8206401.04466161,Mars
2004034,4034 Vishnu (1986 PA),https://ssd.jpl.nasa.gov/tools/sbdb_lookup.html#/?sstr=2004034,18.5,0.5303407233,1.1858779086,True,False,1904-12-26,54636.6136850111,10094314.884382212,Venus
2004179,4179 Toutatis (1989 AC),https://ssd.jpl.nasa.gov/tools/sbdb_lookup.html#/?sstr=2004179,15.29,2.3257068746,5.2004386672,True,False,1906-10-02,44403.6131179945,23118431.871742149,Earth
2004183,4183 Cuno (1959 LM),https://ssd.jpl.nasa.gov/tools/sbdb_lookup.html#/?sstr=2004183,14.18,3.8775283038,8.670416872,True,False,1903-09-16,64644.5648246112,11911798.420901489,Mars
2002368,2368 Beltrovata (1977 RA),https://ssd.jpl.nasa.gov/tools/sbdb_lookup.html#/?sstr=2002368,15.18,2.4465549617,5.4706632051,False,False,,,,
2003288,3288 Seleucus (1982 DV),https://ssd.jpl.nasa.gov/tools/sbdb_lookup.html#/?sstr=2003288,15.34,2.2727673228,5.0820622309,False,False,1982-04-12,23403.185142592,20895360.863966496,Earth
2003360,3360 Syrinx (1981 VA),https://ssd.jpl.nasa.gov/tools/sbdb_lookup.html#/?sstr=2003360,16.03,1.654074158,3.6986222571,False,False,1950-12-01,81229.6046340457,13338427.213517304,Venus
2003554,3554 Amun (1986 EB),https://ssd.jpl.nasa.gov/tools/sbdb_lookup.html#/?sstr=2003554,15.91,1.7480545317,3.9087687612,False,False,1909-02-03,53593.3830688232,58971083.964523861,Earth
2003671,3671 Dionysus (1984 KD),https://ssd.jpl.nasa.gov/tools/sbdb_lookup.html#/?sstr=2003671,16.5,1.332155667,2.978790628,True,False,1930-11-15,11968.3484149415,275200658.700941986,Juptr
2003753,3753 Cruithne (1986 TO),https://ssd.jpl.nasa.gov/tools/sbdb_lookup.html#/?sstr=2003753,15.42,2.1905591097,4.898239078,False,False,1900-07-17,59753.2386469295,13746248.569927242,Earth
2003757,3757 Anagolay (1982 XB),https://ssd.jpl.nasa.gov/tools/sbdb_lookup.html#/?sstr=2003757,19.01,0.4193290755,0.9376483177,True,False,1900-11-16,39218.822832244,27345732.085040378,Earth
2004257,4257 Ubasti (1987 QA),https://ssd.jpl.nasa.gov/tools/sbdb_lookup.html#/?sstr=2004257,15.95,1.7161489408,3.8374256911,False,False,1911-07-24,81454.5331833992,5900874.772658079,Mars
2004401,4401 Aditi (1985 TB),https://ssd.jpl.nasa.gov/tools/sbdb_lookup.html#/?sstr=2004401,16.12,1.5869197917,3.5484605292,False,False,,,,
2003838,3838 Epona (1986 WA),https://ssd.jpl.nasa.gov/tools/sbdb_lookup.html#/?sstr=2003838,15.67,1.9523378616,4.3655601735,False,False,1979-08-01,71162.2538530412,7402720.117687786,Mars
2004015,4015 Wilson-Harrington (1979 VA),https://ssd.jpl.nasa.gov/tools/sbdb_lookup.html#/?sstr=2004015,16.19,1.536579294,3.4358957542,True,False,1919-09-30,31701.5588266278,7860397.746795606,Earth
2004341,4341 Poseidon (1987 KF),https://ssd.jpl.nasa.gov/tools/sbdb_lookup.html#/?sstr=2004341,16.08,1.6164228334,3.6144313359,False,False,1902-08-11,66353.2946466034,13539063.702980731,Venus
2004450,4450 Pan (1987 SY),https://ssd.jpl.nasa.gov/tools/sbdb_lookup.html#/?sstr=2004450,17.27,0.9344476509,2.0894884689,True,False,1907-12-11,77122.768082706,14855025.032818765,Venus
2004503,4503 Cleobulus (1989 WM),https://ssd.jpl.nasa.gov/tools/sbdb_lookup.html#/?sstr=2004503,15.82,1.8220277059,4.0741778073,False,False,1902-07-15,16637.0806382552,203480043.472579802,Juptr
2004769,4769 Castalia (1989 PB),https://ssd.jpl.nasa.gov/tools/sbdb_lookup.html#/?sstr=2004769,17.4,0.8801465209,1.9680674509,True,False,1902-02-18,56391.4069467527,9859362.079680337,Venus
2004947,4947 Ninkasi (1988 TJ1),https://ssd.jpl.nasa.gov/tools/sbdb_lookup.html#/?sstr=2004947,18.07,0.6464798256,1.4455728362,False,False,1933-07-01,26812.4182455903,2528239.338016894,Mars
2005011,5011 Ptah (6743 P-L),https://ssd.jpl.nasa.gov/tools/sbdb_lookup.html#/?sstr=2005011,16.64,1.2489785407,2.7928009194,True,False,1902-03-31,55202.4659329312,6011153.654968535,Mars
2005587,5587 (1990 SB),https://ssd.jpl.nasa.gov/tools/sbdb_lookup.html#/?sstr=2005587,13.89,4.431543091,9.9092315966,False,False,1906-09-21,12816.2993705762,294494433.65480196,Juptr
2005590,5590 (1990 VA),https://ssd.jpl.nasa.gov/tools/sbdb_lookup.html#/?sstr=2005590,19.91,0.2770479727,0.6194981001,False,False,1900-05-27,46599.5205997074,4838845.235615849,Venus
2005620,5620 Jasonwheeler (1990 OA),https://ssd.jpl.nasa.gov/tools/sbdb_lookup.html#/?sstr=2005620,17.11,1.0059003902,2.249261651,False,False,,,,
2005645,5645 (1990 SP),https://ssd.jpl.nasa.gov/tools/sbdb_lookup.html#/?sstr=2005645,17.23,0.9518203298,2.1283349598,False,False,1908-11-10,37859.0106383334,15226197.439282706,Earth
2004486,4486 Mithra (1987 SB),https://ssd.jpl.nasa.gov/tools/sbdb_lookup.html#/?sstr=2004486,15.62,1.9978136523,4.4672471329,True,False,1902-08-23,79937.7174172681,26278354.229668417,Earth
2004487,4487 Pocahontas (1987 UA),https://ssd.jpl.nasa.gov/tools/sbdb_lookup.html#/?sstr=2004487,17.48,0.8483107619,1.8968805296,False,False,,,,
2004596,4596 (1981 QB),https://ssd.jpl.nasa.gov/tools/sbdb_lookup.html#/?sstr=2004596,16.46,1.3569222899,3.0341704805,False,False,2001-10-13,74052.4385510392,6462312.242735578,Mars
2004954,4954 Eric (1990 SQ),https://ssd.jpl.nasa.gov/tools/sbdb_lookup.html#/?sstr=2004954,12.55,8.2140052596,18.3670741281,False,False,1939-10-06,45096.745300232,10542556.253845107,Mars
2004957,4957 Brucemurray (1990 XJ),https://ssd.jpl.nasa.gov/tools/sbdb_lookup.html#/?sstr=2004957,15.05,2.5974965333,5.8081788198,False,False,1939-05-07,55183.3322629622,11941824.762901308,Mars
2005143,5143 Heracles (1991 VL),https://ssd.jpl.nasa.gov/tools/sbdb_lookup.html#/?sstr=2005143,14.04,4.1357566488,9.2478330051,False,False,1903-12-22,21807.3492138222,270323268.990688944,Juptr
2005324,5324 Lyapunov (1987 SL),https://ssd.jpl.nasa.gov/tools/sbdb_lookup.html#/?sstr=2005324,15.35,2.2623249055,5.058712276,False,False,1911-08-31,44615.1419276587,27428041.281907988,Earth
2005381,5381 Sekhmet (1991 JY),https://ssd.jpl.nasa.gov/tools/sbdb_lookup.html#/?sstr=2005381,16.72,1.2038017674,2.6917825833,False,False,1908-05-16,83186.5689074081,19772825.735373203,Earth
2004544,4544 Xanthus (1989 FB),https://ssd.jpl.nasa.gov/tools/sbdb_lookup.html#/?sstr=2004544,17.39,0.8842090927,1.9771516375,False,False,1902-07-03,29616.6974335794,9723894.641048844,Venus
2004660,4660 Nereus (1982 DB),https://ssd.jpl.nasa.gov/tools/sbdb_lookup.html#/?sstr=2004660,18.75,0.4726666672,1.0569147985,True,False,1900-01-29,19961.5141789709,3111379.539567199,Earth
2004688,4688 (1980 WF),https://ssd.jpl.nasa.gov/tools/sbdb_lookup.html#/?sstr=2004688,19.6,0.3195618867,0.7145621017,False,False,1940-11-17,57458.0158972366,59574121.700049682,Earth
2005189,5189 (1990 UQ),https://ssd.jpl.nasa.gov/tools/sbdb_lookup.html#/?sstr=2005189,17.85,0.7154099509,1.599705282,True,False,1901-03-25,39386.5988598832,5402911.349706266,Mars
2005332,5332 Davidaguilar (1990 DA),https://ssd.jpl.nasa.gov/tools/sbdb_lookup.html#/?sstr=2005332,14.96,2.7074159094,6.0539660169,False,False,,,,
2005370,5370 Taranis (1986 RA),https://ssd.jpl.nasa.gov/tools/sbdb_lookup.html#/?sstr=2005370,15.23,2.3908645717,5.3461357073,False,False,2099-09-10,47562.8911118233,19827635.56754146,Earth
2005496,5496 (1973 NA),https://ssd.jpl.nasa.gov/tools/sbdb_lookup.html#/?sstr=2005496,16.16,1.5579552413,3.4836938254,False,False,1916-07-03,137212.7525305668,11447620.450186642,Earth
2005604,5604 (1992 FE),https://ssd.jpl.nasa.gov/tools/sbdb_lookup.html#/?sstr=2005604,17.36,0.8965096664,2.0046565566,True,False,1901-02-26,53557.6721317981,15099466.710736444,Earth
2004581,4581 Asclepius (1989 FC),https://ssd.jpl.nasa.gov/tools/sbdb_lookup.html#/?sstr=2004581,20.74,0.1890405519,0.4227075246,True,False,1901-06-27,45510.4484717792,16533200.938423862,Venus
2004953,4953 (1990 MU),https://ssd.jpl.nasa.gov/tools/sbdb_lookup.html#/?sstr=2004953,14.88,2.8090209395,6.2811617709,True,False,1919-11-18,68455.109817985,18036380.950770348,Venus
2005131,5131 (1990 BG),https://ssd.jpl.nasa.gov/tools/sbdb_lookup.html#/?sstr=2005131,14.81,2.9010484143,6.4869414603,False,False,1928-11-01,97834.4796588365,7271391.543486435,Venus
2005626,5626 Melissabrucker (1991 FE),https://ssd.jpl.nasa.gov/tools/sbdb_lookup.html#/?sstr=2005626,14.33,3.618719966,8.0917038355,False,False,1928-06-27,34036.9585778154,6958019.68492843,Mars
2005653,5653 Camarillo (1992 WD5),https://ssd.jpl.nasa.gov/tools/sbdb_lookup.html#/?sstr=2005653,16.22,1.5154966357,3.3887534971,False,False,1916-07-19,31398.230853471,14848700.1096741,Mars
2005828,5828 (1991 AM),https://ssd.jpl.nasa.gov/tools/sbdb_lookup.html#/?sstr=2005828,15.96,1.7082639526,3.8197943216,False,False,,,,
2005863,5863 Tara (1983 RB),https://ssd.jpl.nasa.gov/tools/sbdb_lookup.html#/?sstr=2005863,15.83,1.813656249,4.0554586606,False,False,1947-04-21,48492.2091431851,7588218.574289108,Mars
2006063,6063 Jason (1984 KB),https://ssd.jpl.nasa.gov/tools/sbdb_lookup.html#/?sstr=2006063,16.02,1.6617090174,3.7156943217,False,False,1901-08-24,106963.8267030066,21335020.641375563,Venus
2006178,6178 (1986 DA),https://ssd.jpl.nasa.gov/tools/sbdb_lookup.html#/?sstr=2006178,15.71,1.9167036797,4.2858797205,False,False,2038-04-07,17488.0173277914,29624429.310480452,Earth
2006239,6239 Minos (1989 QF),https://ssd.jpl.nasa.gov/tools/sbdb_lookup.html#/?sstr=2006239,18.59,0.5088092249,1.1377320144,True,False,1900-08-23,67001.0342417539,29226838.668163861,Earth
2006455,6455 (1992 HE),https://ssd.jpl.nasa.gov/tools/sbdb_lookup.html#/?sstr=2006455,14.08,4.0602705828,9.0790410302,False,False,,,,
2007025,7025 (1993 QA),https://ssd.jpl.nasa.gov/tools/sbdb_lookup.html#/?sstr=2007025,18.08,0.6435095206,1.4389310323,False,False,1900-12-04,51029.2348546453,62034342.865880918,Earth
2007092,7092 Cadmus (1992 LC),https://ssd.jpl.nasa.gov/tools/sbdb_lookup.html#/?sstr=2007092,15.12,2.5150983749,5.6239309364,False,False,1923-12-13,77797.5374791624,19256880.334291863,Earth
2007336,7336 Saunders (1989 RS1),https://ssd.jpl.nasa.gov/tools/sbdb_lookup.html#/?sstr=2007336,18.8,0.4619074603,1.0328564805,False,False,1968-09-15,19489.7912346926,29293055.816632802,Earth
2007341,7341 (1991 VK),https://ssd.jpl.nasa.gov/tools/sbdb_lookup.html#/?sstr=2007341,16.96,1.0778416872,2.4101272816,True,False,1961-11-19,46199.5575159629,19205793.200239195,Earth
2007822,7822 (1991 CS),https://ssd.jpl.nasa.gov/tools/sbdb_lookup.html#/?sstr=2007822,17.34,0.9048049682,2.0232054153,True,False,1915-09-02,68514.9696969829,14008925.001495387,Earth
2005660,5660 (1974 MA),https://ssd.jpl.nasa.gov/tools/sbdb_lookup.html#/?sstr=2005660,15.38,2.2312846442,4.9893041415,False,False,1900-07-23,134061.6690835837,47210761.345604056,Earth
2005731,5731 Zeus (1988 VP4),https://ssd.jpl.nasa.gov/tools/sbdb_lookup.html#/?sstr=2005731,15.47,2.1406958967,4.7867415442,False,False,1926-01-25,19388.6904120228,265530114.056206791,Juptr
2006489,6489 Golevka (1991 JX),https://ssd.jpl.nasa.gov/tools/sbdb_lookup.html#/?sstr=2006489,19.22,0.3806755436,0.8512163929,True,False,1926-08-01,42274.3614137096,12929666.158086961,Mars
2006569,6569 Ondaatje (1993 MO),https://ssd.jpl.nasa.gov/tools/sbdb_lookup.html#/?sstr=2006569,16.63,1.2547435637,2.8056919027,False,False,,,,
2006611,6611 (1993 VW),https://ssd.jpl.nasa.gov/tools/sbdb_lookup.html#/?sstr=2006611,16.82,1.1496217629,2.5706324102,False,False,1918-12-22,48120.1783769207,19339110.573403687,Earth
2007236,7236 (1987 PA),https://ssd.jpl.nasa.gov/tools/sbdb_lookup.html#/?sstr=2007236,18.32,0.5761757511,1.2883681464,False,False,1906-07-23,38371.3590827297,26499860.609342786,Earth
2007335,7335 (1989 JA),https://ssd.jpl.nasa.gov/tools/sbdb_lookup.html#/?sstr=2007335,17.7,0.7665755735,1.7141150923,True,False,1916-05-20,53780.483483662,9668093.438755884,Earth
2007358,7358 Oze (1995 YA3),https://ssd.jpl.nasa.gov/tools/sbdb_lookup.html#/?sstr=2007358,14.73,3.0099201655,6.7303860969,False,False,1972-09-15,18996.9727781671,18502379.437804373,Earth
2007474,7474 (1992 TC),https://ssd.jpl.nasa.gov/tools/sbdb_lookup.html#/?sstr=2007474,18.11,0.634680239,1.4191881584,False,False,1945-09-26,9161.9624101746,25755120.210923659,Earth
2007480,7480 Norwan (1994 PC),https://ssd.jpl.nasa.gov/tools/sbdb_lookup.html#/?sstr=2007480,17.24,0.9474471126,2.118556149,False,False,1901-01-21,30437.4355557582,13483501.917118919,Mars
2005646,5646 (1990 TR),https://ssd.jpl.nasa.gov/tools/sbdb_lookup.html#/?sstr=2005646,15.51,2.1016237932,4.6993736648,False,False,,,,
2005693,5693 (1993 EA),https://ssd.jpl.nasa.gov/tools/sbdb_lookup.html#/?sstr=2005693,16.78,1.1709948272,2.6184240349,True,False,1902-01-05,91186.194083531,20577254.442260009,Venus
2005751,5751 Zao (1992 AC),https://ssd.jpl.nasa.gov/tools/sbdb_lookup.html#/?sstr=2005751,14.94,2.7324673204,6.1099826748,False,False,,,,
2006047,6047 (1991 TB1),https://ssd.jpl.nasa.gov/tools/sbdb_lookup.html#/?sstr=2006047,17.84,0.7187121332,1.607089186,False,False,1935-10-19,76660.0150309794,68292739.433842669,Earth
2006050,6050 Miwablock (1992 AE),https://ssd.jpl.nasa.gov/tools/sbdb_lookup.html#/?sstr=2006050,14.94,2.7324673204,6.1099826748,False,False,2011-09-02,24146.6175922729,10870276.193712682,Mars
2006053,6053 (1993 BW3),https://ssd.jpl.nasa.gov/tools/sbdb_lookup.html#/?sstr=2006053,15.1,2.5383702936,5.6759685287,False,False,1964-01-26,56804.5616452664,5710526.697186458,Mars
2007753,7753 (1988 XB),https://ssd.jpl.nasa.gov/tools/sbdb_lookup.html#/?sstr=2007753,18.01,0.6645917971,1.4860724357,True,False,1901-06-22,56744.9140438883,12475400.587117675,Earth
2005786,5786 Talos (1991 RC),https://ssd.jpl.nasa.gov/tools/sbdb_lookup.html#/?sstr=2005786,17.14,0.9920989194,2.2184006242,False,False,,,,
2005797,5797 Bivoj (1980 AA),https://ssd.jpl.nasa.gov/tools/sbdb_lookup.html#/?sstr=2005797,18.89,0.4431543091,0.9909231597,False,False,1954-01-22,23566.4196796821,15718713.031401664,Earth
2005836,5836 (1993 MF),https://ssd.jpl.nasa.gov/tools/sbdb_lookup.html#/?sstr=2005836,14.99,2.6702687706,5.9709024892,False,False,1907-09-11,8910.60044774,263006695.584349582,Juptr
2005869,5869 Tanith (1988 VN4),https://ssd.jpl.nasa.gov/tools/sbdb_lookup.html#/?sstr=2005869,17.22,0.9562137328,2.1381589077,False,False,1964-06-16,44243.5864294609,13948615.547711681,Mars
2005879,5879 Almeria (1992 CH1),https://ssd.jpl.nasa.gov/tools/sbdb_lookup.html#/?sstr=2005879,17.61,0.7990150812,1.7866520367,False,False,1905-02-13,41877.7807783932,25530592.014114438,Earth
2006037,6037 (1988 EG),https://ssd.jpl.nasa.gov/tools/sbdb_lookup.html#/?sstr=2006037,18.86,0.4493191996,1.004708274,True,False,1907-09-02,36707.6487448541,24873142.137397968,Earth
2006456,6456 Golombek (1992 OM),https://ssd.jpl.nasa.gov/tools/sbdb_lookup.html#/?sstr=2006456,16.07,1.6238839022,3.6311147929,False,False,,,,
2006491,6491 (1991 OA),https://ssd.jpl.nasa.gov/tools/sbdb_lookup.html#/?sstr=2006491,18.72,0.4792421155,1.071617948,True,False,1906-06-20,21485.4831962423,21995931.584492779,Earth
2007088,7088 Ishtar (1992 AA),https://ssd.jpl.nasa.gov/tools/sbdb_lookup.html#/?sstr=2007088,16.84,1.1390819672,2.5470647106,False,False,,,,
2007350,7350 (1993 VA),https://ssd.jpl.nasa.gov/tools/sbdb_lookup.html#/?sstr=2007350,17.16,0.9830033019,2.1980622051,False,False,1900-11-03,19877.7825403973,20604719.683685215,Venus
2007482,7482 (1994 PC1),https://ssd.jpl.nasa.gov/tools/sbdb_lookup.html#/?sstr=2007482,16.58,1.2839702958,2.8710448625,True,False,1922-01-21,68295.7802544635,12398851.312159314,Earth
2007839,7839 (1994 ND),https://ssd.jpl.nasa.gov/tools/sbdb_lookup.html#/?sstr=2007839,17.83,0.7220295577,1.6145071727,False,False,1927-07-22,53236.3089012617,45954603.350035944,Earth
2007888,7888 (1993 UC),https://ssd.jpl.nasa.gov/tools/sbdb_lookup.html#/?sstr=2007888,15.19,2.4353140627,5.4455277909,False,False,1906-03-28,82838.2220980585,25081782.606579366,Earth
2008013,8013 Gordonmoore (1990 KA),https://ssd.jpl.nasa.gov/tools/sbdb_lookup.html#/?sstr=2008013,17.09,1.0152078719,2.2700738128,False,False,1930-02-06,5008.3179972076,293254201.728795752,Juptr
2008034,8034 Akka (1992 LR),https://ssd.jpl.nasa.gov/tools/sbdb_lookup.html#/?sstr=2008034,18.03,0.6584987829,1.4724480417,False,False,1940-08-14,28149.1968341681,23369934.195129153,Earth
2008037,8037 (1993 HO1),https://ssd.jpl.nasa.gov/tools/sbdb_lookup.html#/?sstr=2008037,16.63,1.2547435637,2.8056919027,False,False,1942-11-12,38690.6946790273,11612267.791109707,Mars
2008566,8566 (1996 EN),https://ssd.jpl.nasa.gov/tools/sbdb_lookup.html#/?sstr=2008566,16.47,1.3506877983,3.0202297334,True,False,1911-09-08,83657.1643503005,3837113.752999631,Earth
2009856,9856 (1991 EE),https://ssd.jpl.nasa.gov/tools/sbdb_lookup.html#/?sstr=2009856,17.09,1.0152078719,2.2700738128,True,False,1900-08-28,50560.3620813118,9138961.972779986,Earth
2009950,9950 ESA (1990 VB),https://ssd.jpl.nasa.gov/tools/sbdb_lookup.html#/?sstr=2009950,16.2,1.5295193534,3.4201092472,False,False,1987-03-12,46360.2342502969,14816759.91724401,Mars
2010145,10145 (1994 CK1),https://ssd.jpl.nasa.gov/tools/sbdb_lookup.html#/?sstr=2010145,17.0,1.0581688593,2.3661375011,False,False,1904-05-01,39649.8835237619,11150119.953249482,Venus
2010302,10302 (1989 ML),https://ssd.jpl.nasa.gov/tools/sbdb_lookup.html#/?sstr=2010302,19.48,0.3377185972,0.7551617405,False,False,1900-07-04,9037.0967447873,12793497.509359417,Earth
2010860,10860 (1995 LE),https://ssd.jpl.nasa.gov/tools/sbdb_lookup.html#/?sstr=2010860,17.02,1.0484675089,2.3444446221,False,False,1916-10-27,33750.6877289355,11188312.394178991,Mars
2011054,11054 (1991 FA),https://ssd.jpl.nasa.gov/tools/sbdb_lookup.html#/?sstr=2011054,17.07,1.0246014747,2.2910785472,False,False,1937-11-26,16176.8602334511,20153895.432197835,Earth
2011284,11284 Belenus (1990 BA),https://ssd.jpl.nasa.gov/tools/sbdb_lookup.html#/?sstr=2011284,18.25,0.5950520786,1.330576898,False,False,1914-09-05,32584.5829156284,14302316.553576405,Mars
2012538,12538 (1998 OH),https://ssd.jpl.nasa.gov/tools/sbdb_lookup.html#/?sstr=2012538,15.96,1.7082639526,3.8197943216,True,False,1910-04-24,53378.5442048744,16101185.028740102,Earth
2014402,14402 (1991 DB),https://ssd.jpl.nasa.gov/tools/sbdb_lookup.html#/?sstr=2014402,18.77,0.4683332331,1.0472249454,False,False,1973-03-30,25259.9585457351,23320076.635889589,Earth
2015745,15745 Yuliya (1991 PM5),https://ssd.jpl.nasa.gov/tools/sbdb_lookup.html#/?sstr=2015745,17.4,0.8801465209,1.9680674509,False,False,2063-10-20,33945.8280551304,12880960.113491935,Mars
2008507,8507 (1991 CB1),https://ssd.jpl.nasa.gov/tools/sbdb_lookup.html#/?sstr=2008507,17.21,0.9606274149,2.1480282008,False,False,1908-08-09,68102.579668896,20975965.228547799,Venus
2009058,9058 (1992 JB),https://ssd.jpl.nasa.gov/tools/sbdb_lookup.html#/?sstr=2009058,17.82,0.7253622947,1.6219593992,False,False,1924-04-20,41120.9157437687,14499312.967827844,Earth
2009162,9162 Kwiila (1987 OA),https://ssd.jpl.nasa.gov/tools/sbdb_lookup.html#/?sstr=2009162,18.01,0.6645917971,1.4860724357,False,False,1901-08-10,73803.9400214684,19593715.003102372,Earth
2010115,10115 (1992 SK),https://ssd.jpl.nasa.gov/tools/sbdb_lookup.html#/?sstr=2010115,17.14,0.9920989194,2.2184006242,True,False,1928-07-27,31328.3154339766,7517056.348549021,Mars
2011311,11311 Peleus (1993 XN2),https://ssd.jpl.nasa.gov/tools/sbdb_lookup.html#/?sstr=2011311,15.74,1.8904055193,4.2270752462,False,False,1919-11-12,56891.2772828437,19119175.943750473,Earth
2011405,11405 (1999 CV3),https://ssd.jpl.nasa.gov/tools/sbdb_lookup.html#/?sstr=2011405,15.22,2.4019003012,5.3708123486,False,False,1909-08-03,56544.5252784892,18442573.96428491,Earth
2013651,13651 (1997 BR),https://ssd.jpl.nasa.gov/tools/sbdb_lookup.html#/?sstr=2013651,17.87,0.708851033,1.5850390958,True,False,1906-07-31,51786.3513159274,21090737.567119658,Earth
2007977,7977 (1977 QQ5),https://ssd.jpl.nasa.gov/tools/sbdb_lookup.html#/?sstr=2007977,15.15,2.4805899315,5.5467677112,False,False,1994-03-14,50310.7782560158,11462293.697426444,Mars
2008176,8176 (1991 WA),https://ssd.jpl.nasa.gov/tools/sbdb_lookup.html#/?sstr=2008176,16.99,1.0630531449,2.3770590956,False,False,1916-06-12,103111.5499040923,6453380.816062755,Venus
2008201,8201 (1994 AH2),https://ssd.jpl.nasa.gov/tools/sbdb_lookup.html#/?sstr=2008201,15.93,1.7320282714,3.8729329538,False,False,1904-01-26,56344.2208542713,11059358.910560695,Venus
2008567,8567 (1996 HW1),https://ssd.jpl.nasa.gov/tools/sbdb_lookup.html#/?sstr=2008567,15.36,2.2519304668,5.0354696043,False,False,1967-09-16,22579.5902025194,18277980.912428868,Earth
2008709,8709 Kadlu (1994 JF1),https://ssd.jpl.nasa.gov/tools/sbdb_lookup.html#/?sstr=2008709,17.09,1.0152078719,2.2700738128,False,False,1905-03-31,27978.5099303631,14879195.919709553,Mars
2009400,9400 (1994 TW1),https://ssd.jpl.nasa.gov/tools/sbdb_lookup.html#/?sstr=2009400,14.84,2.8612445378,6.3979372868,False,False,1932-04-26,71602.856090199,13046609.580626556,Mars
2010165,10165 (1995 BL2),https://ssd.jpl.nasa.gov/tools/sbdb_lookup.html#/?sstr=2010165,17.36,0.8965096664,2.0046565566,False,False,1914-09-12,77773.4371511539,17620265.29005613,Venus
2011066,11066 Sigurd (1992 CC1),https://ssd.jpl.nasa.gov/tools/sbdb_lookup.html#/?sstr=2011066,15.17,2.4578477463,5.4959146391,False,False,1917-09-16,79379.79396894,21553474.38675386,Earth
2011500,11500 Tomaiyowit (1989 UR),https://ssd.jpl.nasa.gov/tools/sbdb_lookup.html#/?sstr=2011500,18.38,0.5604733623,1.2532565376,True,False,1906-11-28,34218.7130853073,13957352.362515421,Earth
2007889,7889 (1994 LX),https://ssd.jpl.nasa.gov/tools/sbdb_lookup.html#/?sstr=2007889,15.24,2.3798795468,5.321572445,False,False,1900-03-23,79524.426873456,18765854.333043856,Venus
2008014,8014 (1990 MF),https://ssd.jpl.nasa.gov/tools/sbdb_lookup.html#/?sstr=2008014,18.88,0.4451998164,0.9954970531,True,False,1900-09-27,35954.8104226892,6682919.314814442,Earth
2008035,8035 (1992 TB),https://ssd.jpl.nasa.gov/tools/sbdb_lookup.html#/?sstr=2008035,17.09,1.0152078719,2.2700738128,False,False,1923-09-22,75959.302099477,6194867.977452663,Venus
2009172,9172 Abhramu (1989 OB),https://ssd.jpl.nasa.gov/tools/sbdb_lookup.html#/?sstr=2009172,16.64,1.2489785407,2.7928009194,False,False,1969-09-10,14773.7057741904,280249931.950687863,Juptr
2009202,9202 (1993 PB),https://ssd.jpl.nasa.gov/tools/sbdb_lookup.html#/?sstr=2009202,16.1,1.6016033798,3.5812940302,False,False,1928-07-21,118404.0027724496,16633120.452472771,Venus
2010150,10150 (1994 PN),https://ssd.jpl.nasa.gov/tools/sbdb_lookup.html#/?sstr=2010150,15.45,2.160503512,4.8310327184,False,False,,,,
2010563,10563 Izhdubar (1993 WD),https://ssd.jpl.nasa.gov/tools/sbdb_lookup.html#/?sstr=2010563,16.94,1.0878148336,2.4324279148,False,False,1900-05-06,125743.8823540567,44011497.365830513,Earth
2010636,10636 (1998 QK56),https://ssd.jpl.nasa.gov/tools/sbdb_lookup.html#/?sstr=2010636,17.7,0.7665755735,1.7141150923,False,False,1911-02-17,41798.9812504302,18147211.325628559,Earth
2011398,11398 (1998 YP11),https://ssd.jpl.nasa.gov/tools/sbdb_lookup.html#/?sstr=2011398,16.36,1.4208720673,3.1771665298,False,False,1929-03-16,36383.0403227346,29870182.722361439,Earth
2011885,11885 Summanus (1990 SS),https://ssd.jpl.nasa.gov/tools/sbdb_lookup.html#/?sstr=2011885,18.52,0.5254785303,1.1750057146,False,False,1900-02-20,38581.7433705036,39801430.034287573,Earth
2012711,12711 Tukmit (1991 BB),https://ssd.jpl.nasa.gov/tools/sbdb_lookup.html#/?sstr=2012711,16.03,1.654074158,3.6986222571,False,False,1907-07-11,77919.0297817417,24242423.69463478,Earth
2012923,12923 Zephyr (1999 GK4),https://ssd.jpl.nasa.gov/tools/sbdb_lookup.html#/?sstr=2012923,15.8,1.8388867207,4.1118757104,True,False,2032-09-22,49649.1022485871,27827974.237914317,Earth
2013553,13553 Masaakikoyama (1992 JE),https://ssd.jpl.nasa.gov/tools/sbdb_lookup.html#/?sstr=2013553,16.54,1.3078410858,2.9244215717,False,False,1924-10-15,31077.5089742595,9621133.096585249,Mars
2014827,14827 Hypnos (1986 JK),https://ssd.jpl.nasa.gov/tools/sbdb_lookup.html#/?sstr=2014827,18.81,0.4597851883,1.028110936,True,False,1919-07-01,25598.7144899843,141189137.522007863,Juptr
2015817,15817 Lucianotesi (1994 QC),https://ssd.jpl.nasa.gov/tools/sbdb_lookup.html#/?sstr=2015817,18.47,0.5377184977,1.2023751136,False,False,1964-03-31,27243.3028122499,13999514.098689427,Mars
2016912,16912 Rhiannon (1998 EP8),https://ssd.jpl.nasa.gov/tools/sbdb_lookup.html#/?sstr=2016912,17.91,0.6959130436,1.5561088719,False,False,1911-07-25,47489.4312185833,8365934.950870631,Mars
2017181,17181 (1999 UM3),https://ssd.jpl.nasa.gov/tools/sbdb_lookup.html#/?sstr=2017181,16.77,1.1763998937,2.6305101311,False,False,1903-01-29,19769.9207307181,168438513.589061667,Juptr
2017182,17182 (1999 VU),https://ssd.jpl.nasa.gov/tools/sbdb_lookup.html#/?sstr=2017182,17.13,0.99667824,2.2286402963,False,False,1901-12-30,48045.3593163494,29112446.637297116,Earth
2017511,17511 (1992 QN),https://ssd.jpl.nasa.gov/tools/sbdb_lookup.html#/?sstr=2017511,17.32,0.9131770255,2.0419259045,False,False,1918-01-13,54323.1270848203,29732069.5257207,Earth
2018736,18736 (1998 NU),https://ssd.jpl.nasa.gov/tools/sbdb_lookup.html#/?sstr=2018736,15.97,1.7004151927,3.8022439609,False,False,1921-06-08,43764.5019592318,6552387.214632758,Mars
2020236,20236 (1998 BZ7),https://ssd.jpl.nasa.gov/tools/sbdb_lookup.html#/?sstr=2020236,17.72,0.7595475664,1.6983999907,True,False,1905-06-12,41031.873644643,10181489.078781157,Earth
2020790,20790 (2000 SE45),https://ssd.jpl.nasa.gov/tools/sbdb_lookup.html#/?sstr=2020790,16.64,1.2489785407,2.7928009194,False,False,1925-10-02,16904.7006809547,153635635.037692401,Juptr
2021277,21277 (1996 TO5),https://ssd.jpl.nasa.gov/tools/sbdb_lookup.html#/?sstr=2021277,16.18,1.5436718218,3.4517551284,False,False,1945-06-07,55834.2412572308,5000363.677248716,Mars
2022753,22753 (1998 WT),https://ssd.jpl.nasa.gov/tools/sbdb_lookup.html#/?sstr=2022753,17.68,0.77366861,1.729975604,True,False,1900-05-14,63892.5914301685,11361535.881793416,Venus
2023183,23183 (2000 OY21),https://ssd.jpl.nasa.gov/tools/sbdb_lookup.html#/?sstr=2023183,16.05,1.6389095149,3.6647130844,False,False,,,,
2016064,16064 Davidharvey (1999 RH27),https://ssd.jpl.nasa.gov/tools/sbdb_lookup.html#/?sstr=2016064,16.86,1.128638801,2.523713081,False,False,1900-08-18,26948.2064183553,282807827.286217604,Juptr
2016657,16657 (1993 UB),https://ssd.jpl.nasa.gov/tools/sbdb_lookup.html#/?sstr=2016657,16.55,1.3018321019,2.9109850751,False,False,,,,
2016960,16960 (1998 QS52),https://ssd.jpl.nasa.gov/tools/sbdb_lookup.html#/?sstr=2016960,14.32,3.6354232184,8.1290534434,True,False,1902-10-08,29447.7245260114,248012802.858032733,Juptr
2017274,17274 (2000 LC16),https://ssd.jpl.nasa.gov/tools/sbdb_lookup.html#/?sstr=2017274,16.87,1.1234531767,2.5121176727,False,False,1908-03-03,14997.7891556357,211728114.076423118,Juptr
2018106,18106 Blume (2000 NX3),https://ssd.jpl.nasa.gov/tools/sbdb_lookup.html#/?sstr=2018106,17.78,0.7388477866,1.6521138758,False,False,1933-08-10,5361.2907545969,297334597.68646184,Juptr
2018882,18882 (1999 YN4),https://ssd.jpl.nasa.gov/tools/sbdb_lookup.html#/?sstr=2018882,16.14,1.5723708236,3.5159280475,False,False,,,,
2019356,19356 (1997 GH3),https://ssd.jpl.nasa.gov/tools/sbdb_lookup.html#/?sstr=2019356,17.0,1.0581688593,2.3661375011,False,False,2001-02-14,29134.6217564034,21794151.718508942,Earth
2020826,20826 (2000 UV13),https://ssd.jpl.nasa.gov/tools/sbdb_lookup.html#/?sstr=2020826,13.85,4.5139316282,10.0934579665,False,False,1915-11-05,31444.323106163,186440801.753730921,Juptr
2022771,22771 (1999 CU3),https://ssd.jpl.nasa.gov/tools/sbdb_lookup.html#/?sstr=2022771,16.96,1.0778416872,2.4101272816,False,False,1908-09-22,63335.821733266,13303041.841980262,Earth
2016636,16636 (1993 QP),https://ssd.jpl.nasa.gov/tools/sbdb_lookup.html#/?sstr=2016636,18.78,0.4661814374,1.0424133839,False,False,2063-09-04,25316.2915723248,13520537.233483765,Mars
2016834,16834 (1997 WU22),https://ssd.jpl.nasa.gov/tools/sbdb_lookup.html#/?sstr=2016834,15.75,1.8817198949,4.2076535996,False,False,1913-06-02,48039.5479906217,28767353.717268997,Earth
2018109,18109 (2000 NG11),https://ssd.jpl.nasa.gov/tools/sbdb_lookup.html#/?sstr=2018109,17.19,0.9695159909,2.167903661,False,False,1920-10-06,7747.6801103902,28809322.995783248,Earth
2019764,19764 (2000 NF5),https://ssd.jpl.nasa.gov/tools/sbdb_lookup.html#/?sstr=2019764,16.11,1.5942446807,3.5648394788,False,False,2001-12-06,3035.1963715394,296722734.334836647,Juptr
2020255,20255 (1998 FX2),https://ssd.jpl.nasa.gov/tools/sbdb_lookup.html#/?sstr=2020255,18.45,0.5426939457,1.2135005535,False,False,1916-03-05,58421.0456657816,61214850.625871267,Earth
2020429,20429 (1998 YN1),https://ssd.jpl.nasa.gov/tools/sbdb_lookup.html#/?sstr=2020429,17.76,0.745684261,1.6674006973,False,False,1900-05-12,36174.6139363175,23764983.977462942,Earth
2021374,21374 (1997 WS22),https://ssd.jpl.nasa.gov/tools/sbdb_lookup.html#/?sstr=2021374,17.45,0.8601119401,1.9232687664,False,False,1900-08-06,33456.154258256,13420538.836478005,Mars
2022099,22099 (2000 EX106),https://ssd.jpl.nasa.gov/tools/sbdb_lookup.html#/?sstr=2022099,18.09,0.6405528629,1.4323197447,False,False,1903-01-22,29426.1464606237,19308655.12487356,Venus
2016816,16816 (1997 UF9),https://ssd.jpl.nasa.gov/tools/sbdb_lookup.html#/?sstr=2016816,16.24,1.5016024791,3.3576852183,False,False,1906-07-19,79770.3013859605,20930785.415185691,Venus
2017188,17188 (1999 WC2),https://ssd.jpl.nasa.gov/tools/sbdb_lookup.html#/?sstr=2017188,16.42,1.3821493588,3.0905799213,False,False,1914-06-10,67794.147245493,25910777.692245879,Earth
2018172,18172 (2000 QL7),https://ssd.jpl.nasa.gov/tools/sbdb_lookup.html#/?sstr=2018172,15.69,1.9344387205,4.3255364773,False,False,1913-11-01,20133.1827212307,72586693.651309813,Earth
2020086,20086 (1994 LW),https://ssd.jpl.nasa.gov/tools/sbdb_lookup.html#/?sstr=2020086,16.68,1.2261821132,2.7418265579,False,False,1906-09-01,27372.6823455675,158928761.222938572,Juptr
2020425,20425 (1998 VD35),https://ssd.jpl.nasa.gov/tools/sbdb_lookup.html#/?sstr=2020425,20.51,0.2101623793,0.4699373665,True,False,1901-05-14,51970.6877587614,11271518.8341915,Earth
2020460,20460 Robwhiteley (1999 LO28),https://ssd.jpl.nasa.gov/tools/sbdb_lookup.html#/?sstr=2020460,15.41,2.2006702711,4.9208483223,False,False,2007-02-28,67006.723338625,12646805.922059268,Mars
2021088,21088 Chelyabinsk (1992 BL2),https://ssd.jpl.nasa.gov/tools/sbdb_lookup.html#/?sstr=2021088,14.34,3.602093458,8.0545258335,False,False,2142-08-29,66474.2801832833,14756414.545011717,Mars
2024445,24445 (2000 PM8),https://ssd.jpl.nasa.gov/tools/sbdb_lookup.html#/?sstr=2024445,14.71,3.0377706139,6.7926615927,False,False,2059-10-13,65867.750733074,27118250.108207581,Earth
2025330,25330 (1999 KV4),https://ssd.jpl.nasa.gov/tools/sbdb_lookup.html#/?sstr=2025330,16.75,1.1872849879,2.6548499417,False,False,1915-04-04,33414.8512086329,29020106.723728562,Earth
2026379,26379 (1999 HZ1),https://ssd.jpl.nasa.gov/tools/sbdb_lookup.html#/?sstr=2026379,18.2,0.6089126221,1.3615700154,False,False,1915-08-10,50513.5340231101,16642486.027124121,Venus
2029075,29075 (1950 DA),https://ssd.jpl.nasa.gov/tools/sbdb_lookup.html#/?sstr=2029075,17.28,0.930154254,2.0798881414,True,False,1919-03-02,56518.8786861685,12513834.045175541,Earth
2031210,31210 (1998 BX7),https://ssd.jpl.nasa.gov/tools/sbdb_lookup.html#/?sstr=2031210,16.4,1.3949382293,3.1191767052,False,False,1911-10-08,7551.1528614262,240426215.962671502,Juptr
2031346,31346 (1998 PB1),https://ssd.jpl.nasa.gov/tools/sbdb_lookup.html#/?sstr=2031346,17.16,0.9830033019,2.1980622051,False,False,1998-07-19,22005.6505123476,26580545.248141131,Earth
2031662,31662 (1999 HP11),https://ssd.jpl.nasa.gov/tools/sbdb_lookup.html#/?sstr=2031662,19.54,0.3285148278,0.7345814866,False,False,1900-11-15,95401.3675040572,50886203.229395348,Earth
2032906,32906 (1994 RH),https://ssd.jpl.nasa.gov/tools/sbdb_lookup.html#/?sstr=2032906,16.04,1.6464743776,3.6816286314,False,False,1965-01-03,39227.0853712597,14703734.83691439,Mars
2035107,35107 (1991 VH),https://ssd.jpl.nasa.gov/tools/sbdb_lookup.html#/?sstr=2035107,16.85,1.133848361,2.5353620113,True,False,1905-07-30,32471.6750620642,15268885.894597195,Earth
2035396,35396 (1997 XF11),https://ssd.jpl.nasa.gov/tools/sbdb_lookup.html#/?sstr=2035396,17.01,1.0533070151,2.3552660868,True,False,1907-05-19,33023.4367099679,14803979.546813105,Venus
2035670,35670 (1998 SU27),https://ssd.jpl.nasa.gov/tools/sbdb_lookup.html#/?sstr=2035670,19.57,0.3240074354,0.7245026508,False,False,1903-01-07,40124.7642940276,13939008.537057938,Earth
2036236,36236 (1999 VV),https://ssd.jpl.nasa.gov/tools/sbdb_lookup.html#/?sstr=2036236,15.95,1.7161489408,3.8374256911,False,False,,,,
2026310,26310 (1998 TX6),https://ssd.jpl.nasa.gov/tools/sbdb_lookup.html#/?sstr=2026310,19.28,0.3703010782,0.828018383,False,False,1945-07-16,32439.4878353455,8943725.1137157,Mars
2026760,26760 (2001 KP41),https://ssd.jpl.nasa.gov/tools/sbdb_lookup.html#/?sstr=2026760,15.5,2.1113244479,4.7210649881,False,False,1907-12-01,22735.7049333659,251936308.842405032,Juptr
2027002,27002 (1998 DV9),https://ssd.jpl.nasa.gov/tools/sbdb_lookup.html#/?sstr=2027002,18.31,0.5788352575,1.2943149835,True,False,1904-02-04,27315.7988971788,2265439.652763656,Earth
2027031,27031 (1998 RO4),https://ssd.jpl.nasa.gov/tools/sbdb_lookup.html#/?sstr=2027031,17.89,0.7023522477,1.57050737,False,False,1983-01-26,26872.4327616213,10855098.756771619,Mars
2035432,35432 (1998 BG9),https://ssd.jpl.nasa.gov/tools/sbdb_lookup.html#/?sstr=2035432,19.39,0.3520099801,0.7871182442,False,False,2104-01-03,41622.0948858712,26978374.25970378,Earth
2036284,36284 (2000 DM8),https://ssd.jpl.nasa.gov/tools/sbdb_lookup.html#/?sstr=2036284,15.04,2.6094860325,5.8349881551,False,False,1908-07-29,121477.0100596535,2649242.248356809,Venus
2023548,23548 (1994 EF2),https://ssd.jpl.nasa.gov/tools/sbdb_lookup.html#/?sstr=2023548,17.28,0.930154254,2.0798881414,False,False,1935-03-01,78048.3241738098,73587789.028823004,Earth
2023606,23606 (1996 AS1),https://ssd.jpl.nasa.gov/tools/sbdb_lookup.html#/?sstr=2023606,18.39,0.5578982211,1.2474983468,False,False,1941-07-13,31578.5874201654,20453117.72581976,Earth
2024443,24443 (2000 OG),https://ssd.jpl.nasa.gov/tools/sbdb_lookup.html#/?sstr=2024443,16.42,1.3821493588,3.0905799213,False,False,1920-02-12,86533.6616865785,10419707.978979807,Mars
2025916,25916 (2001 CP44),https://ssd.jpl.nasa.gov/tools/sbdb_lookup.html#/?sstr=2025916,13.76,4.7049496112,10.5205871614,False,False,1918-06-10,15214.7556637599,276193888.521646317,Juptr
2026663,26663 (2000 XK47),https://ssd.jpl.nasa.gov/tools/sbdb_lookup.html#/?sstr=2026663,18.13,0.6288614556,1.4061769631,True,False,1924-02-03,41334.5642939492,20007727.946075444,Earth
2027346,27346 (2000 DN8),https://ssd.jpl.nasa.gov/tools/sbdb_lookup.html#/?sstr=2027346,15.88,1.7723723926,3.9631451512,False,False,1953-09-18,60683.2966357736,5226200.361747466,Mars
2031345,31345 (1998 PG),https://ssd.jpl.nasa.gov/tools/sbdb_lookup.html#/?sstr=2031345,17.61,0.7990150812,1.7866520367,False,False,,,,
2031669,31669 (1999 JT6),https://ssd.jpl.nasa.gov/tools/sbdb_lookup.html#/?sstr=2031669,16.19,1.536579294,3.4358957542,True,False,1921-03-02,44770.86937363,26204065.228927886,Earth
2033342,33342 (1998 WT24),https://ssd.jpl.nasa.gov/tools/sbdb_lookup.html#/?sstr=2033342,18.02,0.6615382752,1.4792445531,True,False,1905-07-17,91401.5414974874,9529365.723984759,Merc
2034613,34613 (2000 UR13),https://ssd.jpl.nasa.gov/tools/sbdb_lookup.html#/?sstr=2034613,16.09,1.6089960451,3.5978245324,False,False,1937-08-24,32574.4782545174,4404119.435315974,Mars
2036017,36017 (1999 ND43),https://ssd.jpl.nasa.gov/tools/sbdb_lookup.html#/?sstr=2036017,19.29,0.3685996993,0.8242139842,False,False,1905-09-13,26867.8226674644,20035522.676809325,Earth
2023187,23187 (2000 PN9),https://ssd.jpl.nasa.gov/tools/sbdb_lookup.html#/?sstr=2023187,16.05,1.6389095149,3.6647130844,True,False,1996-02-27,105322.6142134225,21810885.541769911,Earth
2023714,23714 (1998 EC3),https://ssd.jpl.nasa.gov/tools/sbdb_lookup.html#/?sstr=2023714,16.86,1.128638801,2.523713081,False,False,1911-05-08,36057.358832243,27986490.160537562,Earth
2024475,24475 (2000 VN2),https://ssd.jpl.nasa.gov/tools/sbdb_lookup.html#/?sstr=2024475,16.43,1.3757989593,3.0763799964,False,False,1900-12-22,30952.9863140273,26833237.113951227,Earth
2024761,24761 Ahau (1993 BW2),https://ssd.jpl.nasa.gov/tools/sbdb_lookup.html#/?sstr=2024761,17.37,0.8923905787,1.9954459964,False,False,1902-01-13,50696.9317012154,15959122.16409541,Earth
2025143,25143 Itokawa (1998 SF36),https://ssd.jpl.nasa.gov/tools/sbdb_lookup.html#/?sstr=2025143,19.26,0.3737274319,0.8356799428,True,False,1902-04-14,18978.3650928352,5987213.148797547,Earth
2026166,26166 (1995 QN3),https://ssd.jpl.nasa.gov/tools/sbdb_lookup.html#/?sstr=2026166,16.79,1.1656145947,2.6063934693,False,False,,,,
2026817,26817 (1987 QB),https://ssd.jpl.nasa.gov/tools/sbdb_lookup.html#/?sstr=2026817,19.49,0.3361669212,0.7516920875,False,False,1919-09-03,28871.6195926171,279960546.150852261,Juptr
2030825,30825 (1990 TG1),https://ssd.jpl.nasa.gov/tools/sbdb_lookup.html#/?sstr=2030825,14.73,3.0099201655,6.7303860969,False,False,1917-04-30,27192.8695489062,231791116.371012956,Juptr
2030997,30997 (1995 UO5),https://ssd.jpl.nasa.gov/tools/sbdb_lookup.html#/?sstr=2030997,17.27,0.9344476509,2.0894884689,False,False,,,,
2031221,31221 (1998 BP26),https://ssd.jpl.nasa.gov/tools/sbdb_lookup.html#/?sstr=2031221,17.23,0.9518203298,2.1283349598,False,False,,,,
2036183,36183 (1999 TX16),https://ssd.jpl.nasa.gov/tools/sbdb_lookup.html#/?sstr=2036183,16.3,1.4606796427,3.2661789745,False,False,1910-11-14,77049.9208160845,20535816.670018081,Earth
2038091,38091 (1999 JT3),https://ssd.jpl.nasa.gov/tools/sbdb_lookup.html#/?sstr=2038091,16.31,1.4539684294,3.2511722452,False,False,,,,
2053110,53110 (1999 AR7),https://ssd.jpl.nasa.gov/tools/sbdb_lookup.html#/?sstr=2053110,16.72,1.2038017674,2.6917825833,False,False,,,,
2053430,53430 (1999 TY16),https://ssd.jpl.nasa.gov/tools/sbdb_lookup.html#/?sstr=2053430,16.66,1.2375278366,2.7671963667,False,False,,,,
2053789,53789 (2000 ED104),https://ssd.jpl.nasa.gov/tools/sbdb_lookup.html#/?sstr=2053789,17.35,0.900647767,2.0139096308,True,False,1909-09-28,82616.9166600674,21110266.686420725,Earth
2037336,37336 (2001 RM),https://ssd.jpl.nasa.gov/tools/sbdb_lookup.html#/?sstr=2037336,15.78,1.85590173,4.1499224279,False,False,2082-12-21,70748.5950828817,12227343.622355067,Mars
2037638,37638 (1993 VB),https://ssd.jpl.nasa.gov/tools/sbdb_lookup.html#/?sstr=2037638,19.28,0.3703010782,0.828018383,True,False,1906-12-03,34603.697237761,12516468.343987945,Earth
2039565,39565 (1992 SL),https://ssd.jpl.nasa.gov/tools/sbdb_lookup.html#/?sstr=2039565,18.46,0.5402004935,1.207925025,False,False,1931-09-05,22272.2157165434,23243075.410806171,Earth
2039572,39572 (1993 DQ1),https://ssd.jpl.nasa.gov/tools/sbdb_lookup.html#/?sstr=2039572,16.56,1.2958507267,2.8976103136,True,False,1909-07-16,30042.7715512449,12551178.849613843,Earth
2040263,40263 (1999 FQ5),https://ssd.jpl.nasa.gov/tools/sbdb_lookup.html#/?sstr=2040263,17.75,0.7491261831,1.6750970692,False,False,2004-09-20,36813.3630609622,10054612.851346533,Mars
2041440,41440 (2000 HZ23),https://ssd.jpl.nasa.gov/tools/sbdb_lookup.html#/?sstr=2041440,19.88,0.2809020939,0.6281161771,False,False,1905-04-28,25695.1900701217,69148730.906250021,Earth
2048603,48603 (1995 BC2),https://ssd.jpl.nasa.gov/tools/sbdb_lookup.html#/?sstr=2048603,17.82,0.7253622947,1.6219593992,False,False,1901-10-09,46909.7807890381,55861580.89087922,Earth
2052340,52340 (1992 SY),https://ssd.jpl.nasa.gov/tools/sbdb_lookup.html#/?sstr=2052340,17.96,0.6800721287,1.5206875095,False,False,1901-02-19,32843.2307081924,15306167.508895209,Earth
2052750,52750 (1998 KK17),https://ssd.jpl.nasa.gov/tools/sbdb_lookup.html#/?sstr=2052750,16.67,1.2318419127,2.7544822542,False,False,1911-04-04,40373.5238556329,18044022.619406966,Venus
2052760,52760 (1998 ML14),https://ssd.jpl.nasa.gov/tools/sbdb_lookup.html#/?sstr=2052760,17.52,0.8328273455,1.8622585581,True,False,1904-09-17,36742.6282874591,13958599.126123788,Earth
2052762,52762 (1998 MT24),https://ssd.jpl.nasa.gov/tools/sbdb_lookup.html#/?sstr=2052762,14.82,2.8877193076,6.4571366717,False,False,2028-02-09,79415.2991554438,24429190.038063713,Earth
2052768,52768 (1998 OR2),https://ssd.jpl.nasa.gov/tools/sbdb_lookup.html#/?sstr=2052768,16.02,1.6617090174,3.7156943217,True,False,1904-06-30,13979.6365403596,184008866.807475664,Juptr
2053426,53426 (1999 SL5),https://ssd.jpl.nasa.gov/tools/sbdb_lookup.html#/?sstr=2053426,17.19,0.9695159909,2.167903661,True,False,1951-09-19,74905.1458091546,73978660.348170462,Earth
2053429,53429 (1999 TF5),https://ssd.jpl.nasa.gov/tools/sbdb_lookup.html#/?sstr=2053429,19.02,0.4174024334,0.933340215,False,False,1979-03-31,89235.6780293568,17139633.692890824,Earth
2053550,53550 (2000 BF19),https://ssd.jpl.nasa.gov/tools/sbdb_lookup.html#/?sstr=2053550,19.05,0.4116754573,0.9205343072,True,False,1905-09-09,57939.4767618821,27835128.576529623,Earth
2054401,54401 (2000 LM),https://ssd.jpl.nasa.gov/tools/sbdb_lookup.html#/?sstr=2054401,17.22,0.9562137328,2.1381589077,False,False,1924-03-20,34889.3213170642,11073826.819764135,Mars
2054509,54509 YORP (2000 PH5),https://ssd.jpl.nasa.gov/tools/sbdb_lookup.html#/?sstr=2054509,22.66,0.0780827277,0.1745982871,False,False,1900-12-14,53821.7455406947,39081284.991755572,Earth
2037655,37655 Illapa (1994 PM),https://ssd.jpl.nasa.gov/tools/sbdb_lookup.html#/?sstr=2037655,17.85,0.7154099509,1.599705282,True,False,1903-01-24,121443.082131479,15910810.594123787,Venus
2038086,38086 Beowulf (1999 JB),https://ssd.jpl.nasa.gov/tools/sbdb_lookup.html#/?sstr=2038086,17.35,0.900647767,2.0139096308,False,False,,,,
2040267,40267 (1999 GJ4),https://ssd.jpl.nasa.gov/tools/sbdb_lookup.html#/?sstr=2040267,15.54,2.0727884338,4.6348958409,False,False,1941-02-08,122816.6035757338,29728120.949781198,Earth
2040329,40329 (1999 ML),https://ssd.jpl.nasa.gov/tools/sbdb_lookup.html#/?sstr=2040329,17.71,0.7630534787,1.7062394488,False,False,1978-11-14,24801.1083282518,11200284.66683573,Mars
2052381,52381 (1993 HA),https://ssd.jpl.nasa.gov/tools/sbdb_lookup.html#/?sstr=2052381,20.05,0.2597496533,0.580817882,False,False,1908-11-03,13101.1268814514,25403645.999273459,Earth
2052689,52689 (1998 FF2),https://ssd.jpl.nasa.gov/tools/sbdb_lookup.html#/?sstr=2052689,19.13,0.3967847541,0.8872376825,False,False,1926-08-16,24226.0696016772,13026588.059936384,Mars
2052761,52761 (1998 MN14),https://ssd.jpl.nasa.gov/tools/sbdb_lookup.html#/?sstr=2052761,17.96,0.6800721287,1.5206875095,False,False,1903-06-07,36278.3797672046,29095801.854688371,Earth
2053319,53319 (1999 JM8),https://ssd.jpl.nasa.gov/tools/sbdb_lookup.html#/?sstr=2053319,15.35,2.2623249055,5.058712276,True,False,1907-11-18,29334.6274331874,274440094.363426804,Juptr
2053409,53409 (1999 LU7),https://ssd.jpl.nasa.gov/tools/sbdb_lookup.html#/?sstr=2053409,18.73,0.477040198,1.0666943108,False,False,1923-06-09,45968.7941452346,16076193.148738754,Venus
2053435,53435 Leonard (1999 VM40),https://ssd.jpl.nasa.gov/tools/sbdb_lookup.html#/?sstr=2053435,14.73,3.0099201655,6.7303860969,False,False,1994-06-16,11525.1129309437,298796183.058239916,Juptr
2038071,38071 (1999 GU3),https://ssd.jpl.nasa.gov/tools/sbdb_lookup.html#/?sstr=2038071,19.57,0.3240074354,0.7245026508,True,False,1904-06-26,12774.0485366792,272449444.500639229,Juptr
2038239,38239 (1999 OR3),https://ssd.jpl.nasa.gov/tools/sbdb_lookup.html#/?sstr=2038239,18.33,0.573528464,1.2824486324,False,False,1905-03-20,12393.046543144,268927065.412873729,Juptr
2039796,39796 (1997 TD),https://ssd.jpl.nasa.gov/tools/sbdb_lookup.html#/?sstr=2039796,15.68,1.9433676839,4.3455022465,False,False,,,,
2041429,41429 (2000 GE2),https://ssd.jpl.nasa.gov/tools/sbdb_lookup.html#/?sstr=2041429,20.66,0.1961349444,0.4385710684,True,False,1921-12-26,51524.6798833247,12729109.883001428,Venus
2042286,42286 (2001 TN41),https://ssd.jpl.nasa.gov/tools/sbdb_lookup.html#/?sstr=2042286,16.7,1.214940408,2.7166893409,False,False,1914-05-03,55687.70961734,27195795.286106106,Earth
2052387,52387 Huitzilopochtli (1993 OM7),https://ssd.jpl.nasa.gov/tools/sbdb_lookup.html#/?sstr=2052387,17.75,0.7491261831,1.6750970692,False,False,1942-01-18,47101.7702990563,9311030.325481419,Earth
2054071,54071 (2000 GQ146),https://ssd.jpl.nasa.gov/tools/sbdb_lookup.html#/?sstr=2054071,17.41,0.876102615,1.9590250023,False,False,1908-04-21,43641.1363392806,21956153.002227021,Earth
2065717,65717 (1993 BX3),https://ssd.jpl.nasa.gov/tools/sbdb_lookup.html#/?sstr=2065717,20.87,0.1780553292,0.3981438198,True,False,1903-12-07,21422.4321981544,14795987.729401965,Earth
2065996,65996 (1998 MX5),https://ssd.jpl.nasa.gov/tools/sbdb_lookup.html#/?sstr=2065996,18.49,0.5327886649,1.1913516723,False,False,1920-03-13,21835.7528595754,214521447.467265653,Juptr
2066391,66391 Moshup (1999 KW4),https://ssd.jpl.nasa.gov/tools/sbdb_lookup.html#/?sstr=2066391,16.64,1.2489785407,2.7928009194,True,False,1912-05-30,70803.1696416448,24380872.873131752,Earth
2066400,66400 (1999 LT7),https://ssd.jpl.nasa.gov/tools/sbdb_lookup.html#/?sstr=2066400,19.27,0.3720103103,0.8318403423,False,False,1900-04-08,56777.3690406962,20974468.84593355,Earth
2054686,54686 (2001 DU8),https://ssd.jpl.nasa.gov/tools/sbdb_lookup.html#/?sstr=2054686,16.61,1.2663535629,2.8316526503,False,False,1963-04-16,57536.9962998682,8718322.008723571,Mars
2054690,54690 (2001 EB),https://ssd.jpl.nasa.gov/tools/sbdb_lookup.html#/?sstr=2054690,17.51,0.8366715019,1.8708543531,False,False,,,,
2054789,54789 (2001 MZ7),https://ssd.jpl.nasa.gov/tools/sbdb_lookup.html#/?sstr=2054789,15.07,2.5736825419,5.7549291163,False,False,,,,
2055408,55408 (2001 TC2),https://ssd.jpl.nasa.gov/tools/sbdb_lookup.html#/?sstr=2055408,18.88,0.4451998164,0.9954970531,False,False,1911-09-02,50208.8816802604,9858874.181187119,Mars
2065679,65679 (1989 UQ),https://ssd.jpl.nasa.gov/tools/sbdb_lookup.html#/?sstr=2065679,19.62,0.3166321257,0.708010957,True,False,1900-11-17,34303.6755970245,10585375.143542449,Venus
2065803,65803 Didymos (1996 GT),https://ssd.jpl.nasa.gov/tools/sbdb_lookup.html#/?sstr=2065803,18.11,0.634680239,1.4191881584,True,False,1901-02-04,32322.1378173849,7802068.953850913,Mars
2066253,66253 (1999 GT3),https://ssd.jpl.nasa.gov/tools/sbdb_lookup.html#/?sstr=2066253,18.4,0.5553349116,1.2417666126,False,False,1900-06-27,131312.1150441526,51661380.720685953,Earth
2055532,55532 (2001 WG2),https://ssd.jpl.nasa.gov/tools/sbdb_lookup.html#/?sstr=2055532,16.16,1.5579552413,3.4836938254,False,False,1915-11-12,108150.9189504959,13727896.26227053,Venus
2065674,65674 (1988 SM),https://ssd.jpl.nasa.gov/tools/sbdb_lookup.html#/?sstr=2065674,18.27,0.5895966084,1.3183780956,False,False,1900-08-26,21421.6727283123,28765973.332843146,Earth
2066272,66272 (1999 JW6),https://ssd.jpl.nasa.gov/tools/sbdb_lookup.html#/?sstr=2066272,17.22,0.9562137328,2.1381589077,False,False,1997-08-09,74498.754007606,7630653.521053095,Mars
2054660,54660 (2000 UJ1),https://ssd.jpl.nasa.gov/tools/sbdb_lookup.html#/?sstr=2054660,17.92,0.6927156136,1.5489592011,False,False,1939-11-10,93241.3642366738,27235889.026204593,Earth
2065690,65690 (1991 DG),https://ssd.jpl.nasa.gov/tools/sbdb_lookup.html#/?sstr=2065690,19.06,0.4097839804,0.9163048363,True,False,1904-05-01,28119.0618065309,25788000.685805847,Earth
2065706,65706 (1992 NA),https://ssd.jpl.nasa.gov/tools/sbdb_lookup.html#/?sstr=2065706,16.57,1.2898968334,2.8842970035,False,False,1903-09-10,31012.2949945555,10263506.021249935,Earth
2065733,65733 (1993 PC),https://ssd.jpl.nasa.gov/tools/sbdb_lookup.html#/?sstr=2065733,18.37,0.5630603897,1.2590413069,False,False,1901-05-26,42417.9290823804,16953928.013319978,Earth
2065909,65909 (1998 FH12),https://ssd.jpl.nasa.gov/tools/sbdb_lookup.html#/?sstr=2065909,19.31,0.365220357,0.8166575449,True,False,1908-06-21,76294.9110489642,21674501.00835617,Earth
2066008,66008 (1998 QH2),https://ssd.jpl.nasa.gov/tools/sbdb_lookup.html#/?sstr=2066008,15.93,1.7320282714,3.8729329538,False,False,1916-03-07,122993.628152486,11652389.057216274,Earth
2066063,66063 (1998 RO1),https://ssd.jpl.nasa.gov/tools/sbdb_lookup.html#/?sstr=2066063,18.15,0.6230960191,1.3932850552,False,False,1900-06-26,69168.0049425648,60336449.287819406,Earth
2066146,66146 (1998 TU3),https://ssd.jpl.nasa.gov/tools/sbdb_lookup.html#/?sstr=2066146,14.36,3.5690692667,7.9806814968,False,False,1900-10-10,88431.3838277647,14347367.398614786,Merc
2066251,66251 (1999 GJ2),https://ssd.jpl.nasa.gov/tools/sbdb_lookup.html#/?sstr=2066251,17.0,1.0581688593,2.3661375011,False,False,,,,
2066407,66407 (1999 LQ28),https://ssd.jpl.nasa.gov/tools/sbdb_lookup.html#/?sstr=2066407,18.84,0.453476699,1.0140047252,False,False,1923-12-25,41117.2364978078,24646218.624373668,Earth
2067367,67367 (2000 LY27),https://ssd.jpl.nasa.gov/tools/sbdb_lookup.html#/?sstr=2067367,17.08,1.0198938585,2.2805519975,True,False,1901-04-21,25127.913332662,69434088.484240133,Earth
2067399,67399 (2000 PJ6),https://ssd.jpl.nasa.gov/tools/sbdb_lookup.html#/?sstr=2067399,18.41,0.5527833794,1.2360612132,False,False,1911-06-08,42251.2259160182,7761285.717169596,Mars
2068031,68031 (2000 YK29),https://ssd.jpl.nasa.gov/tools/sbdb_lookup.html#/?sstr=2068031,18.13,0.6288614556,1.4061769631,False,False,,,,
2068267,68267 (2001 EA16),https://ssd.jpl.nasa.gov/tools/sbdb_lookup.html#/?sstr=2068267,17.01,1.0533070151,2.3552660868,False,False,1912-10-04,87012.1459372486,11176669.655710288,Earth
2068278,68278 (2001 FC7),https://ssd.jpl.nasa.gov/tools/sbdb_lookup.html#/?sstr=2068278,18.47,0.5377184977,1.2023751136,False,False,1963-01-31,2827.5074398444,9932744.75668526,Mars
2068350,68350 (2001 MK3),https://ssd.jpl.nasa.gov/tools/sbdb_lookup.html#/?sstr=2068350,16.11,1.5942446807,3.5648394788,False,False,,,,
2068359,68359 (2001 OZ13),https://ssd.jpl.nasa.gov/tools/sbdb_lookup.html#/?sstr=2068359,18.07,0.6464798256,1.4455728362,False,False,,,,
2085275,85275 (1994 LY),https://ssd.jpl.nasa.gov/tools/sbdb_lookup.html#/?sstr=2085275,16.49,1.3383046182,2.9925401008,False,False,2007-08-29,39463.4694852742,22679138.130401398,Earth
2085640,85640 (1998 OX4),https://ssd.jpl.nasa.gov/tools/sbdb_lookup.html#/?sstr=2085640,21.14,0.1572370824,0.3515928047,True,False,1934-08-04,22897.8770128585,17235782.712304679,Venus
2085709,85709 (1998 SG36),https://ssd.jpl.nasa.gov/tools/sbdb_lookup.html#/?sstr=2085709,15.93,1.7320282714,3.8729329538,False,False,,,,
2085713,85713 (1998 SS49),https://ssd.jpl.nasa.gov/tools/sbdb_lookup.html#/?sstr=2085713,15.77,1.8644681832,4.1690775995,True,False,1902-11-26,64372.1398405063,9872429.528423772,Earth
2068063,68063 (2000 YJ66),https://ssd.jpl.nasa.gov/tools/sbdb_lookup.html#/?sstr=2068063,15.57,2.0443487103,4.5713026859,False,False,2007-04-19,29570.7832160061,10503413.911320459,Mars
2068216,68216 (2001 CV26),https://ssd.jpl.nasa.gov/tools/sbdb_lookup.html#/?sstr=2068216,16.57,1.2898968334,2.8842970035,True,False,1915-10-03,48504.744267422,11641190.370105092,Earth
2068347,68347 (2001 KB67),https://ssd.jpl.nasa.gov/tools/sbdb_lookup.html#/?sstr=2068347,19.92,0.2757750529,0.6166517648,True,False,1900-01-05,57252.4768421698,59917633.250913605,Earth
2068372,68372 (2001 PM9),https://ssd.jpl.nasa.gov/tools/sbdb_lookup.html#/?sstr=2068372,18.95,0.4310771239,0.9639177525,True,False,1900-06-21,48882.3899995498,24197574.776801325,Earth
2068950,68950 (2002 QF15),https://ssd.jpl.nasa.gov/tools/sbdb_lookup.html#/?sstr=2068950,16.39,1.4013769717,3.1335741707,True,False,1906-05-12,47855.3401403136,28346812.84684167,Earth
2069230,69230 Hermes (1937 UB),https://ssd.jpl.nasa.gov/tools/sbdb_lookup.html#/?sstr=2069230,17.68,0.77366861,1.729975604,True,False,1900-05-08,73913.6274091988,14768518.987386601,Venus
2085184,85184 (1991 JG1),https://ssd.jpl.nasa.gov/tools/sbdb_lookup.html#/?sstr=2085184,18.41,0.5527833794,1.2360612132,False,False,1933-05-06,64656.8562886121,26673189.96736981,Earth
2066959,66959 (1999 XO35),https://ssd.jpl.nasa.gov/tools/sbdb_lookup.html#/?sstr=2066959,16.94,1.0878148336,2.4324279148,False,False,1902-08-24,53924.4029597713,74115986.854492232,Earth
2067381,67381 (2000 OL8),https://ssd.jpl.nasa.gov/tools/sbdb_lookup.html#/?sstr=2067381,19.98,0.2682594171,0.5998462923,True,False,1907-11-17,77476.4484407957,17635658.880959556,Venus
2068346,68346 (2001 KZ66),https://ssd.jpl.nasa.gov/tools/sbdb_lookup.html#/?sstr=2068346,16.92,1.0978802603,2.4549348932,True,False,1903-11-07,48279.3871979243,5545766.140595377,Earth
2068348,68348 (2001 LO7),https://ssd.jpl.nasa.gov/tools/sbdb_lookup.html#/?sstr=2068348,14.27,3.7201031034,8.3184034225,False,False,1904-04-02,137580.391164523,10239684.968978142,Merc
2068548,68548 (2001 XR31),https://ssd.jpl.nasa.gov/tools/sbdb_lookup.html#/?sstr=2068548,16.57,1.2898968334,2.8842970035,True,False,1916-07-16,56649.9307835272,13312109.597192016,Earth
2085182,85182 (1991 AQ),https://ssd.jpl.nasa.gov/tools/sbdb_lookup.html#/?sstr=2085182,17.13,0.99667824,2.2286402963,True,False,1905-05-01,60095.7896735405,7664223.836593214,Merc
2085236,85236 (1993 KH),https://ssd.jpl.nasa.gov/tools/sbdb_lookup.html#/?sstr=2085236,18.75,0.4726666672,1.0569147985,True,False,1908-11-10,34354.8145069377,10079873.708318141,Earth
2085490,85490 (1997 SE5),https://ssd.jpl.nasa.gov/tools/sbdb_lookup.html#/?sstr=2085490,14.8,2.9144390453,6.5168838217,False,False,1909-02-11,21804.941665496,85422365.986656861,Juptr
2085585,85585 Mjolnir (1998 FG2),https://ssd.jpl.nasa.gov/tools/sbdb_lookup.html#/?sstr=2085585,21.64,0.1248978541,0.2792800919,True,False,1918-03-24,66864.509190625,47558977.106208638,Earth
2085770,85770 (1998 UP1),https://ssd.jpl.nasa.gov/tools/sbdb_lookup.html#/?sstr=2085770,20.72,0.1907897226,0.4266187892,False,False,1902-03-13,88141.9924011049,15832465.366816502,Venus
2085628,85628 (1998 KV2),https://ssd.jpl.nasa.gov/tools/sbdb_lookup.html#/?sstr=2085628,17.28,0.930154254,2.0798881414,False,False,2029-12-15,36343.835388833,28589048.30025195,Earth
2085867,85867 (1999 BY9),https://ssd.jpl.nasa.gov/tools/sbdb_lookup.html#/?sstr=2085867,18.32,0.5761757511,1.2883681464,False,False,2007-01-04,27464.585096289,12598857.545796431,Mars
2086324,86324 (1999 WA2),https://ssd.jpl.nasa.gov/tools/sbdb_lookup.html#/?sstr=2086324,15.83,1.813656249,4.0554586606,False,False,2184-01-14,62255.3198615456,11459548.621391305,Mars
2086450,86450 (2000 CK33),https://ssd.jpl.nasa.gov/tools/sbdb_lookup.html#/?sstr=2086450,18.44,0.5451989071,1.2191018176,False,False,1900-01-05,60504.7289987099,22468550.79453982,Earth
2085774,85774 (1998 UT18),https://ssd.jpl.nasa.gov/tools/sbdb_lookup.html#/?sstr=2085774,19.09,0.4041615334,0.9037326626,True,False,1902-01-12,29689.4568429523,32572093.249538307,Earth
2085938,85938 (1999 DJ4),https://ssd.jpl.nasa.gov/tools/sbdb_lookup.html#/?sstr=2085938,18.73,0.477040198,1.0666943108,True,False,1931-02-20,84101.3961118578,72830834.188715182,Earth
2085953,85953 (1999 FK21),https://ssd.jpl.nasa.gov/tools/sbdb_lookup.html#/?sstr=2085953,18.1,0.6376097899,1.4257388333,False,False,1901-02-15,74059.4536743082,19389271.801359564,Earth
2086666,86666 (2000 FL10),https://ssd.jpl.nasa.gov/tools/sbdb_lookup.html#/?sstr=2086666,16.88,1.1182913782,2.5005755404,False,False,1969-10-09,58855.8621663389,24662882.316153181,Earth
2086667,86667 (2000 FO10),https://ssd.jpl.nasa.gov/tools/sbdb_lookup.html#/?sstr=2086667,17.54,0.8251919385,1.845185269,False,False,1902-04-03,52215.1200138002,54867303.63076851,Earth
2086829,86829 (2000 GR146),https://ssd.jpl.nasa.gov/tools/sbdb_lookup.html#/?sstr=2086829,15.81,1.8304378037,4.0929833576,False,False,1904-07-04,50401.6653118126,16223831.70551579,Venus
2086878,86878 (2000 HD24),https://ssd.jpl.nasa.gov/tools/sbdb_lookup.html#/?sstr=2086878,17.65,0.7844314124,1.7540419619,False,False,1906-10-26,78100.7503808228,17624857.555710668,Venus
2088188,88188 (2000 XH44),https://ssd.jpl.nasa.gov/tools/sbdb_lookup.html#/?sstr=2088188,16.08,1.6164228334,3.6144313359,False,False,,,,
2085804,85804 (1998 WQ5),https://ssd.jpl.nasa.gov/tools/sbdb_lookup.html#/?sstr=2085804,15.36,2.2519304668,5.0354696043,False,False,,,,
2085818,85818 (1998 XM4),https://ssd.jpl.nasa.gov/tools/sbdb_lookup.html#/?sstr=2085818,15.42,2.1905591097,4.898239078,False,False,1914-05-15,118063.077644444,14838920.717394756,Earth
2086039,86039 (1999 NC43),https://ssd.jpl.nasa.gov/tools/sbdb_lookup.html#/?sstr=2086039,15.95,1.7161489408,3.8374256911,True,False,1937-02-05,38117.2279019746,9302986.088976631,Venus
2086067,86067 (1999 RM28),https://ssd.jpl.nasa.gov/tools/sbdb_lookup.html#/?sstr=2086067,16.45,1.3631855586,3.0481755751,False,False,,,,
2086819,86819 (2000 GK137),https://ssd.jpl.nasa.gov/tools/sbdb_lookup.html#/?sstr=2086819,17.48,0.8483107619,1.8968805296,True,False,1921-08-30,34715.6468666913,4526812.951184759,Earth
2087309,87309 (2000 QP),https://ssd.jpl.nasa.gov/tools/sbdb_lookup.html#/?sstr=2087309,17.59,0.8064082768,1.8031837245,False,False,,,,
2087311,87311 (2000 QJ1),https://ssd.jpl.nasa.gov/tools/sbdb_lookup.html#/?sstr=2087311,16.5,1.332155667,2.978790628,False,False,1905-11-24,37374.5999098271,13174564.139427714,Venus
2087684,87684 (2000 SY2),https://ssd.jpl.nasa.gov/tools/sbdb_lookup.html#/?sstr=2087684,15.96,1.7082639526,3.8197943216,True,False,1910-07-29,135516.7675923836,5911542.910923306,Merc
2085839,85839 (1998 YO4),https://ssd.jpl.nasa.gov/tools/sbdb_lookup.html#/?sstr=2085839,16.58,1.2839702958,2.8710448625,False,False,,,,
2085989,85989 (1999 JD6),https://ssd.jpl.nasa.gov/tools/sbdb_lookup.html#/?sstr=2085989,17.07,1.0246014747,2.2910785472,True,False,1903-07-24,73217.6209681045,7772475.009534542,Earth
2085990,85990 (1999 JV6),https://ssd.jpl.nasa.gov/tools/sbdb_lookup.html#/?sstr=2085990,20.27,0.2347226375,0.5248557734,True,False,1907-06-14,24857.6938356625,5090804.281299963,Venus
2086326,86326 (1999 WK13),https://ssd.jpl.nasa.gov/tools/sbdb_lookup.html#/?sstr=2086326,17.35,0.900647767,2.0139096308,False,False,,,,
2087024,87024 (2000 JS66),https://ssd.jpl.nasa.gov/tools/sbdb_lookup.html#/?sstr=2087024,18.72,0.4792421155,1.071617948,False,False,1915-05-24,33071.7210298055,14401870.779546348,Earth
2087025,87025 (2000 JT66),https://ssd.jpl.nasa.gov/tools/sbdb_lookup.html#/?sstr=2087025,18.09,0.6405528629,1.4323197447,False,False,1925-06-12,68765.0992568132,16687256.600553057,Venus
2088213,88213 (2001 AF2),https://ssd.jpl.nasa.gov/tools/sbdb_lookup.html#/?sstr=2088213,19.48,0.3377185972,0.7551617405,False,False,1903-12-14,66847.8113193254,26939204.929723384,Earth
2088254,88254 (2001 FM129),https://ssd.jpl.nasa.gov/tools/sbdb_lookup.html#/?sstr=2088254,17.77,0.742258153,1.659739687,True,False,1900-09-28,74321.5944764704,74168761.617076157,Earth
2088264,88264 (2001 KN20),https://ssd.jpl.nasa.gov/tools/sbdb_lookup.html#/?sstr=2088264,17.01,1.0533070151,2.3552660868,False,False,1916-07-15,30265.8961342058,29810304.065563972,Earth
2089959,89959 (2002 NT7),https://ssd.jpl.nasa.gov/tools/sbdb_lookup.html#/?sstr=2089959,16.55,1.3018321019,2.9109850751,True,False,,,,
2096189,96189 Pygmalion (1991 NT3),https://ssd.jpl.nasa.gov/tools/sbdb_lookup.html#/?sstr=2096189,16.48,1.3444819516,3.0063530383,False,False,1930-01-26,39805.5951224474,4777887.095548249,Mars
2096744,96744 (1999 OW3),https://ssd.jpl.nasa.gov/tools/sbdb_lookup.html#/?sstr=2096744,14.78,2.9414060178,6.5771838053,False,False,1932-07-08,153006.5761970065,13794602.461136288,Merc
2098943,98943 Torifune (2001 CC21),https://ssd.jpl.nasa.gov/tools/sbdb_lookup.html#/?sstr=2098943,18.71,0.4814541966,1.0765643117,False,False,1901-09-13,7199.8079893264,12513121.301083713,Venus
2089355,89355 (2001 VS78),https://ssd.jpl.nasa.gov/tools/sbdb_lookup.html#/?sstr=2089355,15.8,1.8388867207,4.1118757104,False,False,2066-05-11,43429.0106786731,10552094.045564401,Mars
2089958,89958 (2002 LY45),https://ssd.jpl.nasa.gov/tools/sbdb_lookup.html#/?sstr=2089958,17.22,0.9562137328,2.1381589077,True,False,1910-03-06,145064.4377711249,13394637.68566301,Venus
2090075,90075 (2002 VU94),https://ssd.jpl.nasa.gov/tools/sbdb_lookup.html#/?sstr=2090075,15.38,2.2312846442,4.9893041415,True,False,1906-07-14,12793.9067997583,276215778.803968742,Juptr
2096315,96315 (1997 AP10),https://ssd.jpl.nasa.gov/tools/sbdb_lookup.html#/?sstr=2096315,17.04,1.038855101,2.3229506246,False,False,1907-10-19,63206.6860590919,23892989.743615001,Earth
2099248,99248 (2001 KY66),https://ssd.jpl.nasa.gov/tools/sbdb_lookup.html#/?sstr=2099248,16.54,1.3078410858,2.9244215717,True,False,1917-07-18,42793.1384511445,6358273.371818775,Earth
2099799,99799 (2002 LJ3),https://ssd.jpl.nasa.gov/tools/sbdb_lookup.html#/?sstr=2099799,18.52,0.5254785303,1.1750057146,False,False,1919-09-07,13581.5030417214,28821711.165478374,Earth
2088263,88263 (2001 KQ1),https://ssd.jpl.nasa.gov/tools/sbdb_lookup.html#/?sstr=2088263,15.69,1.9344387205,4.3255364773,False,False,1915-08-08,77520.1826027675,9149725.12065245,Mars
2088710,88710 (2001 SL9),https://ssd.jpl.nasa.gov/tools/sbdb_lookup.html#/?sstr=2088710,17.61,0.7990150812,1.7866520367,False,False,1907-02-21,53836.3319035248,18719700.27851316,Venus
2088959,88959 (2001 TZ44),https://ssd.jpl.nasa.gov/tools/sbdb_lookup.html#/?sstr=2088959,17.45,0.8601119401,1.9232687664,False,False,1900-05-12,128922.4983433039,37058416.280585458,Earth
2089136,89136 (2001 US16),https://ssd.jpl.nasa.gov/tools/sbdb_lookup.html#/?sstr=2089136,20.27,0.2347226375,0.5248557734,True,False,1911-07-28,26757.8478041041,12809417.744604391,Mars
2096536,96536 (1998 SO10),https://ssd.jpl.nasa.gov/tools/sbdb_lookup.html#/?sstr=2096536,15.38,2.2312846442,4.9893041415,False,False,1905-03-04,45636.9178156016,246242352.966640391,Juptr
2096590,96590 (1998 XB),https://ssd.jpl.nasa.gov/tools/sbdb_lookup.html#/?sstr=2096590,16.28,1.474195145,3.2964005564,False,False,1904-02-15,41338.5815850808,15731168.66973616,Venus
2096631,96631 (1999 FP59),https://ssd.jpl.nasa.gov/tools/sbdb_lookup.html#/?sstr=2096631,18.17,0.6173834405,1.3805113411,False,False,1924-03-21,16007.2020503383,6484159.246394212,Mars
2099907,99907 (1989 VA),https://ssd.jpl.nasa.gov/tools/sbdb_lookup.html#/?sstr=2099907,17.96,0.6800721287,1.5206875095,False,False,1902-11-21,63267.7465179155,28703905.864730348,Earth
2089830,89830 (2002 CE),https://ssd.jpl.nasa.gov/tools/sbdb_lookup.html#/?sstr=2089830,14.98,2.6825941712,5.9984629228,True,False,1950-10-04,93652.516879007,27995694.363966543,Earth
2090147,90147 (2002 YK14),https://ssd.jpl.nasa.gov/tools/sbdb_lookup.html#/?sstr=2090147,18.31,0.5788352575,1.2943149835,False,False,1900-07-13,50379.4449766152,73788882.973613104,Earth
2090367,90367 (2003 LC5),https://ssd.jpl.nasa.gov/tools/sbdb_lookup.html#/?sstr=2090367,17.92,0.6927156136,1.5489592011,False,False,1900-07-12,59400.1933479508,24634322.631670842,Earth
2090373,90373 (2003 SZ219),https://ssd.jpl.nasa.gov/tools/sbdb_lookup.html#/?sstr=2090373,18.81,0.4597851883,1.028110936,False,False,1985-01-03,23374.8301842921,12328893.962623994,Mars
2090403,90403 (2003 YE45),https://ssd.jpl.nasa.gov/tools/sbdb_lookup.html#/?sstr=2090403,17.78,0.7388477866,1.6521138758,True,False,1912-07-18,51012.1117994382,15626011.255545367,Earth
2090416,90416 (2003 YK118),https://ssd.jpl.nasa.gov/tools/sbdb_lookup.html#/?sstr=2090416,18.83,0.4555698523,1.0186851583,True,False,1909-06-09,42375.4233062544,19889331.479424539,Earth
2097725,97725 (2000 GB147),https://ssd.jpl.nasa.gov/tools/sbdb_lookup.html#/?sstr=2097725,18.75,0.4726666672,1.0569147985,False,False,,,,
2099935,99935 (2002 AV4),https://ssd.jpl.nasa.gov/tools/sbdb_lookup.html#/?sstr=2099935,16.15,1.5651464359,3.4997738255,False,False,1918-07-15,65837.9366449168,11144334.854018712,Venus
2103067,103067 (1999 XA143),https://ssd.jpl.nasa.gov/tools/sbdb_lookup.html#/?sstr=2103067,16.8,1.1602590821,2.5944181791,True,False,,,,
2136617,136617 (1994 CC),https://ssd.jpl.nasa.gov/tools/sbdb_lookup.html#/?sstr=2136617,17.97,0.6769474811,1.513700585,True,False,1921-08-13,28520.6942660868,10063643.64092461,Earth
2136770,136770 (1996 PC1),https://ssd.jpl.nasa.gov/tools/sbdb_lookup.html#/?sstr=2136770,20.56,0.2053784995,0.459240286,False,False,1961-09-15,53528.1656850277,67882148.332708829,Earth
2136795,136795 Tatsunokingo (1997 BQ),https://ssd.jpl.nasa.gov/tools/sbdb_lookup.html#/?sstr=2136795,18.11,0.634680239,1.4191881584,True,False,1907-03-28,35813.004674151,23124751.349524346,Earth
2099942,99942 Apophis (2004 MN4),https://ssd.jpl.nasa.gov/tools/sbdb_lookup.html#/?sstr=2099942,19.09,0.4041615334,0.9037326626,True,False,1905-12-26,50965.8329757611,41319790.580251031,Earth
2100926,100926 (1998 MQ),https://ssd.jpl.nasa.gov/tools/sbdb_lookup.html#/?sstr=2100926,16.63,1.2547435637,2.8056919027,False,False,1929-10-30,57020.82618146,23887511.27513837,Earth
2101869,101869 (1999 MM),https://ssd.jpl.nasa.gov/tools/sbdb_lookup.html#/?sstr=2101869,19.48,0.3377185972,0.7551617405,True,False,1902-07-10,45716.313106854,14311663.80248868,Venus
2102873,102873 (1999 WK11),https://ssd.jpl.nasa.gov/tools/sbdb_lookup.html#/?sstr=2102873,17.64,0.7880521833,1.7621382518,False,False,1952-07-02,22044.191667388,22187560.920841589,Earth
2105141,105141 (2000 NF11),https://ssd.jpl.nasa.gov/tools/sbdb_lookup.html#/?sstr=2105141,19.09,0.4041615334,0.9037326626,False,False,1973-06-27,29173.226272817,12820670.631023874,Mars
2111253,111253 (2001 XU10),https://ssd.jpl.nasa.gov/tools/sbdb_lookup.html#/?sstr=2111253,15.24,2.3798795468,5.321572445,True,False,1903-08-08,87501.553565814,16202723.236621772,Earth
2112221,112221 (2002 KH4),https://ssd.jpl.nasa.gov/tools/sbdb_lookup.html#/?sstr=2112221,15.52,2.091967709,4.6777820041,False,False,1928-11-07,49139.0345969064,296824620.821519464,Juptr
2112985,112985 (2002 RS28),https://ssd.jpl.nasa.gov/tools/sbdb_lookup.html#/?sstr=2112985,15.77,1.8644681832,4.1690775995,False,False,1966-04-21,85077.4522454348,13049260.903676566,Mars
2115052,115052 (2003 RD6),https://ssd.jpl.nasa.gov/tools/sbdb_lookup.html#/?sstr=2115052,17.46,0.8561600847,1.9144321491,False,False,,,,
2136564,136564 (1977 VA),https://ssd.jpl.nasa.gov/tools/sbdb_lookup.html#/?sstr=2136564,19.28,0.3703010782,0.828018383,False,False,1921-10-23,26762.6349444996,48133870.88973285,Earth
2136582,136582 (1992 BA),https://ssd.jpl.nasa.gov/tools/sbdb_lookup.html#/?sstr=2136582,19.87,0.2821986791,0.6310154296,False,False,2058-03-10,17920.2074487687,11624981.35113187,Mars
2136773,136773 (1996 TR6),https://ssd.jpl.nasa.gov/tools/sbdb_lookup.html#/?sstr=2136773,18.61,0.5041444339,1.1273012246,False,False,1987-12-11,34157.139589775,5614001.349370831,Mars
2101955,101955 Bennu (1999 RQ36),https://ssd.jpl.nasa.gov/tools/sbdb_lookup.html#/?sstr=2101955,20.21,0.2412986969,0.5395602892,True,False,1900-06-15,23350.1159564919,54606987.210318124,Earth
2108519,108519 (2001 LF),https://ssd.jpl.nasa.gov/tools/sbdb_lookup.html#/?sstr=2108519,17.94,0.6863647587,1.5347582577,False,False,1938-06-14,31474.7452706397,24174055.3736746,Earth
2136818,136818 Selqet (1997 MW1),https://ssd.jpl.nasa.gov/tools/sbdb_lookup.html#/?sstr=2136818,18.98,0.425162524,0.9506923052,False,False,1902-08-17,49876.2619753529,14352151.732974617,Venus
2100004,100004 (1983 VA),https://ssd.jpl.nasa.gov/tools/sbdb_lookup.html#/?sstr=2100004,16.43,1.3757989593,3.0763799964,False,False,1901-04-26,35525.44543345,274316947.790408724,Juptr
2100085,100085 (1992 UY4),https://ssd.jpl.nasa.gov/tools/sbdb_lookup.html#/?sstr=2100085,17.89,0.7023522477,1.57050737,True,False,1906-10-07,39880.7360503484,13893166.917678737,Earth
2100756,100756 (1998 FM5),https://ssd.jpl.nasa.gov/tools/sbdb_lookup.html#/?sstr=2100756,16.34,1.4340192346,3.2065644897,False,False,1914-11-21,11711.851844651,272402648.53660815,Juptr
2101873,101873 (1999 NC5),https://ssd.jpl.nasa.gov/tools/sbdb_lookup.html#/?sstr=2101873,16.39,1.4013769717,3.1335741707,False,False,,,,
2105140,105140 (2000 NL10),https://ssd.jpl.nasa.gov/tools/sbdb_lookup.html#/?sstr=2105140,15.75,1.8817198949,4.2076535996,False,False,1913-08-27,204027.7384945829,4923608.794977827,Merc
2106538,106538 (2000 WK63),https://ssd.jpl.nasa.gov/tools/sbdb_lookup.html#/?sstr=2106538,16.29,1.4674218336,3.2812549716,False,False,1904-09-07,26765.5976364455,141142610.834142784,Juptr
2106589,106589 (2000 WN107),https://ssd.jpl.nasa.gov/tools/sbdb_lookup.html#/?sstr=2106589,16.01,1.6693791177,3.7328451875,False,False,1913-04-08,51541.0332887516,28884321.299864597,Earth
2108906,108906 (2001 PL9),https://ssd.jpl.nasa.gov/tools/sbdb_lookup.html#/?sstr=2108906,17.9,0.6991252322,1.5632915441,False,False,1902-05-13,69315.0111666936,58988364.253844153,Earth
2136618,136618 (1994 CN2),https://ssd.jpl.nasa.gov/tools/sbdb_lookup.html#/?sstr=2136618,16.86,1.128638801,2.523713081,True,False,1929-11-02,31581.6166804567,12928928.14691489,Mars
2136635,136635 (1994 VA1),https://ssd.jpl.nasa.gov/tools/sbdb_lookup.html#/?sstr=2136635,19.12,0.3986162293,0.8913329856,False,False,,,,
2136745,136745 (1995 WL8),https://ssd.jpl.nasa.gov/tools/sbdb_lookup.html#/?sstr=2136745,17.88,0.7055941584,1.5777565026,False,False,,,,
2136793,136793 (1997 AQ18),https://ssd.jpl.nasa.gov/tools/sbdb_lookup.html#/?sstr=2136793,18.35,0.5682703234,1.2706910727,False,False,1900-12-14,63632.7771242357,29781922.342707785,Earth
2136874,136874 (1998 FH74),https://ssd.jpl.nasa.gov/tools/sbdb_lookup.html#/?sstr=2136874,15.74,1.8904055193,4.2270752462,False,False,1911-01-09,31327.0680371793,213259195.871739257,Juptr
2136897,136897 (1998 HJ41),https://ssd.jpl.nasa.gov/tools/sbdb_lookup.html#/?sstr=2136897,18.57,0.5135171787,1.1482593191,False,False,,,,
2136993,136993 (1998 ST49),https://ssd.jpl.nasa.gov/tools/sbdb_lookup.html#/?sstr=2136993,17.85,0.7154099509,1.599705282,False,False,1984-09-23,95049.6757062836,63709440.077240989,Earth
2137062,137062 (1998 WM),https://ssd.jpl.nasa.gov/tools/sbdb_lookup.html#/?sstr=2137062,16.76,1.1818299089,2.6426520142,False,False,1911-05-07,54265.4738263469,25204163.193623685,Earth
2137084,137084 (1998 XS16),https://ssd.jpl.nasa.gov/tools/sbdb_lookup.html#/?sstr=2137084,16.47,1.3506877983,3.0202297334,False,False,1951-07-12,87415.5588243347,22428045.82485649,Venus
2137108,137108 (1999 AN10),https://ssd.jpl.nasa.gov/tools/sbdb_lookup.html#/?sstr=2137108,18.05,0.6524616298,1.4589485569,True,False,1911-07-21,72203.9372080632,64353319.646933806,Earth
2137175,137175 (1999 JA11),https://ssd.jpl.nasa.gov/tools/sbdb_lookup.html#/?sstr=2137175,18.33,0.573528464,1.2824486324,False,False,1902-09-02,35265.8203566771,21916243.491905439,Venus
2137427,137427 (1999 TF211),https://ssd.jpl.nasa.gov/tools/sbdb_lookup.html#/?sstr=2137427,15.28,2.3364418497,5.2244428015,True,False,1903-08-05,31150.7759186842,199210175.484568813,Juptr
2137802,137802 (1999 YT),https://ssd.jpl.nasa.gov/tools/sbdb_lookup.html#/?sstr=2137802,16.95,1.0828167784,2.4212519237,False,False,1947-12-19,51621.3927855817,9480837.521337589,Mars
2136849,136849 (1998 CS1),https://ssd.jpl.nasa.gov/tools/sbdb_lookup.html#/?sstr=2136849,17.7,0.7665755735,1.7141150923,True,False,1900-03-07,64140.8483174382,14456757.998692756,Mars
2136900,136900 (1998 HL49),https://ssd.jpl.nasa.gov/tools/sbdb_lookup.html#/?sstr=2136900,17.39,0.8842090927,1.9771516375,False,False,1905-10-31,54121.0323757025,41777200.219734533,Earth
2137078,137078 (1998 XZ4),https://ssd.jpl.nasa.gov/tools/sbdb_lookup.html#/?sstr=2137078,16.36,1.4208720673,3.1771665298,False,False,1912-03-30,77868.2971795417,11782617.757957811,Venus
2137120,137120 (1999 BJ8),https://ssd.jpl.nasa.gov/tools/sbdb_lookup.html#/?sstr=2137120,18.29,0.5841911542,1.3062911326,True,False,1910-02-15,51940.5858350179,7984596.830587858,Earth
2137158,137158 (1999 FB),https://ssd.jpl.nasa.gov/tools/sbdb_lookup.html#/?sstr=2137158,17.92,0.6927156136,1.5489592011,False,False,1913-03-02,81179.8866941094,19951914.835792032,Venus
2137170,137170 (1999 HF1),https://ssd.jpl.nasa.gov/tools/sbdb_lookup.html#/?sstr=2137170,14.66,3.1085293813,6.9508830067,False,False,1912-04-09,83456.4596765465,21840786.939628706,Venus
2137199,137199 (1999 KX4),https://ssd.jpl.nasa.gov/tools/sbdb_lookup.html#/?sstr=2137199,16.95,1.0828167784,2.4212519237,False,False,1925-01-27,34692.1358275405,28848366.573794122,Earth
2136839,136839 (1997 WT22),https://ssd.jpl.nasa.gov/tools/sbdb_lookup.html#/?sstr=2136839,18.85,0.4513931628,1.0093457967,False,False,1922-01-10,32234.0703124874,28365245.967267756,Earth
2136923,136923 (1998 JH2),https://ssd.jpl.nasa.gov/tools/sbdb_lookup.html#/?sstr=2136923,16.31,1.4539684294,3.2511722452,False,False,1949-06-11,30620.824273255,8467472.485561886,Mars
2137052,137052 Tjelvar (1998 VO33),https://ssd.jpl.nasa.gov/tools/sbdb_lookup.html#/?sstr=2137052,17.04,1.038855101,2.3229506246,False,False,1902-07-17,170819.3259159426,8413232.337042376,Merc
2137125,137125 (1999 CT3),https://ssd.jpl.nasa.gov/tools/sbdb_lookup.html#/?sstr=2137125,18.81,0.4597851883,1.028110936,False,False,1909-07-16,55341.1088609188,14692442.44169744,Mars
2137126,137126 (1999 CF9),https://ssd.jpl.nasa.gov/tools/sbdb_lookup.html#/?sstr=2137126,18.08,0.6435095206,1.4389310323,True,False,1921-06-01,43480.4919035386,13110692.760359308,Venus
2137799,137799 (1999 YB),https://ssd.jpl.nasa.gov/tools/sbdb_lookup.html#/?sstr=2137799,18.79,0.4640395282,1.0376239294,False,False,1926-10-16,12963.7498242136,8911437.435353174,Mars
2137032,137032 (1998 UO1),https://ssd.jpl.nasa.gov/tools/sbdb_lookup.html#/?sstr=2137032,16.66,1.2375278366,2.7671963667,False,False,1916-01-07,128410.9297995683,15154570.697196482,Venus
2137044,137044 (1998 UC50),https://ssd.jpl.nasa.gov/tools/sbdb_lookup.html#/?sstr=2137044,16.8,1.1602590821,2.5944181791,False,False,1910-02-06,39471.9662939605,13684203.182460056,Mars
2137064,137064 (1998 WP5),https://ssd.jpl.nasa.gov/tools/sbdb_lookup.html#/?sstr=2137064,18.84,0.453476699,1.0140047252,False,False,1903-12-17,39678.055735041,61537135.824719612,Earth
2137099,137099 (1998 YW3),https://ssd.jpl.nasa.gov/tools/sbdb_lookup.html#/?sstr=2137099,18.29,0.5841911542,1.3062911326,False,False,1900-04-30,76604.2021811826,66014255.983758825,Earth
2137671,137671 (1999 XP35),https://ssd.jpl.nasa.gov/tools/sbdb_lookup.html#/?sstr=2137671,18.73,0.477040198,1.0666943108,False,False,1901-12-16,39643.8619171896,29405610.217184041,Earth
2138013,138013 (2000 CN101),https://ssd.jpl.nasa.gov/tools/sbdb_lookup.html#/?sstr=2138013,14.7,3.0517923259,6.824015094,False,False,1901-08-28,66994.8253625387,22174147.960857602,Venus
2138127,138127 (2000 EE14),https://ssd.jpl.nasa.gov/tools/sbdb_lookup.html#/?sstr=2138127,17.11,1.0059003902,2.249261651,True,False,1902-03-05,54051.9207984587,23277150.693956475,Earth
2138155,138155 (2000 ES70),https://ssd.jpl.nasa.gov/tools/sbdb_lookup.html#/?sstr=2138155,17.22,0.9562137328,2.1381589077,False,False,2177-10-19,47826.9990659138,14762234.919420233,Mars
2138205,138205 (2000 EZ148),https://ssd.jpl.nasa.gov/tools/sbdb_lookup.html#/?sstr=2138205,15.07,2.5736825419,5.7549291163,False,False,1919-09-09,19287.3112512563,231486074.166735912,Juptr
2137805,137805 (1999 YK5),https://ssd.jpl.nasa.gov/tools/sbdb_lookup.html#/?sstr=2137805,16.72,1.2038017674,2.6917825833,False,False,1903-01-04,122644.03499726,7097849.666725289,Merc
2137924,137924 (2000 BD19),https://ssd.jpl.nasa.gov/tools/sbdb_lookup.html#/?sstr=2137924,17.5,0.8405334021,1.8794898244,False,False,1901-02-14,105195.9257573623,22091846.034446474,Earth
2138258,138258 (2000 GD2),https://ssd.jpl.nasa.gov/tools/sbdb_lookup.html#/?sstr=2138258,18.98,0.425162524,0.9506923052,False,False,1901-03-17,89539.6478763715,50048913.061515631,Earth
2138325,138325 (2000 GO82),https://ssd.jpl.nasa.gov/tools/sbdb_lookup.html#/?sstr=2138325,16.69,1.2205483181,2.7292290091,False,False,1924-03-20,126684.5437941455,11284413.243078706,Merc
2138359,138359 (2000 GX127),https://ssd.jpl.nasa.gov/tools/sbdb_lookup.html#/?sstr=2138359,17.97,0.6769474811,1.513700585,False,False,1901-01-08,49634.0272029362,48681729.196592792,Earth
2138524,138524 (2000 OJ8),https://ssd.jpl.nasa.gov/tools/sbdb_lookup.html#/?sstr=2138524,16.86,1.128638801,2.523713081,True,False,1922-11-11,10118.9419114127,294878853.341608863,Juptr
2138846,138846 (2000 VJ61),https://ssd.jpl.nasa.gov/tools/sbdb_lookup.html#/?sstr=2138846,16.08,1.6164228334,3.6144313359,False,False,1946-05-30,56292.5621086733,29343127.764579863,Earth
2138847,138847 (2000 VE62),https://ssd.jpl.nasa.gov/tools/sbdb_lookup.html#/?sstr=2138847,17.07,1.0246014747,2.2910785472,False,False,1915-04-21,42557.9201894992,29384981.748015705,Earth
2138852,138852 (2000 WN10),https://ssd.jpl.nasa.gov/tools/sbdb_lookup.html#/?sstr=2138852,20.29,0.2325706875,0.5200438667,False,False,1912-02-19,46518.4418647154,6727565.66217213,Venus
2138859,138859 (2000 WN63),https://ssd.jpl.nasa.gov/tools/sbdb_lookup.html#/?sstr=2138859,18.98,0.425162524,0.9506923052,False,False,1932-05-15,35720.5942670092,9179523.894372425,Venus
2138883,138883 (2000 YL29),https://ssd.jpl.nasa.gov/tools/sbdb_lookup.html#/?sstr=2138883,16.84,1.1390819672,2.5470647106,False,False,1929-09-14,49401.574315425,21207420.165772908,Earth
2137911,137911 (2000 AB246),https://ssd.jpl.nasa.gov/tools/sbdb_lookup.html#/?sstr=2137911,17.75,0.7491261831,1.6750970692,False,False,1921-02-16,4609.0253785603,296773662.236916487,Juptr
2138095,138095 (2000 DK79),https://ssd.jpl.nasa.gov/tools/sbdb_lookup.html#/?sstr=2138095,15.98,1.6926024946,3.7847742368,True,False,1923-11-11,119574.3779208821,25034662.583642293,Earth
2138727,138727 (2000 SU180),https://ssd.jpl.nasa.gov/tools/sbdb_lookup.html#/?sstr=2138727,19.34,0.3602093458,0.8054525833,True,False,1901-10-25,13231.9426829049,281316063.551084215,Juptr
2138815,138815 (2000 TQ64),https://ssd.jpl.nasa.gov/tools/sbdb_lookup.html#/?sstr=2138815,18.04,0.6554732558,1.4656827575,False,False,1900-05-17,14014.1015402972,46217398.60719223,Earth
2138893,138893 (2000 YH66),https://ssd.jpl.nasa.gov/tools/sbdb_lookup.html#/?sstr=2138893,18.21,0.6061149227,1.3553141694,False,False,1902-01-16,87820.5767866531,25436325.309899858,Earth
2137925,137925 (2000 BJ19),https://ssd.jpl.nasa.gov/tools/sbdb_lookup.html#/?sstr=2137925,16.06,1.6313794097,3.6478752572,False,False,1914-02-01,151359.49648651,12473002.30886477,Merc
2138175,138175 (2000 EE104),https://ssd.jpl.nasa.gov/tools/sbdb_lookup.html#/?sstr=2138175,20.49,0.2121069879,0.4742856434,True,False,1908-04-03,56425.3176973414,29913820.899753623,Earth
2138404,138404 (2000 HA24),https://ssd.jpl.nasa.gov/tools/sbdb_lookup.html#/?sstr=2138404,19.39,0.3520099801,0.7871182442,True,False,1903-09-25,35763.7016497596,6919727.028385808,Earth
2138877,138877 (2000 XG47),https://ssd.jpl.nasa.gov/tools/sbdb_lookup.html#/?sstr=2138877,16.72,1.2038017674,2.6917825833,False,False,1954-05-03,68071.6393566296,24324970.138764423,Earth
2138971,138971 (2001 CB21),https://ssd.jpl.nasa.gov/tools/sbdb_lookup.html#/?sstr=2138971,18.54,0.5206609142,1.1642331974,True,False,1901-03-08,32898.8535147983,12861412.414135414,Earth
2140158,140158 (2001 SX169),https://ssd.jpl.nasa.gov/tools/sbdb_lookup.html#/?sstr=2140158,18.48,0.5352479056,1.1968507018,True,False,1900-07-06,47886.7101778796,8272391.537397714,Mars
2141018,141018 (2001 WC47),https://ssd.jpl.nasa.gov/tools/sbdb_lookup.html#/?sstr=2141018,19.04,0.4135756649,0.9247833005,False,False,1926-04-27,22398.5697188134,25153457.788455896,Earth
2141056,141056 (2001 XV4),https://ssd.jpl.nasa.gov/tools/sbdb_lookup.html#/?sstr=2141056,17.33,0.9089813582,2.0325441072,False,False,1941-06-01,60405.038658932,22720821.916340541,Earth
2141078,141078 (2001 XQ30),https://ssd.jpl.nasa.gov/tools/sbdb_lookup.html#/?sstr=2141078,18.67,0.4904050984,1.0965791366,False,False,1908-03-23,30733.510538069,29443193.031833513,Earth
2141424,141424 (2002 CD),https://ssd.jpl.nasa.gov/tools/sbdb_lookup.html#/?sstr=2141424,20.65,0.1970402621,0.4405954204,False,False,1903-12-29,69253.9815373182,68345285.117208263,Earth
2139211,139211 (2001 GN2),https://ssd.jpl.nasa.gov/tools/sbdb_lookup.html#/?sstr=2139211,17.77,0.742258153,1.659739687,True,False,1925-03-06,59150.1596829912,19352007.316017665,Earth
2139359,139359 (2001 ME1),https://ssd.jpl.nasa.gov/tools/sbdb_lookup.html#/?sstr=2139359,16.52,1.3199423904,2.9514809114,True,False,1915-10-14,68990.6439475978,3881303.602457014,Merc
2140039,140039 (2001 SO73),https://ssd.jpl.nasa.gov/tools/sbdb_lookup.html#/?sstr=2140039,18.08,0.6435095206,1.4389310323,True,False,1905-02-26,60149.7659172557,12381893.46608802,Earth
2140288,140288 (2001 SN289),https://ssd.jpl.nasa.gov/tools/sbdb_lookup.html#/?sstr=2140288,16.73,1.1982708007,2.6794149658,True,False,1927-03-14,114883.3630417079,12788940.818078365,Earth
2141052,141052 (2001 XR1),https://ssd.jpl.nasa.gov/tools/sbdb_lookup.html#/?sstr=2141052,17.46,0.8561600847,1.9144321491,False,False,1902-01-27,72638.2897615667,15262012.889736211,Earth
2141053,141053 (2001 XT1),https://ssd.jpl.nasa.gov/tools/sbdb_lookup.html#/?sstr=2141053,18.86,0.4493191996,1.004708274,True,False,1911-01-12,43149.9893715349,10847891.146354806,Venus
2141079,141079 (2001 XS30),https://ssd.jpl.nasa.gov/tools/sbdb_lookup.html#/?sstr=2141079,17.74,0.7525839925,1.682828966,False,False,,,,
2138947,138947 (2001 BA40),https://ssd.jpl.nasa.gov/tools/sbdb_lookup.html#/?sstr=2138947,18.82,0.4576726672,1.0233871954,False,False,1910-05-01,36733.8261313433,16498447.782445227,Venus
2139047,139047 (2001 EB16),https://ssd.jpl.nasa.gov/tools/sbdb_lookup.html#/?sstr=2139047,17.41,0.876102615,1.9590250023,False,False,1935-02-17,90416.5714019362,24331995.464176641,Earth
2139056,139056 (2001 FY),https://ssd.jpl.nasa.gov/tools/sbdb_lookup.html#/?sstr=2139056,19.18,0.3877528304,0.8670416872,False,False,1972-06-26,32030.1032184579,3142570.082110932,Mars
2139622,139622 (2001 QQ142),https://ssd.jpl.nasa.gov/tools/sbdb_lookup.html#/?sstr=2139622,18.46,0.5402004935,1.207925025,True,False,1918-11-27,23481.0698391591,10473326.712907124,Earth
2140928,140928 (2001 VG75),https://ssd.jpl.nasa.gov/tools/sbdb_lookup.html#/?sstr=2140928,18.29,0.5841911542,1.3062911326,False,False,,,,
2138911,138911 (2001 AE2),https://ssd.jpl.nasa.gov/tools/sbdb_lookup.html#/?sstr=2138911,19.46,0.3408434689,0.7621491661,False,False,,,,
2138925,138925 (2001 AU43),https://ssd.jpl.nasa.gov/tools/sbdb_lookup.html#/?sstr=2138925,15.95,1.7161489408,3.8374256911,False,False,,,,
2138937,138937 (2001 BK16),https://ssd.jpl.nasa.gov/tools/sbdb_lookup.html#/?sstr=2138937,17.8,0.7320739893,1.6369672047,False,False,1923-04-17,88838.6371885703,16608523.361250353,Venus
2139289,139289 (2001 KR1),https://ssd.jpl.nasa.gov/tools/sbdb_lookup.html#/?sstr=2139289,17.8,0.7320739893,1.6369672047,False,False,1905-05-26,151193.6813058588,20726005.378878791,Venus
2139345,139345 (2001 KA67),https://ssd.jpl.nasa.gov/tools/sbdb_lookup.html#/?sstr=2139345,16.74,1.1927652464,2.6671041722,False,False,1904-04-13,56374.0489107428,70130244.146977017,Earth
2140333,140333 (2001 TD2),https://ssd.jpl.nasa.gov/tools/sbdb_lookup.html#/?sstr=2140333,19.24,0.3771854893,0.8434123941,False,False,1900-09-08,76182.2258791763,39271503.665069643,Earth
2141354,141354 (2002 AJ29),https://ssd.jpl.nasa.gov/tools/sbdb_lookup.html#/?sstr=2141354,17.36,0.8965096664,2.0046565566,False,False,1915-04-06,30363.4349230728,20152931.767598656,Earth
2141525,141525 (2002 FV5),https://ssd.jpl.nasa.gov/tools/sbdb_lookup.html#/?sstr=2141525,18.07,0.6464798256,1.4455728362,True,False,1900-05-03,78757.4801592533,43560568.964306039,Earth
2141531,141531 (2002 GB),https://ssd.jpl.nasa.gov/tools/sbdb_lookup.html#/?sstr=2141531,19.15,0.3931470096,0.8791034386,False,False,1913-03-31,102691.6792459888,72113347.141298193,Earth
2141593,141593 (2002 HK12),https://ssd.jpl.nasa.gov/tools/sbdb_lookup.html#/?sstr=2141593,18.32,0.5761757511,1.2883681464,True,False,1914-09-17,45791.4025407593,13614643.583741492,Earth
2141484,141484 (2002 DB4),https://ssd.jpl.nasa.gov/tools/sbdb_lookup.html#/?sstr=2141484,16.26,1.4878357048,3.3269017752,False,False,1901-12-21,59179.5232574846,29271133.191250883,Earth
2141495,141495 (2002 EZ11),https://ssd.jpl.nasa.gov/tools/sbdb_lookup.html#/?sstr=2141495,18.46,0.5402004935,1.207925025,True,False,1902-02-05,121378.198245705,2598468.162806903,Merc
2141498,141498 (2002 EZ16),https://ssd.jpl.nasa.gov/tools/sbdb_lookup.html#/?sstr=2141498,18.45,0.5426939457,1.2135005535,False,False,1910-11-30,81216.9387828547,28289877.423417944,Earth
2141527,141527 (2002 FG7),https://ssd.jpl.nasa.gov/tools/sbdb_lookup.html#/?sstr=2141527,18.94,0.4330668855,0.9683669947,True,False,1907-03-05,55267.8636317047,21961994.45497542,Earth
2141432,141432 (2002 CQ11),https://ssd.jpl.nasa.gov/tools/sbdb_lookup.html#/?sstr=2141432,20.06,0.2585562121,0.5781492662,True,False,1905-01-12,36304.3921502174,15479412.882678015,Venus
2141447,141447 (2002 CW59),https://ssd.jpl.nasa.gov/tools/sbdb_lookup.html#/?sstr=2141447,17.16,0.9830033019,2.1980622051,False,False,1926-11-12,25536.8431607794,221707839.505629546,Juptr
2141526,141526 (2002 FA6),https://ssd.jpl.nasa.gov/tools/sbdb_lookup.html#/?sstr=2141526,20.2,0.2424124811,0.5420507863,False,False,1900-04-13,68984.3637169002,68608214.698292022,Earth
2141614,141614 (2002 JV15),https://ssd.jpl.nasa.gov/tools/sbdb_lookup.html#/?sstr=2141614,19.52,0.3315545381,0.7413784854,True,False,1901-03-14,29321.2222618707,18617193.394503666,Venus
2142561,142561 (2002 TX68),https://ssd.jpl.nasa.gov/tools/sbdb_lookup.html#/?sstr=2142561,18.2,0.6089126221,1.3615700154,False,False,1908-09-16,33800.2807718078,9346846.4940047,Mars
2142563,142563 (2002 TR69),https://ssd.jpl.nasa.gov/tools/sbdb_lookup.html#/?sstr=2142563,17.21,0.9606274149,2.1480282008,False,False,1905-03-07,41729.8670034376,21070785.250404148,Earth
2143381,143381 (2003 BC21),https://ssd.jpl.nasa.gov/tools/sbdb_lookup.html#/?sstr=2143381,16.21,1.5224918504,3.4043952726,False,False,1900-03-27,7869.7092350981,252658090.739951212,Juptr
2143404,143404 (2003 BD44),https://ssd.jpl.nasa.gov/tools/sbdb_lookup.html#/?sstr=2143404,16.95,1.0828167784,2.4212519237,True,False,1901-09-11,77494.8768306584,29406160.004316078,Earth
2143409,143409 (2003 BQ46),https://ssd.jpl.nasa.gov/tools/sbdb_lookup.html#/?sstr=2143409,17.89,0.7023522477,1.57050737,False,False,,,,
2144411,144411 (2004 EW9),https://ssd.jpl.nasa.gov/tools/sbdb_lookup.html#/?sstr=2144411,16.54,1.3078410858,2.9244215717,False,False,1927-09-03,45520.9719095704,18686052.007522984,Earth
2152560,152560 (1991 BN),https://ssd.jpl.nasa.gov/tools/sbdb_lookup.html#/?sstr=2152560,19.22,0.3806755436,0.8512163929,True,False,1905-08-03,27545.833959555,16474647.299880559,Earth
2152563,152563 (1992 BF),https://ssd.jpl.nasa.gov/tools/sbdb_lookup.html#/?sstr=2152563,19.71,0.3037770614,0.6792661593,False,False,1900-12-02,82093.2387520302,71870960.369642408,Earth
2142040,142040 (2002 QE15),https://ssd.jpl.nasa.gov/tools/sbdb_lookup.html#/?sstr=2142040,16.25,1.4947032424,3.3422580561,False,False,1931-11-08,58390.1869841788,20094546.262101446,Earth
2142781,142781 (2002 UM11),https://ssd.jpl.nasa.gov/tools/sbdb_lookup.html#/?sstr=2142781,16.14,1.5723708236,3.5159280475,False,False,,,,
2143487,143487 (2003 CR20),https://ssd.jpl.nasa.gov/tools/sbdb_lookup.html#/?sstr=2143487,18.94,0.4330668855,0.9683669947,True,False,1904-03-12,85428.5313491521,7343327.459490588,Earth
2143624,143624 (2003 HM16),https://ssd.jpl.nasa.gov/tools/sbdb_lookup.html#/?sstr=2143624,15.91,1.7480545317,3.9087687612,False,False,1948-03-29,91712.0236743792,16333331.766355239,Earth
2145656,145656 (4788 P-L),https://ssd.jpl.nasa.gov/tools/sbdb_lookup.html#/?sstr=2145656,16.43,1.3757989593,3.0763799964,False,False,1906-08-23,12576.6140484794,201651995.304561551,Juptr
2141851,141851 (2002 PM6),https://ssd.jpl.nasa.gov/tools/sbdb_lookup.html#/?sstr=2141851,17.81,0.7287104149,1.6294460236,True,False,1906-08-05,119295.6839043984,12653978.302177696,Earth
2141874,141874 (2002 PO34),https://ssd.jpl.nasa.gov/tools/sbdb_lookup.html#/?sstr=2141874,17.83,0.7220295577,1.6145071727,False,False,1946-05-03,32208.4187339894,14343878.626688516,Mars
2142348,142348 (2002 RX211),https://ssd.jpl.nasa.gov/tools/sbdb_lookup.html#/?sstr=2142348,18.33,0.573528464,1.2824486324,False,False,1919-12-11,36319.8725419259,41071309.729923778,Earth
2142464,142464 (2002 TC9),https://ssd.jpl.nasa.gov/tools/sbdb_lookup.html#/?sstr=2142464,18.34,0.57089334,1.2765563162,False,False,1910-04-06,31224.0709085365,12968686.982261808,Earth
2142555,142555 (2002 TB58),https://ssd.jpl.nasa.gov/tools/sbdb_lookup.html#/?sstr=2142555,16.39,1.4013769717,3.1335741707,False,False,1938-12-15,46723.9943271398,61828990.079168936,Earth
2143643,143643 (2003 NP7),https://ssd.jpl.nasa.gov/tools/sbdb_lookup.html#/?sstr=2143643,18.31,0.5788352575,1.2943149835,False,False,,,,
2143649,143649 (2003 QQ47),https://ssd.jpl.nasa.gov/tools/sbdb_lookup.html#/?sstr=2143649,17.39,0.8842090927,1.9771516375,True,False,1900-09-27,106324.8821822819,28377148.332839844,Earth
2143651,143651 (2003 QO104),https://ssd.jpl.nasa.gov/tools/sbdb_lookup.html#/?sstr=2143651,16.11,1.5942446807,3.5648394788,True,False,1912-06-10,38690.844966985,15380462.658108197,Earth
2143678,143678 (2003 SA224),https://ssd.jpl.nasa.gov/tools/sbdb_lookup.html#/?sstr=2143678,16.39,1.4013769717,3.1335741707,False,False,1917-03-09,29388.5751813879,22950550.49414585,Earth
2143947,143947 (2003 YQ117),https://ssd.jpl.nasa.gov/tools/sbdb_lookup.html#/?sstr=2143947,15.36,2.2519304668,5.0354696043,False,False,1974-07-10,70256.2255331472,17304824.792151765,Venus
2144900,144900 (2004 VG64),https://ssd.jpl.nasa.gov/tools/sbdb_lookup.html#/?sstr=2144900,18.27,0.5895966084,1.3183780956,True,False,1905-10-26,113127.6888797864,28578583.375733331,Earth
2144901,144901 (2004 WG1),https://ssd.jpl.nasa.gov/tools/sbdb_lookup.html#/?sstr=2144901,17.54,0.8251919385,1.845185269,False,False,1903-04-15,60665.3690889028,12148482.117838625,Earth
2152558,152558 (1990 SA),https://ssd.jpl.nasa.gov/tools/sbdb_lookup.html#/?sstr=2152558,16.86,1.128638801,2.523713081,False,False,1902-03-03,70114.9438429996,11974199.866259062,Mars
2141670,141670 (2002 JS100),https://ssd.jpl.nasa.gov/tools/sbdb_lookup.html#/?sstr=2141670,16.84,1.1390819672,2.5470647106,False,False,1908-12-10,10365.873271892,277225689.609966358,Juptr
2141761,141761 (2002 MC),https://ssd.jpl.nasa.gov/tools/sbdb_lookup.html#/?sstr=2141761,17.44,0.8640820365,1.9321461716,False,False,1903-08-15,36547.5179973305,43379582.125147538,Earth
2141765,141765 (2002 MP3),https://ssd.jpl.nasa.gov/tools/sbdb_lookup.html#/?sstr=2141765,16.31,1.4539684294,3.2511722452,False,False,1909-05-25,61315.3467150394,10859824.703082789,Mars
2143527,143527 (2003 EN16),https://ssd.jpl.nasa.gov/tools/sbdb_lookup.html#/?sstr=2143527,18.64,0.4972273129,1.1118340719,False,False,2016-01-09,38869.9897015973,14342743.418211808,Mars
2143637,143637 (2003 LP6),https://ssd.jpl.nasa.gov/tools/sbdb_lookup.html#/?sstr=2143637,16.58,1.2839702958,2.8710448625,False,False,1918-03-10,172448.5253924246,14856451.67290602,Merc
2143992,143992 (2004 AF),https://ssd.jpl.nasa.gov/tools/sbdb_lookup.html#/?sstr=2143992,16.12,1.5869197917,3.5484605292,True,False,1909-08-03,77601.2879028917,20489949.200126944,Earth
2144332,144332 (2004 DV24),https://ssd.jpl.nasa.gov/tools/sbdb_lookup.html#/?sstr=2144332,16.6,1.2721987854,2.844722965,True,False,1906-09-17,107758.7689675154,14955245.836977854,Earth
2144861,144861 (2004 LA12),https://ssd.jpl.nasa.gov/tools/sbdb_lookup.html#/?sstr=2144861,15.34,2.2727673228,5.0820622309,False,False,1901-03-22,114338.8197632171,13628359.883326478,Venus
2144898,144898 (2004 VD17),https://ssd.jpl.nasa.gov/tools/sbdb_lookup.html#/?sstr=2144898,18.89,0.4431543091,0.9909231597,True,False,1904-11-01,56055.0972563546,13198399.164140565,Earth
2144922,144922 (2005 CK38),https://ssd.jpl.nasa.gov/tools/sbdb_lookup.html#/?sstr=2144922,17.36,0.8965096664,2.0046565566,False,False,1988-02-27,6166.502706092,297550684.913215033,Juptr
2152561,152561 (1991 RB),https://ssd.jpl.nasa.gov/tools/sbdb_lookup.html#/?sstr=2152561,19.1,0.4023045798,0.8995803882,True,False,1905-12-04,45538.3051983328,54939353.615148538,Earth
2152637,152637 (1997 NC1),https://ssd.jpl.nasa.gov/tools/sbdb_lookup.html#/?sstr=2152637,17.87,0.708851033,1.5850390958,True,False,1902-01-10,37817.7154002868,9027729.478847215,Venus
2152667,152667 (1998 FR11),https://ssd.jpl.nasa.gov/tools/sbdb_lookup.html#/?sstr=2152667,16.41,1.3885290704,3.1048453901,False,False,1931-02-17,34970.037273529,211450040.987195212,Juptr
2152742,152742 (1998 XE12),https://ssd.jpl.nasa.gov/tools/sbdb_lookup.html#/?sstr=2152742,19.1,0.4023045798,0.8995803882,False,False,1900-11-22,94966.2847546999,26529545.509164117,Earth
2152754,152754 (1999 GS6),https://ssd.jpl.nasa.gov/tools/sbdb_lookup.html#/?sstr=2152754,19.22,0.3806755436,0.8512163929,True,False,1900-02-09,38039.8440169087,12922089.908598894,Mars
2152942,152942 (2000 FN10),https://ssd.jpl.nasa.gov/tools/sbdb_lookup.html#/?sstr=2152942,16.74,1.1927652464,2.6671041722,False,False,1919-04-10,57349.2827155007,28368936.801037035,Earth
2152564,152564 (1992 HF),https://ssd.jpl.nasa.gov/tools/sbdb_lookup.html#/?sstr=2152564,19.63,0.3151773333,0.7047579421,False,False,1900-10-04,62360.4527455658,54977593.807718151,Earth
2152664,152664 (1998 FW4),https://ssd.jpl.nasa.gov/tools/sbdb_lookup.html#/?sstr=2152664,19.7,0.3051792326,0.6824015094,True,False,1909-06-10,54341.5497301552,11760385.838979667,Venus
2152679,152679 (1998 KU2),https://ssd.jpl.nasa.gov/tools/sbdb_lookup.html#/?sstr=2152679,16.55,1.3018321019,2.9109850751,False,False,1907-08-15,28436.6305256581,11870799.957764603,Earth
2152680,152680 (1998 KJ9),https://ssd.jpl.nasa.gov/tools/sbdb_lookup.html#/?sstr=2152680,19.49,0.3361669212,0.7516920875,True,False,1900-06-14,64526.0746189172,19962759.09562961,Earth
2152685,152685 (1998 MZ),https://ssd.jpl.nasa.gov/tools/sbdb_lookup.html#/?sstr=2152685,19.33,0.3618719966,0.8091703835,True,False,1907-07-30,60288.0770587918,2339871.010837279,Venus
2152770,152770 (1999 RR28),https://ssd.jpl.nasa.gov/tools/sbdb_lookup.html#/?sstr=2152770,18.41,0.5527833794,1.2360612132,True,False,1904-10-15,59588.7059295889,11573531.322566156,Earth
2152787,152787 (1999 TB10),https://ssd.jpl.nasa.gov/tools/sbdb_lookup.html#/?sstr=2152787,18.69,0.4859090375,1.0865256386,False,False,1911-03-18,39337.0015338454,25851151.526733398,Earth
2152828,152828 (1999 VT25),https://ssd.jpl.nasa.gov/tools/sbdb_lookup.html#/?sstr=2152828,21.26,0.1487835705,0.3326901775,True,False,1908-10-24,72226.2459035887,16281879.329263818,Venus
2152895,152895 (2000 CQ101),https://ssd.jpl.nasa.gov/tools/sbdb_lookup.html#/?sstr=2152895,18.17,0.6173834405,1.3805113411,False,False,1905-04-02,8550.1877419078,270955991.431558865,Juptr
2152671,152671 (1998 HL3),https://ssd.jpl.nasa.gov/tools/sbdb_lookup.html#/?sstr=2152671,20.24,0.2379879547,0.5321572445,True,False,1901-05-18,81609.8856396246,58127161.19556025,Earth
2152756,152756 (1999 JV3),https://ssd.jpl.nasa.gov/tools/sbdb_lookup.html#/?sstr=2152756,18.98,0.425162524,0.9506923052,False,False,1901-10-26,42122.9473139916,15867612.174630255,Earth
2152889,152889 (2000 CF59),https://ssd.jpl.nasa.gov/tools/sbdb_lookup.html#/?sstr=2152889,16.5,1.332155667,2.978790628,False,False,1930-02-05,119327.3357290128,16409236.693367936,Venus
2152931,152931 (2000 EA107),https://ssd.jpl.nasa.gov/tools/sbdb_lookup.html#/?sstr=2152931,16.3,1.4606796427,3.2661789745,False,False,1901-01-18,76712.1121426756,8448483.399611732,Venus
2152941,152941 (2000 FM10),https://ssd.jpl.nasa.gov/tools/sbdb_lookup.html#/?sstr=2152941,17.61,0.7990150812,1.7866520367,False,False,1921-09-12,78249.3885301464,14328782.73554639,Venus
2152575,152575 (1994 GY),https://ssd.jpl.nasa.gov/tools/sbdb_lookup.html#/?sstr=2152575,17.07,1.0246014747,2.2910785472,False,False,1916-12-03,16791.4781204054,161209341.691084715,Juptr
2152952,152952 (2000 GC2),https://ssd.jpl.nasa.gov/tools/sbdb_lookup.html#/?sstr=2152952,17.57,0.8138698807,1.819868378,False,False,2163-08-19,87963.1465712144,14763487.741742335,Mars
2152964,152964 (2000 GP82),https://ssd.jpl.nasa.gov/tools/sbdb_lookup.html#/?sstr=2152964,17.8,0.7320739893,1.6369672047,False,False,1924-02-02,42068.5600295581,13685092.048124235,Earth
2153311,153311 (2001 MG1),https://ssd.jpl.nasa.gov/tools/sbdb_lookup.html#/?sstr=2153311,17.39,0.8842090927,1.9771516375,True,False,1985-08-24,67003.6326863526,17932545.817192698,Earth
2153814,153814 (2001 WN5),https://ssd.jpl.nasa.gov/tools/sbdb_lookup.html#/?sstr=2153814,18.28,0.586887658,1.3123206985,True,False,1916-10-02,40097.58283827,7625252.933227586,Earth
2153842,153842 (2001 XT30),https://ssd.jpl.nasa.gov/tools/sbdb_lookup.html#/?sstr=2153842,16.7,1.214940408,2.7166893409,False,False,1921-08-22,13214.7404948487,182987694.243904874,Juptr
2152978,152978 (2000 GJ147),https://ssd.jpl.nasa.gov/tools/sbdb_lookup.html#/?sstr=2152978,19.57,0.3240074354,0.7245026508,True,False,1901-05-23,49586.7452086012,16046973.124298448,Earth
2153201,153201 (2000 WO107),https://ssd.jpl.nasa.gov/tools/sbdb_lookup.html#/?sstr=2153201,19.3,0.3669061375,0.8204270649,True,False,1900-11-09,136040.9445653414,11611598.594957836,Merc
2153219,153219 (2000 YM29),https://ssd.jpl.nasa.gov/tools/sbdb_lookup.html#/?sstr=2153219,18.54,0.5206609142,1.1642331974,False,False,,,,
2153220,153220 (2000 YN29),https://ssd.jpl.nasa.gov/tools/sbdb_lookup.html#/?sstr=2153220,17.43,0.8680704579,1.9410645532,True,False,1904-09-15,19989.1996933805,110127375.12284119,Juptr
2153243,153243 (2001 AU47),https://ssd.jpl.nasa.gov/tools/sbdb_lookup.html#/?sstr=2153243,17.5,0.8405334021,1.8794898244,False,False,1903-01-05,104603.5799976362,16586224.452346023,Venus
2153267,153267 (2001 CB32),https://ssd.jpl.nasa.gov/tools/sbdb_lookup.html#/?sstr=2153267,17.8,0.7320739893,1.6369672047,False,False,1910-07-13,42642.9169966652,9766044.184996445,Venus
2153271,153271 (2001 CL42),https://ssd.jpl.nasa.gov/tools/sbdb_lookup.html#/?sstr=2153271,17.4,0.8801465209,1.9680674509,False,False,2005-04-22,52836.9541745418,29825400.719655235,Earth
2153306,153306 (2001 JL1),https://ssd.jpl.nasa.gov/tools/sbdb_lookup.html#/?sstr=2153306,16.8,1.1602590821,2.5944181791,False,False,,,,
2153349,153349 (2001 PJ9),https://ssd.jpl.nasa.gov/tools/sbdb_lookup.html#/?sstr=2153349,18.65,0.4949427609,1.1067256584,False,False,1904-10-05,49877.376273445,15706611.850260346,Venus
2153953,153953 (2002 AD9),https://ssd.jpl.nasa.gov/tools/sbdb_lookup.html#/?sstr=2153953,16.81,1.1549281758,2.5824979103,False,False,1912-03-02,118896.1887626129,7938880.903339031,Merc
2153957,153957 (2002 AB29),https://ssd.jpl.nasa.gov/tools/sbdb_lookup.html#/?sstr=2153957,17.76,0.745684261,1.6674006973,False,False,1937-09-20,121725.2201104692,16258357.113697137,Venus
2153195,153195 (2000 WB1),https://ssd.jpl.nasa.gov/tools/sbdb_lookup.html#/?sstr=2153195,17.51,0.8366715019,1.8708543531,False,False,1901-04-11,101680.5051374825,17730403.909403674,Venus
2153315,153315 (2001 NH6),https://ssd.jpl.nasa.gov/tools/sbdb_lookup.html#/?sstr=2153315,19.55,0.3270054393,0.7312063912,False,False,1900-02-04,107491.5211576684,51782276.369353078,Earth
2153460,153460 (2001 RN),https://ssd.jpl.nasa.gov/tools/sbdb_lookup.html#/?sstr=2153460,19.71,0.3037770614,0.6792661593,False,False,1909-01-04,57860.8326577087,16873264.9315747,Venus
2153951,153951 (2002 AC3),https://ssd.jpl.nasa.gov/tools/sbdb_lookup.html#/?sstr=2153951,18.75,0.4726666672,1.0569147985,False,False,,,,
2153958,153958 (2002 AM31),https://ssd.jpl.nasa.gov/tools/sbdb_lookup.html#/?sstr=2153958,18.35,0.5682703234,1.2706910727,True,False,1903-07-19,36533.5125912364,7259089.646882938,Earth
2153002,153002 (2000 JG5),https://ssd.jpl.nasa.gov/tools/sbdb_lookup.html#/?sstr=2153002,18.28,0.586887658,1.3123206985,True,False,1907-02-25,140267.8839313127,21458203.342279248,Venus
2153249,153249 (2001 BW15),https://ssd.jpl.nasa.gov/tools/sbdb_lookup.html#/?sstr=2153249,15.67,1.9523378616,4.3655601735,False,False,1918-08-20,93074.1478027247,7416349.186754775,Earth
2153415,153415 (2001 QP153),https://ssd.jpl.nasa.gov/tools/sbdb_lookup.html#/?sstr=2153415,17.01,1.0533070151,2.3552660868,False,False,1900-04-04,115357.0148302147,13040102.207919639,Venus
2153591,153591 (2001 SN263),https://ssd.jpl.nasa.gov/tools/sbdb_lookup.html#/?sstr=2153591,17.11,1.0059003902,2.249261651,True,False,1913-01-31,24639.1584565967,10634544.477781078,Earth
2153792,153792 (2001 VH75),https://ssd.jpl.nasa.gov/tools/sbdb_lookup.html#/?sstr=2153792,18.14,0.6259720997,1.3997161669,False,False,1915-02-11,21488.0773988578,243088329.656642472,Juptr
2154007,154007 (2002 BY),https://ssd.jpl.nasa.gov/tools/sbdb_lookup.html#/?sstr=2154007,18.12,0.6317641482,1.4126675811,False,False,1958-05-17,9593.7589216877,27300209.767354905,Earth
2154019,154019 (2002 CZ9),https://ssd.jpl.nasa.gov/tools/sbdb_lookup.html#/?sstr=2154019,22.07,0.1024601475,0.2291078547,True,False,1915-03-02,32736.0345675053,5747204.519521365,Earth
2154020,154020 (2002 CA10),https://ssd.jpl.nasa.gov/tools/sbdb_lookup.html#/?sstr=2154020,19.13,0.3967847541,0.8872376825,False,False,1909-11-10,51945.7116804394,13902547.152921347,Venus
2154244,154244 (2002 KL6),https://ssd.jpl.nasa.gov/tools/sbdb_lookup.html#/?sstr=2154244,17.57,0.8138698807,1.819868378,False,False,1919-12-13,8159.6972794037,261873781.445294411,Juptr
2154269,154269 (2002 SM),https://ssd.jpl.nasa.gov/tools/sbdb_lookup.html#/?sstr=2154269,17.87,0.708851033,1.5850390958,True,False,1907-04-29,37283.2677663325,23119570.625688376,Earth
2154278,154278 (2002 TB9),https://ssd.jpl.nasa.gov/tools/sbdb_lookup.html#/?sstr=2154278,16.5,1.332155667,2.978790628,False,False,1942-10-26,89411.8108112953,16018004.469159103,Venus
2154555,154555 (2003 HA),https://ssd.jpl.nasa.gov/tools/sbdb_lookup.html#/?sstr=2154555,16.7,1.214940408,2.7166893409,False,False,1903-03-07,88732.5979393739,19195311.311322118,Venus
2154589,154589 (2003 MX2),https://ssd.jpl.nasa.gov/tools/sbdb_lookup.html#/?sstr=2154589,16.62,1.2605351968,2.8186423881,False,False,2049-03-08,25729.8434509214,4087475.123351719,Mars
2154590,154590 (2003 MA3),https://ssd.jpl.nasa.gov/tools/sbdb_lookup.html#/?sstr=2154590,21.7,0.1214940408,0.2716689341,True,False,1902-08-04,33296.5571342643,3873416.62323317,Venus
2154631,154631 (2003 WO25),https://ssd.jpl.nasa.gov/tools/sbdb_lookup.html#/?sstr=2154631,18.21,0.6061149227,1.3553141694,False,False,1901-05-21,60013.8790997886,40026773.015895749,Earth
2154658,154658 (2004 FA18),https://ssd.jpl.nasa.gov/tools/sbdb_lookup.html#/?sstr=2154658,19.42,0.3471802221,0.776318577,False,False,1903-05-10,46930.3518529922,35893281.243656929,Earth
2154029,154029 (2002 CY46),https://ssd.jpl.nasa.gov/tools/sbdb_lookup.html#/?sstr=2154029,16.52,1.3199423904,2.9514809114,False,False,1958-09-02,86360.2469358296,25300608.596337584,Earth
2154035,154035 (2002 CV59),https://ssd.jpl.nasa.gov/tools/sbdb_lookup.html#/?sstr=2154035,17.38,0.8882904164,1.9862777548,False,False,,,,
2154275,154275 (2002 SR41),https://ssd.jpl.nasa.gov/tools/sbdb_lookup.html#/?sstr=2154275,20.13,0.2503542548,0.5598091321,True,False,1905-11-24,38169.6103351688,38771477.467007974,Earth
2154276,154276 (2002 SY50),https://ssd.jpl.nasa.gov/tools/sbdb_lookup.html#/?sstr=2154276,17.61,0.7990150812,1.7866520367,True,False,1909-08-08,77252.7991240159,1949842.017256643,Venus
2154302,154302 (2002 UQ3),https://ssd.jpl.nasa.gov/tools/sbdb_lookup.html#/?sstr=2154302,17.69,0.7701139256,1.7220270881,True,False,1906-05-02,78538.2616579295,8901593.431753777,Earth
2154144,154144 (2002 FA5),https://ssd.jpl.nasa.gov/tools/sbdb_lookup.html#/?sstr=2154144,17.52,0.8328273455,1.8622585581,False,False,2052-08-23,45126.4910591084,7784776.307746559,Mars
2154268,154268 (2002 RM129),https://ssd.jpl.nasa.gov/tools/sbdb_lookup.html#/?sstr=2154268,18.06,0.6494638409,1.4522452972,False,False,1900-12-19,46854.0070284524,29690451.383326913,Earth
2154330,154330 (2002 VX94),https://ssd.jpl.nasa.gov/tools/sbdb_lookup.html#/?sstr=2154330,18.19,0.6117232351,1.367854737,True,False,1908-05-01,30200.1697195856,19674858.039693971,Earth
2154347,154347 (2002 XK4),https://ssd.jpl.nasa.gov/tools/sbdb_lookup.html#/?sstr=2154347,16.15,1.5651464359,3.4997738255,False,False,1947-05-08,72856.4045796191,20700598.155351175,Venus
2154652,154652 (2004 EP20),https://ssd.jpl.nasa.gov/tools/sbdb_lookup.html#/?sstr=2154652,18.92,0.437074004,0.9773271842,False,False,1919-09-09,59893.8638516748,21926159.03320627,Venus
2154656,154656 (2004 FE3),https://ssd.jpl.nasa.gov/tools/sbdb_lookup.html#/?sstr=2154656,16.34,1.4340192346,3.2065644897,False,False,1908-02-19,23859.0218743574,270242641.887231401,Juptr
2154229,154229 (2002 JN97),https://ssd.jpl.nasa.gov/tools/sbdb_lookup.html#/?sstr=2154229,16.61,1.2663535629,2.8316526503,False,False,1903-12-06,87757.1170209587,12894294.205478858,Venus
2154300,154300 (2002 UO),https://ssd.jpl.nasa.gov/tools/sbdb_lookup.html#/?sstr=2154300,19.37,0.3552670883,0.7944013596,False,False,1904-03-18,39224.2918313822,12708801.3139183,Venus
2154453,154453 (2003 CJ11),https://ssd.jpl.nasa.gov/tools/sbdb_lookup.html#/?sstr=2154453,15.36,2.2519304668,5.0354696043,False,False,1935-07-01,40810.2713735011,262020875.495744221,Juptr
2154807,154807 (2004 PP97),https://ssd.jpl.nasa.gov/tools/sbdb_lookup.html#/?sstr=2154807,18.56,0.5158874663,1.1535594433,False,False,1921-10-24,42021.3779133743,26944584.499048158,Earth
2155340,155340 (2006 SK198),https://ssd.jpl.nasa.gov/tools/sbdb_lookup.html#/?sstr=2155340,16.29,1.4674218336,3.2812549716,False,False,1929-06-10,25931.1418503456,18100510.819998327,Earth
2155341,155341 (2006 SA218),https://ssd.jpl.nasa.gov/tools/sbdb_lookup.html#/?sstr=2155341,18.23,0.6005580277,1.3428885744,False,False,1988-08-02,41033.3243844082,13974469.365760608,Mars
2159402,159402 (1999 AP10),https://ssd.jpl.nasa.gov/tools/sbdb_lookup.html#/?sstr=2159402,16.61,1.2663535629,2.8316526503,False,False,1934-09-15,9486.4967257324,284848847.754139908,Juptr
2159459,159459 (2000 KB),https://ssd.jpl.nasa.gov/tools/sbdb_lookup.html#/?sstr=2159459,16.31,1.4539684294,3.2511722452,False,False,1909-09-27,43418.7539232455,287892273.882439372,Juptr
2159467,159467 (2000 QK25),https://ssd.jpl.nasa.gov/tools/sbdb_lookup.html#/?sstr=2159467,18.34,0.57089334,1.2765563162,False,False,2005-07-13,21288.0594425583,3542060.407939505,Mars
2159495,159495 (2000 UV16),https://ssd.jpl.nasa.gov/tools/sbdb_lookup.html#/?sstr=2159495,17.46,0.8561600847,1.9144321491,False,False,1908-08-19,5418.0408555723,284313126.561829658,Juptr
2159504,159504 (2000 WO67),https://ssd.jpl.nasa.gov/tools/sbdb_lookup.html#/?sstr=2159504,16.97,1.0728894545,2.3990537526,True,False,1916-07-23,47172.8409875075,5827658.313846513,Earth
2159635,159635 (2002 CZ46),https://ssd.jpl.nasa.gov/tools/sbdb_lookup.html#/?sstr=2159635,18.16,0.620233153,1.3868834919,False,False,1905-12-10,38641.4852667664,11321727.305154723,Mars
2159677,159677 (2002 HQ11),https://ssd.jpl.nasa.gov/tools/sbdb_lookup.html#/?sstr=2159677,19.45,0.3424167308,0.7656670868,False,False,1906-05-31,35951.1135764592,12250705.543804043,Venus
2159856,159856 (2004 JW6),https://ssd.jpl.nasa.gov/tools/sbdb_lookup.html#/?sstr=2159856,17.98,0.67383719,1.5067457626,False,False,1906-08-04,26946.3345980059,29315277.562955786,Earth
2154715,154715 (2004 LB6),https://ssd.jpl.nasa.gov/tools/sbdb_lookup.html#/?sstr=2154715,18.53,0.5230641758,1.1696070537,False,False,1901-08-21,35174.1045794426,17859135.255144807,Earth
2155110,155110 (2005 TB),https://ssd.jpl.nasa.gov/tools/sbdb_lookup.html#/?sstr=2155110,17.46,0.8561600847,1.9144321491,False,False,1923-04-21,76415.6975068879,27698167.238608523,Earth
2159454,159454 (2000 DJ8),https://ssd.jpl.nasa.gov/tools/sbdb_lookup.html#/?sstr=2159454,18.04,0.6554732558,1.4656827575,False,False,,,,
2159518,159518 (2001 FF7),https://ssd.jpl.nasa.gov/tools/sbdb_lookup.html#/?sstr=2159518,18.01,0.6645917971,1.4860724357,False,False,,,,
2159533,159533 (2001 HH31),https://ssd.jpl.nasa.gov/tools/sbdb_lookup.html#/?sstr=2159533,17.66,0.7808272775,1.7459828712,False,False,1970-04-22,27728.6688037245,13657113.386809189,Mars
2159555,159555 (2001 SJ276),https://ssd.jpl.nasa.gov/tools/sbdb_lookup.html#/?sstr=2159555,18.69,0.4859090375,1.0865256386,False,False,2003-12-08,52070.2434333803,10627733.720593801,Mars
2159608,159608 (2002 AC2),https://ssd.jpl.nasa.gov/tools/sbdb_lookup.html#/?sstr=2159608,16.59,1.2780709882,2.8578536096,False,False,,,,
2159857,159857 (2004 LJ1),https://ssd.jpl.nasa.gov/tools/sbdb_lookup.html#/?sstr=2159857,15.46,2.1505769,4.8088361393,True,False,1929-11-13,59048.3120184054,8564295.682736683,Earth
2159928,159928 (2005 CV69),https://ssd.jpl.nasa.gov/tools/sbdb_lookup.html#/?sstr=2159928,18.0,0.6676594135,1.4929318344,False,False,2069-07-11,62561.3422257875,11606297.639313747,Mars
2154988,154988 (2004 XN35),https://ssd.jpl.nasa.gov/tools/sbdb_lookup.html#/?sstr=2154988,18.39,0.5578982211,1.2474983468,False,False,1901-04-26,71887.4770605865,16874792.954138454,Venus
2154993,154993 (2005 EA94),https://ssd.jpl.nasa.gov/tools/sbdb_lookup.html#/?sstr=2154993,17.99,0.6707411893,1.4998228946,False,False,1906-02-27,89466.7563460368,27106124.796929832,Earth
2155336,155336 (2006 GA1),https://ssd.jpl.nasa.gov/tools/sbdb_lookup.html#/?sstr=2155336,18.41,0.5527833794,1.2360612132,False,False,1900-02-20,17176.3251931681,254097099.893253339,Juptr
2155338,155338 (2006 MZ1),https://ssd.jpl.nasa.gov/tools/sbdb_lookup.html#/?sstr=2155338,20.4,0.2210828104,0.4943561926,True,False,1900-11-12,34464.1910778932,16320082.406601884,Earth
2159686,159686 (2002 LB6),https://ssd.jpl.nasa.gov/tools/sbdb_lookup.html#/?sstr=2159686,16.34,1.4340192346,3.2065644897,False,False,1915-07-19,100829.0610243151,14449835.731253181,Venus
2159699,159699 (2002 PQ142),https://ssd.jpl.nasa.gov/tools/sbdb_lookup.html#/?sstr=2159699,17.6,0.8027031673,1.7948988478,False,False,1901-05-01,82258.3761735172,40353119.542598215,Earth
2159923,159923 (2004 YJ32),https://ssd.jpl.nasa.gov/tools/sbdb_lookup.html#/?sstr=2159923,16.44,1.3694777373,3.0622453143,False,False,1904-09-04,22003.8759925158,24300852.254398976,Earth
2159929,159929 (2005 UK),https://ssd.jpl.nasa.gov/tools/sbdb_lookup.html#/?sstr=2159929,17.72,0.7595475664,1.6983999907,False,False,1919-04-30,105629.9249632612,25276850.090935238,Earth
2161995,161995 (1983 LB),https://ssd.jpl.nasa.gov/tools/sbdb_lookup.html#/?sstr=2161995,17.27,0.9344476509,2.0894884689,False,False,,,,
2161998,161998 (1988 PA),https://ssd.jpl.nasa.gov/tools/sbdb_lookup.html#/?sstr=2161998,17.59,0.8064082768,1.8031837245,False,False,1969-11-03,26450.576129032,6890129.254363965,Mars
2162000,162000 (1990 OS),https://ssd.jpl.nasa.gov/tools/sbdb_lookup.html#/?sstr=2162000,19.64,0.313729225,0.7015198735,True,False,1909-11-19,41424.361199685,8589928.275455454,Earth
2154991,154991 Vinciguerra (2005 BX26),https://ssd.jpl.nasa.gov/tools/sbdb_lookup.html#/?sstr=2154991,18.57,0.5135171787,1.1482593191,False,False,1909-02-25,6440.7718226902,29234330.888528349,Earth
2155140,155140 (2005 UD),https://ssd.jpl.nasa.gov/tools/sbdb_lookup.html#/?sstr=2155140,17.47,0.8522263865,1.9056361323,False,False,1900-08-26,151687.0221967865,16532847.633134283,Venus
2155334,155334 (2006 DZ169),https://ssd.jpl.nasa.gov/tools/sbdb_lookup.html#/?sstr=2155334,17.24,0.9474471126,2.118556149,False,False,1986-02-11,26473.4861640496,10171749.733851612,Mars
2159399,159399 (1998 UL1),https://ssd.jpl.nasa.gov/tools/sbdb_lookup.html#/?sstr=2159399,16.5,1.332155667,2.978790628,False,False,1958-04-24,76787.2038539588,29804547.240330632,Earth
2159560,159560 (2001 TO103),https://ssd.jpl.nasa.gov/tools/sbdb_lookup.html#/?sstr=2159560,17.14,0.9920989194,2.2184006242,False,False,,,,
2159609,159609 (2002 AQ3),https://ssd.jpl.nasa.gov/tools/sbdb_lookup.html#/?sstr=2159609,17.23,0.9518203298,2.1283349598,False,False,1958-05-27,71036.780376388,13466943.661918182,Mars
2161989,161989 Cacus (1978 CA),https://ssd.jpl.nasa.gov/tools/sbdb_lookup.html#/?sstr=2161989,17.31,0.9173920592,2.0513510063,True,False,1910-09-09,63670.6525894513,25481760.81594137,Earth
2161999,161999 (1989 RC),https://ssd.jpl.nasa.gov/tools/sbdb_lookup.html#/?sstr=2161999,18.8,0.4619074603,1.0328564805,False,False,1901-08-05,25026.8145627304,18779900.017219008,Earth
2162004,162004 (1991 VE),https://ssd.jpl.nasa.gov/tools/sbdb_lookup.html#/?sstr=2162004,18.28,0.586887658,1.3123206985,False,False,1900-01-23,114334.3255903261,19062128.142406803,Venus
2162063,162063 (1997 EH29),https://ssd.jpl.nasa.gov/tools/sbdb_lookup.html#/?sstr=2162063,18.96,0.4290965044,0.9594889528,False,False,1907-02-15,74995.4344262378,9334258.356836745,Merc
2162149,162149 (1998 YQ11),https://ssd.jpl.nasa.gov/tools/sbdb_lookup.html#/?sstr=2162149,17.51,0.8366715019,1.8708543531,False,False,1926-12-08,49681.7475451402,14738478.134393392,Mars
2162161,162161 (1999 DK3),https://ssd.jpl.nasa.gov/tools/sbdb_lookup.html#/?sstr=2162161,17.68,0.77366861,1.729975604,False,False,,,,
2162168,162168 (1999 GT6),https://ssd.jpl.nasa.gov/tools/sbdb_lookup.html#/?sstr=2162168,17.34,0.9048049682,2.0232054153,False,False,1954-06-23,21611.3177426254,191562770.996338847,Juptr
2162011,162011 Konnohmaru (1994 AB1),https://ssd.jpl.nasa.gov/tools/sbdb_lookup.html#/?sstr=2162011,16.6,1.2721987854,2.844722965,False,False,1900-01-04,24442.6998099919,247089582.761078009,Juptr
2162015,162015 (1994 TF2),https://ssd.jpl.nasa.gov/tools/sbdb_lookup.html#/?sstr=2162015,19.25,0.3754524794,0.8395372662,False,False,1900-02-11,60341.8726448302,48853557.115597561,Earth
2162117,162117 (1998 SD15),https://ssd.jpl.nasa.gov/tools/sbdb_lookup.html#/?sstr=2162117,19.04,0.4135756649,0.9247833005,False,False,1907-09-19,68181.1689102221,29469811.070601335,Earth
2162173,162173 Ryugu (1999 JU3),https://ssd.jpl.nasa.gov/tools/sbdb_lookup.html#/?sstr=2162173,19.55,0.3270054393,0.7312063912,True,False,1917-02-03,18468.8072255509,16271747.185207014,Earth
2162183,162183 (1999 NB5),https://ssd.jpl.nasa.gov/tools/sbdb_lookup.html#/?sstr=2162183,21.25,0.1494703242,0.3342258056,True,False,1981-07-14,76200.715521729,61495050.159062501,Earth
2162039,162039 (1996 JG),https://ssd.jpl.nasa.gov/tools/sbdb_lookup.html#/?sstr=2162039,18.92,0.437074004,0.9773271842,True,False,1904-11-08,53329.2855215537,27019929.481233445,Earth
2162082,162082 (1998 HL1),https://ssd.jpl.nasa.gov/tools/sbdb_lookup.html#/?sstr=2162082,19.12,0.3986162293,0.8913329856,True,False,1905-10-14,43540.7909556064,45892162.21636346,Earth
2162116,162116 (1998 SA15),https://ssd.jpl.nasa.gov/tools/sbdb_lookup.html#/?sstr=2162116,19.54,0.3285148278,0.7345814866,True,False,1906-03-03,86370.0864909088,58446366.084506573,Earth
2162142,162142 (1998 VR),https://ssd.jpl.nasa.gov/tools/sbdb_lookup.html#/?sstr=2162142,18.78,0.4661814374,1.0424133839,False,False,1911-11-23,46588.852949783,25333505.915939934,Earth
2162162,162162 (1999 DB7),https://ssd.jpl.nasa.gov/tools/sbdb_lookup.html#/?sstr=2162162,19.99,0.2670268771,0.5970902489,True,False,1901-01-25,67673.1052652281,71120417.084805768,Earth
2162181,162181 (1999 LF6),https://ssd.jpl.nasa.gov/tools/sbdb_lookup.html#/?sstr=2162181,18.2,0.6089126221,1.3615700154,False,False,1907-10-11,37194.2361145382,24634846.687969239,Earth
2162186,162186 (1999 OP3),https://ssd.jpl.nasa.gov/tools/sbdb_lookup.html#/?sstr=2162186,15.03,2.6215308728,5.8619212367,False,False,,,,
2162038,162038 (1996 DH),https://ssd.jpl.nasa.gov/tools/sbdb_lookup.html#/?sstr=2162038,16.69,1.2205483181,2.7292290091,False,False,,,,
2162058,162058 (1997 AE12),https://ssd.jpl.nasa.gov/tools/sbdb_lookup.html#/?sstr=2162058,17.99,0.6707411893,1.4998228946,False,False,1921-08-20,7851.6729955413,273773808.129483896,Juptr
2162080,162080 (1998 DG16),https://ssd.jpl.nasa.gov/tools/sbdb_lookup.html#/?sstr=2162080,19.93,0.2745079817,0.6138185073,False,False,1908-03-25,39477.4798153615,29631347.82301349,Earth
2162120,162120 (1998 SH36),https://ssd.jpl.nasa.gov/tools/sbdb_lookup.html#/?sstr=2162120,20.64,0.1979497587,0.4426291165,True,False,1902-07-28,73433.0538114332,3074734.972838793,Venus
2162157,162157 (1999 CV8),https://ssd.jpl.nasa.gov/tools/sbdb_lookup.html#/?sstr=2162157,19.95,0.2719912773,0.6081909854,False,False,1900-02-01,29622.1369407353,55286364.753864732,Earth
2162416,162416 (2000 EH26),https://ssd.jpl.nasa.gov/tools/sbdb_lookup.html#/?sstr=2162416,21.67,0.1231841913,0.2754482254,True,False,1932-03-16,63189.9912720679,44901359.471502009,Earth
2162452,162452 (2000 HO14),https://ssd.jpl.nasa.gov/tools/sbdb_lookup.html#/?sstr=2162452,18.5,0.5303407233,1.1858779086,False,False,2081-12-17,34444.6498006285,14564163.390156465,Mars
2162463,162463 (2000 JH5),https://ssd.jpl.nasa.gov/tools/sbdb_lookup.html#/?sstr=2162463,17.97,0.6769474811,1.513700585,False,False,1912-11-24,50379.6024717001,27876436.632458474,Earth
2162472,162472 (2000 LL),https://ssd.jpl.nasa.gov/tools/sbdb_lookup.html#/?sstr=2162472,19.22,0.3806755436,0.8512163929,False,False,1911-05-30,57067.559380364,27968992.146477272,Earth
2162210,162210 (1999 SM5),https://ssd.jpl.nasa.gov/tools/sbdb_lookup.html#/?sstr=2162210,19.3,0.3669061375,0.8204270649,False,False,1905-09-13,58264.1122237124,16843356.936449838,Earth
2162269,162269 (1999 VO6),https://ssd.jpl.nasa.gov/tools/sbdb_lookup.html#/?sstr=2162269,16.97,1.0728894545,2.3990537526,False,False,1901-12-10,115328.6518185875,18394414.565266651,Venus
2162385,162385 (2000 BM19),https://ssd.jpl.nasa.gov/tools/sbdb_lookup.html#/?sstr=2162385,18.59,0.5088092249,1.1377320144,False,False,1901-01-09,39885.0239125076,17941886.79795422,Earth
2162422,162422 (2000 EV70),https://ssd.jpl.nasa.gov/tools/sbdb_lookup.html#/?sstr=2162422,20.6,0.2016299194,0.4508582062,True,False,1901-07-29,33387.3196372962,63475593.354310533,Earth
2162474,162474 (2000 LB16),https://ssd.jpl.nasa.gov/tools/sbdb_lookup.html#/?sstr=2162474,18.62,0.5018281006,1.1221217459,True,False,1910-12-09,98359.6713651904,13748809.89489866,Earth
2162196,162196 (1999 RL45),https://ssd.jpl.nasa.gov/tools/sbdb_lookup.html#/?sstr=2162196,18.79,0.4640395282,1.0376239294,False,False,,,,
2162214,162214 (1999 TC10),https://ssd.jpl.nasa.gov/tools/sbdb_lookup.html#/?sstr=2162214,18.86,0.4493191996,1.004708274,False,False,1921-10-31,58626.8817618892,21329270.622845308,Earth
2162215,162215 (1999 TL12),https://ssd.jpl.nasa.gov/tools/sbdb_lookup.html#/?sstr=2162215,19.17,0.3895426161,0.8710437698,False,False,1911-07-04,68964.4643110272,19855447.142995503,Venus
2162273,162273 (1999 VL12),https://ssd.jpl.nasa.gov/tools/sbdb_lookup.html#/?sstr=2162273,17.27,0.9344476509,2.0894884689,False,False,,,,
2162361,162361 (2000 AF6),https://ssd.jpl.nasa.gov/tools/sbdb_lookup.html#/?sstr=2162361,20.24,0.2379879547,0.5321572445,True,False,1901-08-19,58003.0864279794,4717294.856910882,Venus
2162421,162421 (2000 ET70),https://ssd.jpl.nasa.gov/tools/sbdb_lookup.html#/?sstr=2162421,18.11,0.634680239,1.4191881584,True,False,1906-02-19,48886.6425570173,23813140.593960819,Earth
2162433,162433 (2000 FK10),https://ssd.jpl.nasa.gov/tools/sbdb_lookup.html#/?sstr=2162433,19.36,0.3569069267,0.7980681497,False,False,1935-07-03,52192.0655304106,15639572.481978311,Venus
2162470,162470 (2000 KX43),https://ssd.jpl.nasa.gov/tools/sbdb_lookup.html#/?sstr=2162470,19.24,0.3771854893,0.8434123941,False,False,1903-12-05,108251.1913275558,65810496.055327455,Earth
2162195,162195 (1999 RK45),https://ssd.jpl.nasa.gov/tools/sbdb_lookup.html#/?sstr=2162195,19.5,0.3346223745,0.7482383761,False,False,1900-09-08,138243.1851368039,63779360.281625188,Earth
2162687,162687 (2000 UH1),https://ssd.jpl.nasa.gov/tools/sbdb_lookup.html#/?sstr=2162687,18.75,0.4726666672,1.0569147985,True,False,1916-01-12,43781.1990631686,29268719.235141202,Earth
2162695,162695 (2000 UL11),https://ssd.jpl.nasa.gov/tools/sbdb_lookup.html#/?sstr=2162695,20.2,0.2424124811,0.5420507863,True,False,1907-10-29,98189.5744704715,61134563.004860115,Earth
2162873,162873 (2001 FB7),https://ssd.jpl.nasa.gov/tools/sbdb_lookup.html#/?sstr=2162873,19.27,0.3720103103,0.8318403423,False,False,,,,
2162903,162903 (2001 JV2),https://ssd.jpl.nasa.gov/tools/sbdb_lookup.html#/?sstr=2162903,18.66,0.4926687055,1.1016407159,False,False,1902-05-14,78137.1678461544,6476398.348255204,Mars
2162911,162911 (2001 LL5),https://ssd.jpl.nasa.gov/tools/sbdb_lookup.html#/?sstr=2162911,19.33,0.3618719966,0.8091703835,False,False,1901-11-18,35838.4850160474,15443001.28471256,Earth
2162979,162979 (2001 RA12),https://ssd.jpl.nasa.gov/tools/sbdb_lookup.html#/?sstr=2162979,18.29,0.5841911542,1.3062911326,True,False,1908-08-27,73628.2263667064,41122646.079068079,Earth
2163026,163026 (2001 XR30),https://ssd.jpl.nasa.gov/tools/sbdb_lookup.html#/?sstr=2163026,21.23,0.1508533561,0.3373183589,True,False,1900-01-04,26383.6496933645,33979506.749264741,Earth
2163051,163051 (2001 YJ4),https://ssd.jpl.nasa.gov/tools/sbdb_lookup.html#/?sstr=2163051,16.34,1.4340192346,3.2065644897,True,False,1904-12-29,13455.658901403,223027947.912820785,Juptr
2163070,163070 (2002 AO7),https://ssd.jpl.nasa.gov/tools/sbdb_lookup.html#/?sstr=2163070,18.4,0.5553349116,1.2417666126,False,False,1915-03-28,21624.1775651262,200337145.6215357,Juptr
2163081,163081 (2002 AG29),https://ssd.jpl.nasa.gov/tools/sbdb_lookup.html#/?sstr=2163081,18.57,0.5135171787,1.1482593191,False,False,1901-09-18,31435.4587047677,22471594.767119219,Earth
2163250,163250 (2002 GH1),https://ssd.jpl.nasa.gov/tools/sbdb_lookup.html#/?sstr=2163250,15.47,2.1406958967,4.7867415442,False,False,1903-08-27,29148.5329402858,134862122.206251552,Juptr
2163252,163252 (2002 GD11),https://ssd.jpl.nasa.gov/tools/sbdb_lookup.html#/?sstr=2163252,17.91,0.6959130436,1.5561088719,False,False,,,,
2163295,163295 (2002 HW),https://ssd.jpl.nasa.gov/tools/sbdb_lookup.html#/?sstr=2163295,19.49,0.3361669212,0.7516920875,False,False,1913-11-28,51633.5388422519,35197692.287571179,Earth
2162567,162567 (2000 RW37),https://ssd.jpl.nasa.gov/tools/sbdb_lookup.html#/?sstr=2162567,19.97,0.2694976463,0.602615057,True,False,1905-11-06,33253.2811942455,12848940.499552662,Mars
2162581,162581 (2000 SA10),https://ssd.jpl.nasa.gov/tools/sbdb_lookup.html#/?sstr=2162581,18.66,0.4926687055,1.1016407159,False,False,1969-02-12,39488.326127132,13806656.683506213,Mars
2162723,162723 (2000 VM2),https://ssd.jpl.nasa.gov/tools/sbdb_lookup.html#/?sstr=2162723,17.73,0.7560577624,1.6905965516,False,False,1911-03-26,72672.0390376038,14871460.22881164,Mars
2162783,162783 (2000 YJ11),https://ssd.jpl.nasa.gov/tools/sbdb_lookup.html#/?sstr=2162783,20.91,0.1748054532,0.3908768761,True,False,1901-10-28,19055.1825839735,14918362.841164242,Mars
2162882,162882 (2001 FD58),https://ssd.jpl.nasa.gov/tools/sbdb_lookup.html#/?sstr=2162882,18.77,0.4683332331,1.0472249454,True,False,1902-06-13,82267.2771188339,28491277.490329425,Earth
2162913,162913 (2001 MT18),https://ssd.jpl.nasa.gov/tools/sbdb_lookup.html#/?sstr=2162913,18.48,0.5352479056,1.1968507018,False,False,1901-01-03,52071.9962778893,8315478.865512984,Venus
2163015,163015 (2001 UX16),https://ssd.jpl.nasa.gov/tools/sbdb_lookup.html#/?sstr=2163015,22.07,0.1024601475,0.2291078547,False,False,1910-10-19,79003.0718794465,66129695.094997061,Earth
2163023,163023 (2001 XU1),https://ssd.jpl.nasa.gov/tools/sbdb_lookup.html#/?sstr=2163023,19.52,0.3315545381,0.7413784854,False,False,1902-11-26,70998.5228750932,9336985.914961307,Earth
2163067,163067 (2002 AP3),https://ssd.jpl.nasa.gov/tools/sbdb_lookup.html#/?sstr=2163067,19.99,0.2670268771,0.5970902489,True,False,1904-04-05,11747.2298114765,294409244.579258554,Juptr
2163243,163243 (2002 FB3),https://ssd.jpl.nasa.gov/tools/sbdb_lookup.html#/?sstr=2163243,16.42,1.3821493588,3.0905799213,True,False,1903-04-13,123916.353132717,3587853.482809891,Merc
2163348,163348 (2002 NN4),https://ssd.jpl.nasa.gov/tools/sbdb_lookup.html#/?sstr=2163348,20.05,0.2597496533,0.580817882,True,False,1904-09-17,69102.9903489358,15886725.755927823,Venus
2162483,162483 (2000 PJ5),https://ssd.jpl.nasa.gov/tools/sbdb_lookup.html#/?sstr=2162483,17.53,0.8290008515,1.8537022573,False,False,1903-07-26,92883.7925620366,51057049.083262928,Earth
2162566,162566 (2000 RJ34),https://ssd.jpl.nasa.gov/tools/sbdb_lookup.html#/?sstr=2162566,15.73,1.8991312347,4.246586539,False,False,1913-12-21,19657.7670441201,191337069.667992873,Juptr
2162635,162635 (2000 SS164),https://ssd.jpl.nasa.gov/tools/sbdb_lookup.html#/?sstr=2162635,16.74,1.1927652464,2.6671041722,False,False,1936-12-10,11654.6129739854,246750079.730020097,Juptr
2162740,162740 (2000 WF6),https://ssd.jpl.nasa.gov/tools/sbdb_lookup.html#/?sstr=2162740,18.44,0.5451989071,1.2191018176,False,False,1911-12-12,76766.0851596985,34666799.665710919,Earth
2162741,162741 (2000 WG6),https://ssd.jpl.nasa.gov/tools/sbdb_lookup.html#/?sstr=2162741,17.47,0.8522263865,1.9056361323,False,False,2041-07-17,8748.0713575452,297826315.772335828,Juptr
2162825,162825 (2001 BO61),https://ssd.jpl.nasa.gov/tools/sbdb_lookup.html#/?sstr=2162825,17.97,0.6769474811,1.513700585,True,False,1901-09-15,76840.2497439724,10305010.514141883,Merc
2162854,162854 (2001 DE47),https://ssd.jpl.nasa.gov/tools/sbdb_lookup.html#/?sstr=2162854,19.14,0.3949616937,0.8831611957,False,False,1901-08-09,39247.8518961806,51227434.459926861,Earth
2162900,162900 (2001 HG31),https://ssd.jpl.nasa.gov/tools/sbdb_lookup.html#/?sstr=2162900,15.98,1.6926024946,3.7847742368,False,False,1948-12-29,10951.3371501998,204250654.518808231,Juptr
2162922,162922 (2001 OY13),https://ssd.jpl.nasa.gov/tools/sbdb_lookup.html#/?sstr=2162922,20.91,0.1748054532,0.3908768761,True,False,1921-01-23,77974.749338207,54915519.084108658,Earth
2162998,162998 (2001 SK162),https://ssd.jpl.nasa.gov/tools/sbdb_lookup.html#/?sstr=2162998,18.16,0.620233153,1.3868834919,True,False,1978-02-14,35972.4505401911,21992393.549987918,Earth
2163000,163000 (2001 SW169),https://ssd.jpl.nasa.gov/tools/sbdb_lookup.html#/?sstr=2163000,19.24,0.3771854893,0.8434123941,False,False,1934-06-03,6626.8367131361,29195792.382846169,Earth
2163132,163132 (2002 CU11),https://ssd.jpl.nasa.gov/tools/sbdb_lookup.html#/?sstr=2163132,18.61,0.5041444339,1.1273012246,True,False,1921-08-25,91348.8629447844,20190825.775737302,Earth
2163249,163249 (2002 GT),https://ssd.jpl.nasa.gov/tools/sbdb_lookup.html#/?sstr=2163249,18.7,0.4836764882,1.0815335068,True,False,1910-10-05,26631.5610210085,12253294.708939068,Earth
2163364,163364 (2002 OD20),https://ssd.jpl.nasa.gov/tools/sbdb_lookup.html#/?sstr=2163364,18.91,0.439091446,0.9818383215,True,False,1919-05-20,33212.717704921,4247231.646151087,Earth
2162510,162510 (2000 QW69),https://ssd.jpl.nasa.gov/tools/sbdb_lookup.html#/?sstr=2162510,17.6,0.8027031673,1.7948988478,True,False,1924-02-28,82091.8589077372,20404838.618585927,Earth
2162679,162679 (2000 TK1),https://ssd.jpl.nasa.gov/tools/sbdb_lookup.html#/?sstr=2162679,18.06,0.6494638409,1.4522452972,False,False,,,,
2162694,162694 (2000 UH11),https://ssd.jpl.nasa.gov/tools/sbdb_lookup.html#/?sstr=2162694,19.74,0.2996090839,0.6699462782,False,False,1902-03-08,79804.6169811048,12889794.974739673,Merc
2162698,162698 (2000 UN30),https://ssd.jpl.nasa.gov/tools/sbdb_lookup.html#/?sstr=2162698,18.43,0.5477154309,1.2247289359,False,False,1935-08-04,40931.8609056354,13421133.742327634,Mars
2162781,162781 (2000 XL44),https://ssd.jpl.nasa.gov/tools/sbdb_lookup.html#/?sstr=2162781,17.96,0.6800721287,1.5206875095,False,False,1926-06-10,9244.7601853125,282868712.138288691,Juptr
2162926,162926 (2001 OB36),https://ssd.jpl.nasa.gov/tools/sbdb_lookup.html#/?sstr=2162926,17.12,1.0012786977,2.2389272325,False,False,1981-12-29,78845.1112915348,71242997.714121851,Earth
2162980,162980 (2001 RR17),https://ssd.jpl.nasa.gov/tools/sbdb_lookup.html#/?sstr=2162980,16.77,1.1763998937,2.6305101311,False,False,1923-04-10,79092.6832855897,39921408.154338627,Earth
2163001,163001 (2001 SE170),https://ssd.jpl.nasa.gov/tools/sbdb_lookup.html#/?sstr=2163001,18.41,0.5527833794,1.2360612132,False,False,1905-10-11,36202.7160169783,56556170.473354222,Earth
2163014,163014 (2001 UA5),https://ssd.jpl.nasa.gov/tools/sbdb_lookup.html#/?sstr=2163014,17.75,0.7491261831,1.6750970692,True,False,1904-01-02,32529.4451316434,23728192.415867474,Earth
2163191,163191 (2002 EQ9),https://ssd.jpl.nasa.gov/tools/sbdb_lookup.html#/?sstr=2163191,19.43,0.3455850738,0.7727517171,False,False,1905-04-13,37121.7431754133,25909438.043320029,Earth
2163335,163335 (2002 LJ),https://ssd.jpl.nasa.gov/tools/sbdb_lookup.html#/?sstr=2163335,17.19,0.9695159909,2.167903661,False,False,,,,
2163693,163693 Atira (2003 CP20),https://ssd.jpl.nasa.gov/tools/sbdb_lookup.html#/?sstr=2163693,16.41,1.3885290704,3.1048453901,False,False,1912-03-04,72219.9373550143,18464847.546269849,Venus
2163694,163694 (2003 DP13),https://ssd.jpl.nasa.gov/tools/sbdb_lookup.html#/?sstr=2163694,17.5,0.8405334021,1.8794898244,False,False,1909-06-29,45941.6149138253,14427999.857676075,Mars
2164121,164121 (2003 YT1),https://ssd.jpl.nasa.gov/tools/sbdb_lookup.html#/?sstr=2164121,16.15,1.5651464359,3.4997738255,True,False,1901-04-26,83552.6998102597,7348389.223100334,Earth
2164184,164184 (2004 BF68),https://ssd.jpl.nasa.gov/tools/sbdb_lookup.html#/?sstr=2164184,19.46,0.3408434689,0.7621491661,False,False,1900-06-19,52200.7986938134,24453168.34761645,Earth
2164202,164202 (2004 EW),https://ssd.jpl.nasa.gov/tools/sbdb_lookup.html#/?sstr=2164202,20.91,0.1748054532,0.3908768761,True,False,1929-02-02,37321.5760903166,15167179.553669432,Venus
2164214,164214 (2004 LZ11),https://ssd.jpl.nasa.gov/tools/sbdb_lookup.html#/?sstr=2164214,19.27,0.3720103103,0.8318403423,False,False,1930-09-10,943.3321928485,67158914.273678772,Earth
2164216,164216 (2004 OT11),https://ssd.jpl.nasa.gov/tools/sbdb_lookup.html#/?sstr=2164216,17.25,0.9430939886,2.1088222676,True,False,1906-08-05,69658.8635792041,28672713.646690471,Earth
2164221,164221 (2004 QE20),https://ssd.jpl.nasa.gov/tools/sbdb_lookup.html#/?sstr=2164221,20.43,0.2180494405,0.4875733714,False,False,1906-06-13,19734.4797930413,70269535.292205923,Earth
2164342,164342 (2005 CP),https://ssd.jpl.nasa.gov/tools/sbdb_lookup.html#/?sstr=2164342,20.99,0.1684825693,0.3767384779,False,False,1940-07-05,66277.6768282547,67498119.260900283,Earth
2168378,168378 (1997 ET30),https://ssd.jpl.nasa.gov/tools/sbdb_lookup.html#/?sstr=2168378,16.91,1.1029478453,2.4662663578,False,False,1988-08-29,31491.8609394061,9389942.513756217,Mars
2163373,163373 (2002 PZ39),https://ssd.jpl.nasa.gov/tools/sbdb_lookup.html#/?sstr=2163373,19.03,0.4154846434,0.9290519063,True,False,1911-06-26,38067.7359586644,10500878.586458847,Venus
2163683,163683 (2002 YP2),https://ssd.jpl.nasa.gov/tools/sbdb_lookup.html#/?sstr=2163683,19.05,0.4116754573,0.9205343072,True,False,1925-05-15,77250.2727320762,17861912.838797097,Earth
2163691,163691 (2003 BB43),https://ssd.jpl.nasa.gov/tools/sbdb_lookup.html#/?sstr=2163691,17.09,1.0152078719,2.2700738128,False,False,,,,
2163696,163696 (2003 EB50),https://ssd.jpl.nasa.gov/tools/sbdb_lookup.html#/?sstr=2163696,16.53,1.313877806,2.9379200884,False,False,1950-11-30,88541.2197263293,24419350.268084037,Earth
2163758,163758 (2003 OS13),https://ssd.jpl.nasa.gov/tools/sbdb_lookup.html#/?sstr=2163758,17.42,0.8720772891,1.9500241,False,False,1901-09-16,123288.2935552764,15540706.825084404,Venus
2163818,163818 (2003 RX7),https://ssd.jpl.nasa.gov/tools/sbdb_lookup.html#/?sstr=2163818,18.46,0.5402004935,1.207925025,True,False,1903-04-26,49668.6864444775,22534320.495779591,Earth
2164206,164206 (2004 FN18),https://ssd.jpl.nasa.gov/tools/sbdb_lookup.html#/?sstr=2164206,17.69,0.7701139256,1.7220270881,False,False,1903-11-08,42102.8993456348,16730318.556869575,Earth
2164207,164207 Cardea (2004 GU9),https://ssd.jpl.nasa.gov/tools/sbdb_lookup.html#/?sstr=2164207,21.2,0.1529519353,0.3420109247,True,False,1900-10-22,27220.3749133542,21568593.914359446,Earth
2164222,164222 (2004 RN9),https://ssd.jpl.nasa.gov/tools/sbdb_lookup.html#/?sstr=2164222,20.85,0.1797028549,0.4018277992,False,False,1919-08-30,28591.971973348,66452007.176582645,Earth
2168318,168318 (1989 DA),https://ssd.jpl.nasa.gov/tools/sbdb_lookup.html#/?sstr=2168318,19.03,0.4154846434,0.9290519063,True,False,1914-08-14,9729.1129652918,266464142.389831997,Juptr
2169675,169675 (2002 JM97),https://ssd.jpl.nasa.gov/tools/sbdb_lookup.html#/?sstr=2169675,16.67,1.2318419127,2.7544822542,False,False,1919-01-11,13351.2736339038,205576263.699518518,Juptr
2163412,163412 (2002 RV25),https://ssd.jpl.nasa.gov/tools/sbdb_lookup.html#/?sstr=2163412,17.36,0.8965096664,2.0046565566,False,False,1915-10-23,65860.8553195837,56569366.366828839,Earth
2163667,163667 (2002 WC1),https://ssd.jpl.nasa.gov/tools/sbdb_lookup.html#/?sstr=2163667,19.88,0.2809020939,0.6281161771,False,False,1901-12-28,18859.6645647831,233269059.851001496,Juptr
2163679,163679 (2002 XG84),https://ssd.jpl.nasa.gov/tools/sbdb_lookup.html#/?sstr=2163679,19.29,0.3685996993,0.8242139842,False,False,1907-08-31,35420.9176688938,25730904.295074001,Earth
2163692,163692 (2003 CY18),https://ssd.jpl.nasa.gov/tools/sbdb_lookup.html#/?sstr=2163692,18.27,0.5895966084,1.3183780956,False,False,1907-05-23,40011.3285089713,16353107.632383084,Earth
2163697,163697 (2003 EF54),https://ssd.jpl.nasa.gov/tools/sbdb_lookup.html#/?sstr=2163697,20.08,0.2561857545,0.5728487619,True,False,1901-03-31,60156.230337958,25754647.137579358,Earth
2163732,163732 (2003 KP2),https://ssd.jpl.nasa.gov/tools/sbdb_lookup.html#/?sstr=2163732,15.48,2.1308602925,4.7647484646,False,False,1910-06-17,32452.2242690169,128282280.820435968,Juptr
2163760,163760 (2003 OR14),https://ssd.jpl.nasa.gov/tools/sbdb_lookup.html#/?sstr=2163760,16.68,1.2261821132,2.7418265579,False,False,1943-09-24,38145.9286836205,14692652.282629689,Mars
2163899,163899 (2003 SD220),https://ssd.jpl.nasa.gov/tools/sbdb_lookup.html#/?sstr=2163899,17.56,0.8176265334,1.8282685088,True,False,1901-08-25,32085.4044493254,18083481.750381126,Venus
2163902,163902 (2003 SW222),https://ssd.jpl.nasa.gov/tools/sbdb_lookup.html#/?sstr=2163902,17.21,0.9606274149,2.1480282008,False,False,,,,
2164120,164120 (2003 YK),https://ssd.jpl.nasa.gov/tools/sbdb_lookup.html#/?sstr=2164120,19.07,0.407901194,0.912094798,False,False,1900-05-02,40543.2862376594,26363146.811017175,Earth
2164217,164217 (2004 PT42),https://ssd.jpl.nasa.gov/tools/sbdb_lookup.html#/?sstr=2164217,17.16,0.9830033019,2.1980622051,False,False,1964-08-20,93865.6110228444,28418069.60347581,Earth
2164400,164400 (2005 GN59),https://ssd.jpl.nasa.gov/tools/sbdb_lookup.html#/?sstr=2164400,17.35,0.900647767,2.0139096308,True,False,1929-12-09,32317.2106534319,17003963.489306333,Earth
2168044,168044 (2005 SG),https://ssd.jpl.nasa.gov/tools/sbdb_lookup.html#/?sstr=2168044,19.09,0.4041615334,0.9037326626,False,False,1901-10-09,88356.4239759235,69710521.906013904,Earth
2168791,168791 (2000 SQ43),https://ssd.jpl.nasa.gov/tools/sbdb_lookup.html#/?sstr=2168791,18.85,0.4513931628,1.0093457967,False,False,1906-09-05,51216.2998775766,59411724.999241619,Earth
2170086,170086 (2002 XR14),https://ssd.jpl.nasa.gov/tools/sbdb_lookup.html#/?sstr=2170086,18.14,0.6259720997,1.3997161669,True,False,1916-04-23,41972.4525132018,4574880.332553181,Venus
2170502,170502 (2003 WM7),https://ssd.jpl.nasa.gov/tools/sbdb_lookup.html#/?sstr=2170502,17.36,0.8965096664,2.0046565566,False,False,1903-11-06,93816.1956233556,10703693.116190965,Merc
2163454,163454 (2002 RN129),https://ssd.jpl.nasa.gov/tools/sbdb_lookup.html#/?sstr=2163454,19.11,0.4004561582,0.8954471917,False,False,1902-12-25,71538.0603069492,57016581.958656931,Earth
2164201,164201 (2004 EC),https://ssd.jpl.nasa.gov/tools/sbdb_lookup.html#/?sstr=2164201,15.73,1.8991312347,4.246586539,False,False,1913-08-24,139185.1184280876,9589715.389675921,Merc
2164211,164211 (2004 JA27),https://ssd.jpl.nasa.gov/tools/sbdb_lookup.html#/?sstr=2164211,19.5,0.3346223745,0.7482383761,True,False,1903-07-07,42737.7301725607,19659150.771976729,Earth
2164215,164215 Doloreshill (2004 MF6),https://ssd.jpl.nasa.gov/tools/sbdb_lookup.html#/?sstr=2164215,20.01,0.2645787599,0.5916160926,False,False,1921-09-07,3510.5496271409,70751439.593250254,Earth
2164294,164294 (2004 XZ130),https://ssd.jpl.nasa.gov/tools/sbdb_lookup.html#/?sstr=2164294,20.45,0.2160503512,0.4831032718,False,False,1900-01-06,50807.4901021462,10483812.371690525,Venus
2164341,164341 (2005 CO),https://ssd.jpl.nasa.gov/tools/sbdb_lookup.html#/?sstr=2164341,20.59,0.2025606009,0.4529392731,False,False,1920-04-07,17351.7774821339,58615686.488893763,Earth
2169352,169352 (2001 UY16),https://ssd.jpl.nasa.gov/tools/sbdb_lookup.html#/?sstr=2169352,19.37,0.3552670883,0.7944013596,False,False,1959-11-04,65753.9433800269,27062650.608722742,Earth
2170013,170013 (2002 UO3),https://ssd.jpl.nasa.gov/tools/sbdb_lookup.html#/?sstr=2170013,17.77,0.742258153,1.659739687,False,False,1903-07-21,30425.1917506206,174391294.304754072,Juptr
2171576,171576 (1999 VP11),https://ssd.jpl.nasa.gov/tools/sbdb_lookup.html#/?sstr=2171576,18.68,0.4881518917,1.0915408131,True,False,1915-10-29,94744.6817328065,28699019.055829567,Earth
2171839,171839 (2001 JM1),https://ssd.jpl.nasa.gov/tools/sbdb_lookup.html#/?sstr=2171839,19.23,0.3789264984,0.8473054089,True,False,1904-05-01,36564.327993717,8726337.926351568,Earth
2173664,173664 (2001 JU2),https://ssd.jpl.nasa.gov/tools/sbdb_lookup.html#/?sstr=2173664,19.76,0.2968622513,0.6638041738,False,False,1902-08-11,10805.8436502711,18715822.193090002,Earth
2174806,174806 (2003 XL),https://ssd.jpl.nasa.gov/tools/sbdb_lookup.html#/?sstr=2174806,17.22,0.9562137328,2.1381589077,False,False,1974-04-22,18935.738695126,228605966.845555404,Juptr
2174881,174881 (2004 BU58),https://ssd.jpl.nasa.gov/tools/sbdb_lookup.html#/?sstr=2174881,18.11,0.634680239,1.4191881584,False,False,,,,
2175729,175729 (1998 BB10),https://ssd.jpl.nasa.gov/tools/sbdb_lookup.html#/?sstr=2175729,20.44,0.2170475943,0.4853331752,True,False,1906-01-11,56208.0574335665,14132259.948151371,Earth
2175921,175921 (2000 DM1),https://ssd.jpl.nasa.gov/tools/sbdb_lookup.html#/?sstr=2175921,18.32,0.5761757511,1.2883681464,False,False,1904-08-08,58071.2272698294,48497334.17388059,Earth
2177049,177049 (2003 EE16),https://ssd.jpl.nasa.gov/tools/sbdb_lookup.html#/?sstr=2177049,19.8,0.2914439045,0.6516883822,True,False,1904-11-11,79499.5868700626,11932927.294944975,Venus
2177255,177255 (2003 WC25),https://ssd.jpl.nasa.gov/tools/sbdb_lookup.html#/?sstr=2177255,16.79,1.1656145947,2.6063934693,False,False,1982-09-13,25437.8649436784,29341784.659943216,Earth
2179806,179806 (2002 TD66),https://ssd.jpl.nasa.gov/tools/sbdb_lookup.html#/?sstr=2179806,20.46,0.21505769,0.4808836139,True,False,1911-11-10,42138.9222194282,12076923.427823464,Earth
2180186,180186 (2003 QZ30),https://ssd.jpl.nasa.gov/tools/sbdb_lookup.html#/?sstr=2180186,17.58,0.8101304882,1.8115068424,True,False,1901-10-07,46573.6508957027,7085598.423960574,Earth
2172678,172678 (2003 YM137),https://ssd.jpl.nasa.gov/tools/sbdb_lookup.html#/?sstr=2172678,18.89,0.4431543091,0.9909231597,True,False,1912-05-29,46981.9350679745,13325684.003197307,Earth
2172718,172718 (2004 BD85),https://ssd.jpl.nasa.gov/tools/sbdb_lookup.html#/?sstr=2172718,18.87,0.4472547654,1.0000920588,False,False,1916-10-29,41902.3612306483,2693993.957494338,Mars
2173689,173689 (2001 PK9),https://ssd.jpl.nasa.gov/tools/sbdb_lookup.html#/?sstr=2173689,18.25,0.5950520786,1.330576898,False,False,1901-06-02,27395.22327092,18531318.218249079,Earth
2177614,177614 (2004 HK33),https://ssd.jpl.nasa.gov/tools/sbdb_lookup.html#/?sstr=2177614,17.56,0.8176265334,1.8282685088,True,False,1905-10-09,46934.3152164535,17808435.115822042,Earth
2178871,178871 (2001 MA8),https://ssd.jpl.nasa.gov/tools/sbdb_lookup.html#/?sstr=2178871,17.7,0.7665755735,1.7141150923,False,False,1906-06-29,19045.71471761,58865940.044060942,Earth
2170891,170891 (2004 TY16),https://ssd.jpl.nasa.gov/tools/sbdb_lookup.html#/?sstr=2170891,16.97,1.0728894545,2.3990537526,False,False,1941-02-16,18335.9084141041,29691309.207433067,Earth
2170903,170903 (2004 WS2),https://ssd.jpl.nasa.gov/tools/sbdb_lookup.html#/?sstr=2170903,18.2,0.6089126221,1.3615700154,True,False,1900-01-01,60261.0239627215,13855174.040307808,Earth
2171486,171486 (1996 MO),https://ssd.jpl.nasa.gov/tools/sbdb_lookup.html#/?sstr=2171486,18.41,0.5527833794,1.2360612132,False,False,1900-02-02,36691.5313409422,12950123.247935425,Earth
2171819,171819 (2001 FZ6),https://ssd.jpl.nasa.gov/tools/sbdb_lookup.html#/?sstr=2171819,18.38,0.5604733623,1.2532565376,False,False,1944-08-09,14592.8406768439,5291832.56758492,Mars
2172974,172974 (2005 YW55),https://ssd.jpl.nasa.gov/tools/sbdb_lookup.html#/?sstr=2172974,19.4,0.3503926411,0.7835017643,False,False,1918-07-09,30675.8936956942,9194548.861164384,Mars
2173232,173232 (1998 XC9),https://ssd.jpl.nasa.gov/tools/sbdb_lookup.html#/?sstr=2173232,18.28,0.586887658,1.3123206985,False,False,1901-03-23,11701.8658712746,192362028.374135919,Juptr
2175189,175189 (2005 EC224),https://ssd.jpl.nasa.gov/tools/sbdb_lookup.html#/?sstr=2175189,18.29,0.5841911542,1.3062911326,False,False,1967-01-12,32733.759436747,9579075.929322373,Mars
2177016,177016 (2003 BM47),https://ssd.jpl.nasa.gov/tools/sbdb_lookup.html#/?sstr=2177016,19.95,0.2719912773,0.6081909854,False,False,1902-03-22,77274.8858068567,19593528.095523594,Venus
2177651,177651 (2004 XM14),https://ssd.jpl.nasa.gov/tools/sbdb_lookup.html#/?sstr=2177651,17.5,0.8405334021,1.8794898244,False,False,,,,
2172034,172034 (2001 WR1),https://ssd.jpl.nasa.gov/tools/sbdb_lookup.html#/?sstr=2172034,17.84,0.7187121332,1.607089186,False,False,1900-09-27,55650.0128837458,27896823.127072085,Earth
2172722,172722 (2004 BV102),https://ssd.jpl.nasa.gov/tools/sbdb_lookup.html#/?sstr=2172722,17.67,0.777239702,1.7379608086,False,False,1912-01-07,87597.7447026434,17572402.379056424,Earth
2173561,173561 (2000 YV137),https://ssd.jpl.nasa.gov/tools/sbdb_lookup.html#/?sstr=2173561,18.36,0.5656593584,1.2648527775,True,False,1904-08-08,58420.5493311551,5612555.530836642,Earth
2174050,174050 (2002 CC19),https://ssd.jpl.nasa.gov/tools/sbdb_lookup.html#/?sstr=2174050,17.58,0.8101304882,1.8115068424,False,False,1922-02-02,91684.394734433,28083088.527073536,Earth
2175114,175114 (2004 QQ),https://ssd.jpl.nasa.gov/tools/sbdb_lookup.html#/?sstr=2175114,16.76,1.1818299089,2.6426520142,False,False,1908-02-06,14362.5272864847,246133554.804047195,Juptr
2175706,175706 (1996 FG3),https://ssd.jpl.nasa.gov/tools/sbdb_lookup.html#/?sstr=2175706,18.31,0.5788352575,1.2943149835,True,False,1901-03-20,26494.4450477937,10010279.746968838,Venus
2178601,178601 (2000 CG59),https://ssd.jpl.nasa.gov/tools/sbdb_lookup.html#/?sstr=2178601,17.74,0.7525839925,1.682828966,False,False,2019-07-03,35047.2724478853,9585499.946096126,Mars
2183548,183548 (2003 HU42),https://ssd.jpl.nasa.gov/tools/sbdb_lookup.html#/?sstr=2183548,17.73,0.7560577624,1.6905965516,False,False,,,,
2184266,184266 (2004 VW14),https://ssd.jpl.nasa.gov/tools/sbdb_lookup.html#/?sstr=2184266,19.49,0.3361669212,0.7516920875,True,False,1906-03-01,64218.3103353413,13058783.496252268,Mars
2185716,185716 (1998 SF35),https://ssd.jpl.nasa.gov/tools/sbdb_lookup.html#/?sstr=2185716,17.95,0.6832111991,1.5277066841,False,False,1994-07-13,67454.5122437285,10043128.357504716,Mars
2186844,186844 (2004 GA1),https://ssd.jpl.nasa.gov/tools/sbdb_lookup.html#/?sstr=2186844,17.45,0.8601119401,1.9232687664,True,False,1905-09-17,46178.8929873014,26652791.684444043,Earth
2187026,187026 (2005 EK70),https://ssd.jpl.nasa.gov/tools/sbdb_lookup.html#/?sstr=2187026,17.37,0.8923905787,1.9954459964,False,False,1906-02-13,68080.4309088551,17927041.034450734,Venus
2188174,188174 (2002 JC),https://ssd.jpl.nasa.gov/tools/sbdb_lookup.html#/?sstr=2188174,17.48,0.8483107619,1.8968805296,False,False,1908-05-30,75868.2768147977,20167769.856731411,Earth
2189062,189062 (2000 VA45),https://ssd.jpl.nasa.gov/tools/sbdb_lookup.html#/?sstr=2189062,18.39,0.5578982211,1.2474983468,False,False,1909-11-04,26039.2560539486,12503751.926646465,Mars
2189700,189700 (2001 TA45),https://ssd.jpl.nasa.gov/tools/sbdb_lookup.html#/?sstr=2189700,19.15,0.3931470096,0.8791034386,False,False,1999-04-11,18661.4022495412,6499173.457099318,Mars
2189865,189865 (2003 NC),https://ssd.jpl.nasa.gov/tools/sbdb_lookup.html#/?sstr=2189865,19.48,0.3377185972,0.7551617405,True,False,1904-11-03,84479.1167554038,61638059.918385145,Earth
2189973,189973 (2003 XE11),https://ssd.jpl.nasa.gov/tools/sbdb_lookup.html#/?sstr=2189973,17.57,0.8138698807,1.819868378,False,False,,,,
2190758,190758 (2001 QH96),https://ssd.jpl.nasa.gov/tools/sbdb_lookup.html#/?sstr=2190758,18.41,0.5527833794,1.2360612132,False,False,1913-09-01,36338.776309593,29103803.979392754,Earth
2191094,191094 (2002 EA3),https://ssd.jpl.nasa.gov/tools/sbdb_lookup.html#/?sstr=2191094,20.16,0.2469192656,0.5521282628,False,False,1916-02-23,129176.0431072405,74023952.554412301,Earth
2193178,193178 (2000 PK5),https://ssd.jpl.nasa.gov/tools/sbdb_lookup.html#/?sstr=2193178,17.76,0.745684261,1.6674006973,False,False,1917-04-28,71536.9535080448,20935394.33108316,Venus
2194268,194268 (2001 UY4),https://ssd.jpl.nasa.gov/tools/sbdb_lookup.html#/?sstr=2194268,18.34,0.57089334,1.2765563162,True,False,1903-02-09,109920.4131209958,14589163.602759172,Earth
2196625,196625 (2003 RM10),https://ssd.jpl.nasa.gov/tools/sbdb_lookup.html#/?sstr=2196625,20.29,0.2325706875,0.5200438667,True,False,1900-09-07,71958.2745250141,13382255.335325027,Earth
2197588,197588 (2004 HE12),https://ssd.jpl.nasa.gov/tools/sbdb_lookup.html#/?sstr=2197588,17.12,1.0012786977,2.2389272325,True,False,1914-03-07,93657.392248522,26351196.364689669,Earth
2199145,199145 (2005 YY128),https://ssd.jpl.nasa.gov/tools/sbdb_lookup.html#/?sstr=2199145,18.3,0.5815070396,1.30028927,True,False,1900-04-22,104182.5221440873,16537603.289582435,Venus
2200840,200840 (2001 XN254),https://ssd.jpl.nasa.gov/tools/sbdb_lookup.html#/?sstr=2200840,17.8,0.7320739893,1.6369672047,True,False,1903-04-24,36706.117259786,17099912.541247359,Earth
2202411,202411 (2005 RC),https://ssd.jpl.nasa.gov/tools/sbdb_lookup.html#/?sstr=2202411,17.77,0.742258153,1.659739687,False,False,1905-09-21,33053.6842756892,282278486.203706262,Juptr
2202435,202435 (2005 XH8),https://ssd.jpl.nasa.gov/tools/sbdb_lookup.html#/?sstr=2202435,18.05,0.6524616298,1.4589485569,False,False,1916-06-17,131783.4059470722,12319107.629003482,Merc
2206378,206378 (2003 RB),https://ssd.jpl.nasa.gov/tools/sbdb_lookup.html#/?sstr=2206378,18.76,0.4704949611,1.0520587161,True,False,1924-10-18,31124.6205570475,20693650.381474765,Earth
2211871,211871 (2004 HO),https://ssd.jpl.nasa.gov/tools/sbdb_lookup.html#/?sstr=2211871,18.85,0.4513931628,1.0093457967,False,False,1939-06-05,50466.9309692972,24636286.61234735,Earth
2215167,215167 (2000 EL26),https://ssd.jpl.nasa.gov/tools/sbdb_lookup.html#/?sstr=2215167,18.91,0.439091446,0.9818383215,False,False,2030-11-26,48183.1433683484,14603637.510837199,Mars
2216523,216523 (2001 HY7),https://ssd.jpl.nasa.gov/tools/sbdb_lookup.html#/?sstr=2216523,20.7,0.1925550782,0.4305662442,True,False,1905-07-07,54111.0765494545,21236489.889233225,Earth
2217796,217796 (2000 TO64),https://ssd.jpl.nasa.gov/tools/sbdb_lookup.html#/?sstr=2217796,17.23,0.9518203298,2.1283349598,False,False,1904-11-22,90479.9064562978,47982834.127580042,Earth
2218017,218017 (2001 XV266),https://ssd.jpl.nasa.gov/tools/sbdb_lookup.html#/?sstr=2218017,19.82,0.2887719308,0.6457136672,False,False,1900-03-30,36626.317607804,29060480.002406931,Earth
2219071,219071 (1997 US9),https://ssd.jpl.nasa.gov/tools/sbdb_lookup.html#/?sstr=2219071,17.2,0.9650614696,2.1579430484,False,False,1902-03-30,53479.1920751723,5855179.220639146,Venus
2220124,220124 (2002 TE66),https://ssd.jpl.nasa.gov/tools/sbdb_lookup.html#/?sstr=2220124,18.76,0.4704949611,1.0520587161,False,False,1900-10-11,91751.876554684,56276514.384345337,Earth
2222008,222008 (1998 QQ63),https://ssd.jpl.nasa.gov/tools/sbdb_lookup.html#/?sstr=2222008,19.18,0.3877528304,0.8670416872,False,False,1907-11-09,58187.2534368293,56377261.548610021,Earth
2184990,184990 (2006 KE89),https://ssd.jpl.nasa.gov/tools/sbdb_lookup.html#/?sstr=2184990,16.41,1.3885290704,3.1048453901,False,False,1902-09-25,128579.9380659943,14083629.944153666,Merc
2185702,185702 (1998 HK3),https://ssd.jpl.nasa.gov/tools/sbdb_lookup.html#/?sstr=2185702,18.1,0.6376097899,1.4257388333,False,False,1978-07-31,38643.9768331326,6944373.142830225,Mars
2185851,185851 (2000 DP107),https://ssd.jpl.nasa.gov/tools/sbdb_lookup.html#/?sstr=2185851,18.31,0.5788352575,1.2943149835,True,False,1914-05-09,27648.3834176422,22818804.691485069,Earth
2187040,187040 (2005 JS108),https://ssd.jpl.nasa.gov/tools/sbdb_lookup.html#/?sstr=2187040,19.2,0.3841978911,0.8590926012,True,False,1904-07-12,39529.7395975955,15515741.558544129,Earth
2189011,189011 Ogmios (1997 NJ6),https://ssd.jpl.nasa.gov/tools/sbdb_lookup.html#/?sstr=2189011,19.08,0.4060270583,0.907904103,False,False,1909-11-25,35291.0924689857,36155348.288301629,Earth
2189040,189040 (2000 MU1),https://ssd.jpl.nasa.gov/tools/sbdb_lookup.html#/?sstr=2189040,19.87,0.2821986791,0.6310154296,True,False,1902-01-08,86134.338819122,65143807.762149135,Earth
2189173,189173 (2002 XY4),https://ssd.jpl.nasa.gov/tools/sbdb_lookup.html#/?sstr=2189173,18.92,0.437074004,0.9773271842,False,False,2083-06-11,86489.7153640067,29295739.587460815,Earth
2189263,189263 (2005 CA),https://ssd.jpl.nasa.gov/tools/sbdb_lookup.html#/?sstr=2189263,15.74,1.8904055193,4.2270752462,False,False,1935-02-16,18055.5831785792,175603902.714788614,Juptr
2190161,190161 (2005 TJ174),https://ssd.jpl.nasa.gov/tools/sbdb_lookup.html#/?sstr=2190161,16.73,1.1982708007,2.6794149658,False,False,1958-12-13,26488.1839219445,11299880.391254811,Mars
2190491,190491 (2000 FJ10),https://ssd.jpl.nasa.gov/tools/sbdb_lookup.html#/?sstr=2190491,21.06,0.163137941,0.3647875257,False,False,1903-03-18,25288.7330488005,67477654.750997467,Earth
2192559,192559 (1998 VO),https://ssd.jpl.nasa.gov/tools/sbdb_lookup.html#/?sstr=2192559,20.43,0.2180494405,0.4875733714,True,False,1900-01-22,27260.7394125484,57556853.379620249,Earth
2192563,192563 (1998 WZ6),https://ssd.jpl.nasa.gov/tools/sbdb_lookup.html#/?sstr=2192563,17.33,0.9089813582,2.0325441072,True,False,1928-10-31,57124.5206703775,12517686.74384016,Mars
2194386,194386 (2001 VG5),https://ssd.jpl.nasa.gov/tools/sbdb_lookup.html#/?sstr=2194386,16.95,1.0828167784,2.4212519237,False,False,1918-09-08,71150.8211316598,14398337.51721354,Mars
2199003,199003 (2005 WJ56),https://ssd.jpl.nasa.gov/tools/sbdb_lookup.html#/?sstr=2199003,18.16,0.620233153,1.3868834919,True,False,1901-01-09,44353.147637088,5552452.686671193,Earth
2199801,199801 (2007 AE12),https://ssd.jpl.nasa.gov/tools/sbdb_lookup.html#/?sstr=2199801,19.36,0.3569069267,0.7980681497,True,False,1901-05-21,81638.6565183826,34459327.8102106,Earth
2203015,203015 (1999 YF3),https://ssd.jpl.nasa.gov/tools/sbdb_lookup.html#/?sstr=2203015,18.64,0.4972273129,1.1118340719,False,False,1913-01-18,49072.2374260512,50092300.58767663,Earth
2203471,203471 (2002 AU4),https://ssd.jpl.nasa.gov/tools/sbdb_lookup.html#/?sstr=2203471,19.45,0.3424167308,0.7656670868,False,False,1902-12-30,40655.4526337116,23326463.327994777,Earth
2205378,205378 (2001 BJ16),https://ssd.jpl.nasa.gov/tools/sbdb_lookup.html#/?sstr=2205378,18.84,0.453476699,1.0140047252,False,False,1917-08-10,35511.8640686248,26043933.15563567,Earth
2205744,205744 (2002 BK25),https://ssd.jpl.nasa.gov/tools/sbdb_lookup.html#/?sstr=2205744,18.27,0.5895966084,1.3183780956,False,False,1906-05-12,21343.271055511,205896877.60592301,Juptr
2206910,206910 (2004 NL8),https://ssd.jpl.nasa.gov/tools/sbdb_lookup.html#/?sstr=2206910,17.28,0.930154254,2.0798881414,True,False,1900-09-17,48735.9679213883,12270361.192983556,Venus
2207945,207945 (1991 JW),https://ssd.jpl.nasa.gov/tools/sbdb_lookup.html#/?sstr=2207945,19.61,0.3180936332,0.7112789871,True,False,1901-05-14,17784.5580943138,17114896.937096974,Earth
2207970,207970 (1996 BZ3),https://ssd.jpl.nasa.gov/tools/sbdb_lookup.html#/?sstr=2207970,18.15,0.6230960191,1.3932850552,False,False,1925-01-21,10198.4015420028,187591150.058475466,Juptr
2208023,208023 (1999 AQ10),https://ssd.jpl.nasa.gov/tools/sbdb_lookup.html#/?sstr=2208023,20.53,0.208235599,0.4656289548,True,False,1901-10-13,27954.0158315874,13999023.612153058,Earth
2209215,209215 (2003 WP25),https://ssd.jpl.nasa.gov/tools/sbdb_lookup.html#/?sstr=2209215,24.3,0.0366906138,0.0820427065,False,False,1938-10-23,68281.3892440145,73382917.199263072,Earth
2214088,214088 (2004 JN13),https://ssd.jpl.nasa.gov/tools/sbdb_lookup.html#/?sstr=2214088,15.34,2.2727673228,5.0820622309,False,False,1910-02-07,20661.9397722953,193858245.293784107,Juptr
2215188,215188 (2000 NM),https://ssd.jpl.nasa.gov/tools/sbdb_lookup.html#/?sstr=2215188,15.48,2.1308602925,4.7647484646,False,False,2000-07-12,62115.4875441406,20869512.401521315,Earth
2215442,215442 (2002 MQ3),https://ssd.jpl.nasa.gov/tools/sbdb_lookup.html#/?sstr=2215442,18.53,0.5230641758,1.1696070537,False,False,1900-10-31,81536.1692664798,7920591.112632192,Venus
2215588,215588 (2003 HF2),https://ssd.jpl.nasa.gov/tools/sbdb_lookup.html#/?sstr=2215588,19.42,0.3471802221,0.776318577,True,False,1900-11-18,42628.0238475818,9978429.417979257,Merc
2216985,216985 (2000 QK130),https://ssd.jpl.nasa.gov/tools/sbdb_lookup.html#/?sstr=2216985,21.34,0.1434019235,0.320656449,True,False,1902-03-06,40983.2409440455,18403295.562497497,Earth
2217013,217013 (2001 AA50),https://ssd.jpl.nasa.gov/tools/sbdb_lookup.html#/?sstr=2217013,18.8,0.4619074603,1.0328564805,False,False,1916-01-24,75700.3220393184,73646640.756082069,Earth
2217430,217430 (2005 SN25),https://ssd.jpl.nasa.gov/tools/sbdb_lookup.html#/?sstr=2217430,19.55,0.3270054393,0.7312063912,True,False,1900-02-10,61576.7610438428,44944254.865550069,Earth
2217807,217807 (2000 XK44),https://ssd.jpl.nasa.gov/tools/sbdb_lookup.html#/?sstr=2217807,18.37,0.5630603897,1.2590413069,False,False,1932-11-07,28654.0039491272,12425617.004024826,Earth
2217837,217837 (2001 LC),https://ssd.jpl.nasa.gov/tools/sbdb_lookup.html#/?sstr=2217837,19.27,0.3720103103,0.8318403423,False,False,1901-08-22,68409.3531718508,5176494.240431703,Merc
2221455,221455 (2006 BC10),https://ssd.jpl.nasa.gov/tools/sbdb_lookup.html#/?sstr=2221455,19.52,0.3315545381,0.7413784854,True,False,1904-01-31,61569.5919888838,3599420.868831475,Mars
2221787,221787 (2007 VZ30),https://ssd.jpl.nasa.gov/tools/sbdb_lookup.html#/?sstr=2221787,21.28,0.1474195145,0.3296400556,False,False,1930-06-29,24753.0876140814,12978958.01298112,Mars
2221980,221980 (1996 EO),https://ssd.jpl.nasa.gov/tools/sbdb_lookup.html#/?sstr=2221980,19.11,0.4004561582,0.8954471917,True,False,1901-03-03,92176.9146382118,73197715.784192422,Earth
2222869,222869 (2002 FB6),https://ssd.jpl.nasa.gov/tools/sbdb_lookup.html#/?sstr=2222869,17.75,0.7491261831,1.6750970692,False,False,1932-09-19,80450.4877495016,15215770.288226262,Earth
2225312,225312 (1996 XB27),https://ssd.jpl.nasa.gov/tools/sbdb_lookup.html#/?sstr=2225312,21.94,0.1087814834,0.2432427915,False,False,1900-09-16,12060.3816584514,32985355.794635672,Earth
2225416,225416 (1999 YC),https://ssd.jpl.nasa.gov/tools/sbdb_lookup.html#/?sstr=2225416,17.36,0.8965096664,2.0046565566,False,False,1910-01-19,96529.4323649759,13498976.619987459,Mars
2226554,226554 (2003 WR21),https://ssd.jpl.nasa.gov/tools/sbdb_lookup.html#/?sstr=2226554,19.62,0.3166321257,0.708010957,True,False,1900-10-30,30027.9671888418,62584103.354537271,Earth
2228368,228368 (2000 WK10),https://ssd.jpl.nasa.gov/tools/sbdb_lookup.html#/?sstr=2228368,18.63,0.4995224099,1.1169660648,True,False,1901-08-22,78359.2390487632,13550151.612869178,Venus
2228502,228502 (2001 TE2),https://ssd.jpl.nasa.gov/tools/sbdb_lookup.html#/?sstr=2228502,20.41,0.2200670271,0.4920848322,False,False,1904-01-27,44422.3418575817,32636501.056648959,Earth
2228587,228587 (2002 AP7),https://ssd.jpl.nasa.gov/tools/sbdb_lookup.html#/?sstr=2228587,19.57,0.3240074354,0.7245026508,False,False,1916-11-22,36570.8232953633,14213910.809672472,Mars
2230089,230089 (2000 WP148),https://ssd.jpl.nasa.gov/tools/sbdb_lookup.html#/?sstr=2230089,19.46,0.3408434689,0.7621491661,False,False,1932-11-23,78401.7947163319,69368533.994496144,Earth
2230118,230118 (2001 DB3),https://ssd.jpl.nasa.gov/tools/sbdb_lookup.html#/?sstr=2230118,17.09,1.0152078719,2.2700738128,False,False,1900-04-07,42559.5469122349,74732807.490574763,Earth
2230599,230599 (2003 FJ1),https://ssd.jpl.nasa.gov/tools/sbdb_lookup.html#/?sstr=2230599,17.82,0.7253622947,1.6219593992,False,False,1929-09-24,102523.1188831848,6209137.220684743,Merc
2231134,231134 (2005 TU45),https://ssd.jpl.nasa.gov/tools/sbdb_lookup.html#/?sstr=2231134,17.17,0.9784868119,2.1879630266,False,False,,,,
2231792,231792 (2000 DH8),https://ssd.jpl.nasa.gov/tools/sbdb_lookup.html#/?sstr=2231792,18.5,0.5303407233,1.1858779086,False,False,,,,
2234061,234061 (1999 HE1),https://ssd.jpl.nasa.gov/tools/sbdb_lookup.html#/?sstr=2234061,17.69,0.7701139256,1.7220270881,False,False,1906-08-17,12669.0294235207,267448327.239080175,Juptr
2234145,234145 (2000 EW70),https://ssd.jpl.nasa.gov/tools/sbdb_lookup.html#/?sstr=2234145,21.58,0.1283970296,0.2871044863,True,False,1900-08-29,43385.9924699647,51957895.995970867,Earth
2235700,235700 (2004 TR13),https://ssd.jpl.nasa.gov/tools/sbdb_lookup.html#/?sstr=2235700,18.57,0.5135171787,1.1482593191,False,False,1912-11-28,91083.4901063449,19802748.241491455,Venus
2237442,237442 (1999 TA10),https://ssd.jpl.nasa.gov/tools/sbdb_lookup.html#/?sstr=2237442,18.16,0.620233153,1.3868834919,False,False,1981-05-11,39587.1008152662,8105476.217966514,Mars
2238063,238063 (2003 EG),https://ssd.jpl.nasa.gov/tools/sbdb_lookup.html#/?sstr=2238063,16.57,1.2898968334,2.8842970035,False,False,,,,
2238456,238456 (2004 RK),https://ssd.jpl.nasa.gov/tools/sbdb_lookup.html#/?sstr=2238456,19.43,0.3455850738,0.7727517171,False,False,,,,
2239849,239849 (1999 VO11),https://ssd.jpl.nasa.gov/tools/sbdb_lookup.html#/?sstr=2239849,18.65,0.4949427609,1.1067256584,False,False,1901-12-19,51908.4792772322,16787490.270128966,Earth
2241596,241596 (1998 XM2),https://ssd.jpl.nasa.gov/tools/sbdb_lookup.html#/?sstr=2241596,17.23,0.9518203298,2.1283349598,False,False,1979-08-16,46789.2982486386,12122114.266548591,Mars
2242147,242147 (2003 BH84),https://ssd.jpl.nasa.gov/tools/sbdb_lookup.html#/?sstr=2242147,17.03,1.0436502383,2.3336728776,False,False,1928-03-04,96711.6485311222,15061736.961059058,Venus
2222165,222165 (2000 AX93),https://ssd.jpl.nasa.gov/tools/sbdb_lookup.html#/?sstr=2222165,17.91,0.6959130436,1.5561088719,False,False,,,,
2232368,232368 (2003 AZ2),https://ssd.jpl.nasa.gov/tools/sbdb_lookup.html#/?sstr=2232368,18.31,0.5788352575,1.2943149835,False,False,1929-07-30,46941.7116596638,27886114.193467709,Earth
2232382,232382 (2003 BT47),https://ssd.jpl.nasa.gov/tools/sbdb_lookup.html#/?sstr=2232382,17.25,0.9430939886,2.1088222676,False,False,1904-09-28,8824.2581623201,265923486.487382992,Juptr
2232691,232691 (2004 AR1),https://ssd.jpl.nasa.gov/tools/sbdb_lookup.html#/?sstr=2232691,19.86,0.283501249,0.6339280645,True,False,1912-12-27,56081.5323873854,29712799.67448813,Earth
2234341,234341 (2001 FZ57),https://ssd.jpl.nasa.gov/tools/sbdb_lookup.html#/?sstr=2234341,18.93,0.4350658314,0.9728367737,False,False,1902-05-05,64356.3247219499,27251134.036503535,Earth
2237805,237805 (2002 CF26),https://ssd.jpl.nasa.gov/tools/sbdb_lookup.html#/?sstr=2237805,17.4,0.8801465209,1.9680674509,False,False,1956-09-06,69368.2633263211,14217742.489836356,Earth
2240320,240320 (2003 HS42),https://ssd.jpl.nasa.gov/tools/sbdb_lookup.html#/?sstr=2240320,20.28,0.233644185,0.5224442801,False,False,1906-03-30,27080.1058680638,62935028.437286062,Earth
2241662,241662 (2000 KO44),https://ssd.jpl.nasa.gov/tools/sbdb_lookup.html#/?sstr=2241662,17.66,0.7808272775,1.7459828712,False,False,,,,
2186822,186822 (2004 FE31),https://ssd.jpl.nasa.gov/tools/sbdb_lookup.html#/?sstr=2186822,17.8,0.7320739893,1.6369672047,False,False,1947-11-11,56571.3899612057,22436107.639111003,Earth
2189552,189552 (2000 RL77),https://ssd.jpl.nasa.gov/tools/sbdb_lookup.html#/?sstr=2189552,16.94,1.0878148336,2.4324279148,False,False,2062-02-20,67050.867338235,1122137.093540584,Mars
2189630,189630 (2001 LE6),https://ssd.jpl.nasa.gov/tools/sbdb_lookup.html#/?sstr=2189630,17.82,0.7253622947,1.6219593992,False,False,1920-08-24,74627.516842232,10413177.164286661,Mars
2190135,190135 (2005 QE30),https://ssd.jpl.nasa.gov/tools/sbdb_lookup.html#/?sstr=2190135,17.34,0.9048049682,2.0232054153,False,False,1917-03-29,53808.5375255048,27276487.030803276,Earth
2190788,190788 (2001 RT17),https://ssd.jpl.nasa.gov/tools/sbdb_lookup.html#/?sstr=2190788,18.36,0.5656593584,1.2648527775,False,False,1905-11-10,82271.11611267,12228687.774176804,Mars
2192642,192642 (1999 RD32),https://ssd.jpl.nasa.gov/tools/sbdb_lookup.html#/?sstr=2192642,16.51,1.3260349677,2.9651043282,False,False,1929-10-09,46049.2928292593,287748261.697709432,Juptr
2196068,196068 (2002 TW55),https://ssd.jpl.nasa.gov/tools/sbdb_lookup.html#/?sstr=2196068,18.13,0.6288614556,1.4061769631,True,False,1922-04-17,137510.8941442338,21726696.30359065,Earth
2198752,198752 (2005 EA60),https://ssd.jpl.nasa.gov/tools/sbdb_lookup.html#/?sstr=2198752,19.93,0.2745079817,0.6138185073,False,False,1904-03-25,44880.8973803028,10819973.640649016,Mars
2200754,200754 (2001 WA25),https://ssd.jpl.nasa.gov/tools/sbdb_lookup.html#/?sstr=2200754,18.51,0.527904029,1.1804292945,False,False,1915-07-28,42318.0866419769,23431836.985906655,Earth
2204131,204131 (2003 YL),https://ssd.jpl.nasa.gov/tools/sbdb_lookup.html#/?sstr=2204131,19.94,0.273246732,0.6109982675,False,False,1905-09-04,103697.8135252722,20737781.498808386,Venus
2204232,204232 (2004 DG2),https://ssd.jpl.nasa.gov/tools/sbdb_lookup.html#/?sstr=2204232,18.43,0.5477154309,1.2247289359,False,False,,,,
2207398,207398 (2006 AS2),https://ssd.jpl.nasa.gov/tools/sbdb_lookup.html#/?sstr=2207398,20.36,0.2251930467,0.5035469604,True,False,1900-07-17,94396.541844857,47274317.342442928,Earth
2208565,208565 (2002 CT11),https://ssd.jpl.nasa.gov/tools/sbdb_lookup.html#/?sstr=2208565,17.19,0.9695159909,2.167903661,False,False,1922-10-19,136532.5655557403,17774075.192804489,Venus
2208617,208617 (2002 EB3),https://ssd.jpl.nasa.gov/tools/sbdb_lookup.html#/?sstr=2208617,17.88,0.7055941584,1.5777565026,False,False,1918-03-08,59858.725804285,2295548.857023668,Mars
2211914,211914 (2004 RM251),https://ssd.jpl.nasa.gov/tools/sbdb_lookup.html#/?sstr=2211914,17.76,0.745684261,1.6674006973,False,False,1902-01-24,18993.6025283832,252934750.323784849,Juptr
2212359,212359 (2006 EV52),https://ssd.jpl.nasa.gov/tools/sbdb_lookup.html#/?sstr=2212359,16.72,1.2038017674,2.6917825833,False,False,1906-10-26,71292.172958015,12597549.252584133,Venus
2212546,212546 (2006 SV19),https://ssd.jpl.nasa.gov/tools/sbdb_lookup.html#/?sstr=2212546,17.72,0.7595475664,1.6983999907,True,False,1903-07-27,28997.1362280109,4668390.295942366,Earth
2215757,215757 (2004 FU64),https://ssd.jpl.nasa.gov/tools/sbdb_lookup.html#/?sstr=2215757,17.88,0.7055941584,1.5777565026,False,False,2161-11-05,47262.6539748065,9162714.628905615,Mars
2216258,216258 (2006 WH1),https://ssd.jpl.nasa.gov/tools/sbdb_lookup.html#/?sstr=2216258,20.33,0.228325794,0.5105519964,True,False,1901-04-12,42410.3214663749,6900275.789735863,Earth
2216707,216707 (2004 XP164),https://ssd.jpl.nasa.gov/tools/sbdb_lookup.html#/?sstr=2216707,17.55,0.821400526,1.8367074128,False,False,,,,
2219527,219527 (2001 QK142),https://ssd.jpl.nasa.gov/tools/sbdb_lookup.html#/?sstr=2219527,17.0,1.0581688593,2.3661375011,False,False,1930-08-24,25535.5538914698,13911779.256353083,Mars
2220839,220839 (2004 VA),https://ssd.jpl.nasa.gov/tools/sbdb_lookup.html#/?sstr=2220839,17.45,0.8601119401,1.9232687664,True,False,1908-03-31,41346.3003144253,26860591.293917745,Earth
2223456,223456 (2003 UB10),https://ssd.jpl.nasa.gov/tools/sbdb_lookup.html#/?sstr=2223456,18.29,0.5841911542,1.3062911326,False,False,1900-02-23,30043.1443632343,8782877.154776386,Mars
2225900,225900 (2002 AF3),https://ssd.jpl.nasa.gov/tools/sbdb_lookup.html#/?sstr=2225900,17.96,0.6800721287,1.5206875095,False,False,1902-06-12,67896.5583232505,30987311.219375275,Earth
2226198,226198 (2002 UN3),https://ssd.jpl.nasa.gov/tools/sbdb_lookup.html#/?sstr=2226198,18.86,0.4493191996,1.004708274,False,False,1939-02-27,30719.2593338551,8760715.45703842,Mars
2226219,226219 (2002 VT85),https://ssd.jpl.nasa.gov/tools/sbdb_lookup.html#/?sstr=2226219,18.18,0.6145468212,1.3741684676,False,False,2173-03-23,23882.2943670318,14449698.220891077,Mars
2230111,230111 (2001 BE10),https://ssd.jpl.nasa.gov/tools/sbdb_lookup.html#/?sstr=2230111,19.27,0.3720103103,0.8318403423,True,False,1936-01-13,60958.3320563843,26453497.656346422,Earth
2230420,230420 (2002 PP6),https://ssd.jpl.nasa.gov/tools/sbdb_lookup.html#/?sstr=2230420,19.22,0.3806755436,0.8512163929,False,False,1932-01-22,77331.1203310752,29325652.010682629,Earth
2230979,230979 (2005 AT42),https://ssd.jpl.nasa.gov/tools/sbdb_lookup.html#/?sstr=2230979,16.58,1.2839702958,2.8710448625,False,False,1904-11-28,33523.2223807158,244270914.49223779,Juptr
2235756,235756 (2004 VC),https://ssd.jpl.nasa.gov/tools/sbdb_lookup.html#/?sstr=2235756,18.58,0.5111577815,1.1429835468,True,False,1904-04-03,79586.4943982308,15333499.338939949,Earth
2237551,237551 (2000 WQ19),https://ssd.jpl.nasa.gov/tools/sbdb_lookup.html#/?sstr=2237551,18.44,0.5451989071,1.2191018176,False,False,,,,
2242187,242187 (2003 KR18),https://ssd.jpl.nasa.gov/tools/sbdb_lookup.html#/?sstr=2242187,17.99,0.6707411893,1.4998228946,False,False,1906-07-24,9458.2979809878,70071853.914187115,Earth
2242191,242191 (2003 NZ6),https://ssd.jpl.nasa.gov/tools/sbdb_lookup.html#/?sstr=2242191,19.02,0.4174024334,0.933340215,False,False,1906-02-11,74643.0456341509,5834009.431578215,Venus
2185853,185853 (2000 ER70),https://ssd.jpl.nasa.gov/tools/sbdb_lookup.html#/?sstr=2185853,16.92,1.0978802603,2.4549348932,False,False,,,,
2186823,186823 (2004 FN32),https://ssd.jpl.nasa.gov/tools/sbdb_lookup.html#/?sstr=2186823,19.11,0.4004561582,0.8954471917,False,False,1930-06-28,134250.7026489404,13072347.729602399,Merc
2188452,188452 (2004 HE62),https://ssd.jpl.nasa.gov/tools/sbdb_lookup.html#/?sstr=2188452,17.5,0.8405334021,1.8794898244,False,False,1907-12-18,21304.451642496,226193050.037156655,Juptr
2189008,189008 (1996 FR3),https://ssd.jpl.nasa.gov/tools/sbdb_lookup.html#/?sstr=2189008,16.38,1.4078454339,3.1480380919,False,False,1916-04-12,103894.5864218512,11797543.870477274,Venus
2189058,189058 (2000 UT16),https://ssd.jpl.nasa.gov/tools/sbdb_lookup.html#/?sstr=2189058,16.65,1.2432400055,2.7799691647,False,False,,,,
2190119,190119 (2004 VA64),https://ssd.jpl.nasa.gov/tools/sbdb_lookup.html#/?sstr=2190119,17.04,1.038855101,2.3229506246,False,False,1905-10-12,47618.1449461944,255472857.227065665,Juptr
2190166,190166 (2005 UP156),https://ssd.jpl.nasa.gov/tools/sbdb_lookup.html#/?sstr=2190166,17.26,0.9387608653,2.0991331094,False,False,1928-06-26,32686.170071179,13429922.018798654,Mars
2190208,190208 (2006 AQ),https://ssd.jpl.nasa.gov/tools/sbdb_lookup.html#/?sstr=2190208,18.2,0.6089126221,1.3615700154,False,False,1918-01-11,54295.7508395417,48727170.35743379,Earth
2194006,194006 (2001 SG10),https://ssd.jpl.nasa.gov/tools/sbdb_lookup.html#/?sstr=2194006,20.46,0.21505769,0.4808836139,True,False,1900-05-18,30623.5976178345,19125483.393863922,Earth
2194126,194126 (2001 SG276),https://ssd.jpl.nasa.gov/tools/sbdb_lookup.html#/?sstr=2194126,17.87,0.708851033,1.5850390958,False,False,1903-04-30,51457.4555607788,21982416.35940486,Earth
2196256,196256 (2003 EH1),https://ssd.jpl.nasa.gov/tools/sbdb_lookup.html#/?sstr=2196256,16.1,1.6016033798,3.5812940302,False,False,1901-09-08,47190.4844816203,78373594.683705454,Juptr
2198856,198856 (2005 LR3),https://ssd.jpl.nasa.gov/tools/sbdb_lookup.html#/?sstr=2198856,17.06,1.0293308202,2.3016536853,False,False,1908-12-07,52494.1931328152,24804267.981159957,Earth
2202683,202683 (2006 US216),https://ssd.jpl.nasa.gov/tools/sbdb_lookup.html#/?sstr=2202683,19.78,0.2941406018,0.6577183805,True,False,1902-05-24,117825.5292107029,7639767.99567965,Merc
2203217,203217 (2001 FX9),https://ssd.jpl.nasa.gov/tools/sbdb_lookup.html#/?sstr=2203217,18.75,0.4726666672,1.0569147985,False,False,,,,
2205388,205388 (2001 DV8),https://ssd.jpl.nasa.gov/tools/sbdb_lookup.html#/?sstr=2205388,20.9,0.1756123185,0.3926810818,False,False,1935-02-25,23638.8553326801,24857171.397912082,Earth
2206359,206359 (2003 QM47),https://ssd.jpl.nasa.gov/tools/sbdb_lookup.html#/?sstr=2206359,18.23,0.6005580277,1.3428885744,False,False,,,,
2208115,208115 (2000 CT101),https://ssd.jpl.nasa.gov/tools/sbdb_lookup.html#/?sstr=2208115,20.85,0.1797028549,0.4018277992,True,False,1914-02-18,80969.5363029836,48564922.416747655,Earth
2209924,209924 (2005 WS55),https://ssd.jpl.nasa.gov/tools/sbdb_lookup.html#/?sstr=2209924,16.29,1.4674218336,3.2812549716,False,False,1931-01-10,48789.5186603315,25363815.356948941,Earth
2210012,210012 (2006 KT1),https://ssd.jpl.nasa.gov/tools/sbdb_lookup.html#/?sstr=2210012,16.74,1.1927652464,2.6671041722,False,False,1956-01-02,7168.8771070778,293126827.72940849,Juptr
2213053,213053 (1998 WT30),https://ssd.jpl.nasa.gov/tools/sbdb_lookup.html#/?sstr=2213053,19.94,0.273246732,0.6109982675,False,False,1972-03-02,37686.0290171378,4334685.094893961,Mars
2213869,213869 (2003 SG170),https://ssd.jpl.nasa.gov/tools/sbdb_lookup.html#/?sstr=2213869,17.82,0.7253622947,1.6219593992,False,False,1900-04-06,86989.9174942604,26558625.509998103,Earth
2214869,214869 (2007 PA8),https://ssd.jpl.nasa.gov/tools/sbdb_lookup.html#/?sstr=2214869,16.51,1.3260349677,2.9651043282,True,False,1900-01-07,41739.4170469256,7504946.849766131,Earth
2216115,216115 (2006 SU19),https://ssd.jpl.nasa.gov/tools/sbdb_lookup.html#/?sstr=2216115,18.93,0.4350658314,0.9728367737,True,False,1922-05-07,70630.934066257,17002882.973810897,Venus
2217390,217390 (2005 CW25),https://ssd.jpl.nasa.gov/tools/sbdb_lookup.html#/?sstr=2217390,18.82,0.4576726672,1.0233871954,False,False,1920-03-08,82384.8594949645,53346169.241099512,Earth
2217628,217628 Lugh (1990 HA),https://ssd.jpl.nasa.gov/tools/sbdb_lookup.html#/?sstr=2217628,16.68,1.2261821132,2.7418265579,True,False,1902-08-02,21510.9049093082,125979149.535532202,Juptr
2218863,218863 (2006 WO127),https://ssd.jpl.nasa.gov/tools/sbdb_lookup.html#/?sstr=2218863,16.34,1.4340192346,3.2065644897,False,False,1914-07-12,10371.4213527607,276141771.840092522,Juptr
2219021,219021 (1991 LH),https://ssd.jpl.nasa.gov/tools/sbdb_lookup.html#/?sstr=2219021,16.93,1.0928359587,2.4436554919,False,False,1929-04-29,214869.9673121972,11339419.51221006,Merc
2220909,220909 (2005 EO1),https://ssd.jpl.nasa.gov/tools/sbdb_lookup.html#/?sstr=2220909,18.16,0.620233153,1.3868834919,False,False,1929-04-28,64580.1448174438,28825387.95200766,Earth
2222073,222073 (1999 HY1),https://ssd.jpl.nasa.gov/tools/sbdb_lookup.html#/?sstr=2222073,18.1,0.6376097899,1.4257388333,False,False,1924-12-10,56977.9605374854,13564292.560967946,Mars
2224926,224926 (2007 DA41),https://ssd.jpl.nasa.gov/tools/sbdb_lookup.html#/?sstr=2224926,17.6,0.8027031673,1.7948988478,False,False,1910-04-05,80617.9222842505,18895192.163509756,Venus
2225586,225586 (2000 WS67),https://ssd.jpl.nasa.gov/tools/sbdb_lookup.html#/?sstr=2225586,18.48,0.5352479056,1.1968507018,False,False,1905-10-30,97670.6108462311,12059819.439592967,Merc
2226514,226514 (2003 UX34),https://ssd.jpl.nasa.gov/tools/sbdb_lookup.html#/?sstr=2226514,20.16,0.2469192656,0.5521282628,True,False,1901-09-07,74546.9015633255,4216826.836499955,Earth
2229007,229007 (2003 XF11),https://ssd.jpl.nasa.gov/tools/sbdb_lookup.html#/?sstr=2229007,17.07,1.0246014747,2.2910785472,False,False,1907-06-03,27799.5986480623,191018735.333931441,Juptr
2229672,229672 (2006 WR1),https://ssd.jpl.nasa.gov/tools/sbdb_lookup.html#/?sstr=2229672,17.91,0.6959130436,1.5561088719,False,False,,,,
2230549,230549 (2003 BH),https://ssd.jpl.nasa.gov/tools/sbdb_lookup.html#/?sstr=2230549,20.78,0.185590173,0.4149922428,True,False,1901-02-03,63506.4776990669,46317485.506297882,Earth
2231937,231937 (2001 FO32),https://ssd.jpl.nasa.gov/tools/sbdb_lookup.html#/?sstr=2231937,17.51,0.8366715019,1.8708543531,True,False,1901-08-01,199073.1269810527,5460047.398833449,Merc
2235086,235086 (2003 HW11),https://ssd.jpl.nasa.gov/tools/sbdb_lookup.html#/?sstr=2235086,17.36,0.8965096664,2.0046565566,False,False,1908-02-01,5644.2920078492,284890199.68712403,Juptr
2236716,236716 (2007 FV42),https://ssd.jpl.nasa.gov/tools/sbdb_lookup.html#/?sstr=2236716,17.92,0.6927156136,1.5489592011,False,False,1930-06-25,29028.834033762,27395455.888824375,Earth
2241370,241370 (2008 LW8),https://ssd.jpl.nasa.gov/tools/sbdb_lookup.html#/?sstr=2241370,17.42,0.8720772891,1.9500241,False,False,1945-10-23,50639.9164677277,28008336.550844929,Earth
2242216,242216 (2003 RN10),https://ssd.jpl.nasa.gov/tools/sbdb_lookup.html#/?sstr=2242216,15.59,2.0256060086,4.529392731,True,False,1918-08-17,31529.074018548,255109977.808444748,Juptr
2243298,243298 (2008 EN82),https://ssd.jpl.nasa.gov/tools/sbdb_lookup.html#/?sstr=2243298,15.66,1.9613494437,4.3857106837,False,False,2050-10-29,32021.1523040637,15479478.750620176,Earth
2244670,244670 (2003 KN18),https://ssd.jpl.nasa.gov/tools/sbdb_lookup.html#/?sstr=2244670,18.15,0.6230960191,1.3932850552,False,False,1915-03-18,39384.0399066714,14019241.10605293,Earth
2247156,247156 (2000 YH29),https://ssd.jpl.nasa.gov/tools/sbdb_lookup.html#/?sstr=2247156,18.16,0.620233153,1.3868834919,False,False,1924-08-26,34142.3682565233,63786257.207185585,Earth
2248590,248590 (2006 CS),https://ssd.jpl.nasa.gov/tools/sbdb_lookup.html#/?sstr=2248590,16.26,1.4878357048,3.3269017752,False,False,1903-10-06,42576.3289405062,60581309.630336067,Juptr
2249595,249595 (1997 GH28),https://ssd.jpl.nasa.gov/tools/sbdb_lookup.html#/?sstr=2249595,17.7,0.7665755735,1.7141150923,False,False,1909-01-06,5525.1076426607,46413329.720051612,Earth
2249816,249816 (2001 FD90),https://ssd.jpl.nasa.gov/tools/sbdb_lookup.html#/?sstr=2249816,19.32,0.3635423218,0.8129053443,False,False,1901-04-28,44314.7624020562,42004534.722987084,Earth
2242211,242211 (2003 QB90),https://ssd.jpl.nasa.gov/tools/sbdb_lookup.html#/?sstr=2242211,18.19,0.6117232351,1.367854737,False,False,1920-06-13,4213.4940498775,298353622.727729419,Juptr
2242708,242708 (2005 UK1),https://ssd.jpl.nasa.gov/tools/sbdb_lookup.html#/?sstr=2242708,18.11,0.634680239,1.4191881584,True,False,1927-05-19,67905.4282659155,10202116.605482912,Earth
2244977,244977 (2004 BE68),https://ssd.jpl.nasa.gov/tools/sbdb_lookup.html#/?sstr=2244977,18.36,0.5656593584,1.2648527775,True,False,2148-10-02,49609.0601541994,27253613.621198785,Earth
2248083,248083 (2004 QU24),https://ssd.jpl.nasa.gov/tools/sbdb_lookup.html#/?sstr=2248083,16.13,1.5796285576,3.532156834,False,False,1997-07-07,31507.9833269032,276804486.27529131,Juptr
2248818,248818 (2006 SZ217),https://ssd.jpl.nasa.gov/tools/sbdb_lookup.html#/?sstr=2248818,17.43,0.8680704579,1.9410645532,False,False,,,,
2248926,248926 (2006 WZ2),https://ssd.jpl.nasa.gov/tools/sbdb_lookup.html#/?sstr=2248926,17.13,0.99667824,2.2286402963,False,False,1902-09-23,44560.0490266069,67326897.946298577,Earth
2250162,250162 (2002 TY57),https://ssd.jpl.nasa.gov/tools/sbdb_lookup.html#/?sstr=2250162,19.64,0.313729225,0.7015198735,False,False,1906-09-04,6260.0059670299,62572416.305179474,Earth
2250680,250680 (2005 QC5),https://ssd.jpl.nasa.gov/tools/sbdb_lookup.html#/?sstr=2250680,19.63,0.3151773333,0.7047579421,True,False,1902-05-03,39158.1001905012,50117858.441299549,Earth
2242643,242643 (2005 NZ6),https://ssd.jpl.nasa.gov/tools/sbdb_lookup.html#/?sstr=2242643,17.39,0.8842090927,1.9771516375,True,False,1901-06-02,103259.2841321195,2943559.930931423,Merc
2243147,243147 (2007 TX18),https://ssd.jpl.nasa.gov/tools/sbdb_lookup.html#/?sstr=2243147,17.39,0.8842090927,1.9771516375,False,False,,,,
2246138,246138 (2007 OG3),https://ssd.jpl.nasa.gov/tools/sbdb_lookup.html#/?sstr=2246138,18.25,0.5950520786,1.330576898,False,False,1975-09-16,18266.8698830481,19968062.564517915,Earth
2247517,247517 (2002 QY6),https://ssd.jpl.nasa.gov/tools/sbdb_lookup.html#/?sstr=2247517,19.59,0.3210369174,0.7178603705,False,False,1905-11-16,48166.5067994714,10842467.221261577,Mars
2249615,249615 (1999 TB5),https://ssd.jpl.nasa.gov/tools/sbdb_lookup.html#/?sstr=2249615,19.05,0.4116754573,0.9205343072,False,False,1900-05-22,63816.6434791212,6593482.946304718,Mars
2249886,249886 (2001 RY11),https://ssd.jpl.nasa.gov/tools/sbdb_lookup.html#/?sstr=2249886,17.62,0.7953439404,1.7784431163,False,False,,,,
2250577,250577 (2005 AC),https://ssd.jpl.nasa.gov/tools/sbdb_lookup.html#/?sstr=2250577,18.37,0.5630603897,1.2590413069,False,False,1907-02-01,105127.21086683,11493983.358303645,Earth
2242450,242450 (2004 QY2),https://ssd.jpl.nasa.gov/tools/sbdb_lookup.html#/?sstr=2242450,14.64,3.1372922496,7.0151987353,True,False,1906-07-22,74048.005918471,25449798.423187372,Earth
2243025,243025 (2006 UM216),https://ssd.jpl.nasa.gov/tools/sbdb_lookup.html#/?sstr=2243025,16.05,1.6389095149,3.6647130844,False,False,1947-08-21,13643.493227535,256384127.894958399,Juptr
2243566,243566 (1995 SA),https://ssd.jpl.nasa.gov/tools/sbdb_lookup.html#/?sstr=2243566,17.37,0.8923905787,1.9954459964,True,False,1904-12-12,24030.4125157831,206570397.929105721,Juptr
2247360,247360 (2001 XU),https://ssd.jpl.nasa.gov/tools/sbdb_lookup.html#/?sstr=2247360,19.36,0.3569069267,0.7980681497,True,False,1911-11-05,110843.7790995619,12270745.674469243,Merc
2250458,250458 (2004 BO41),https://ssd.jpl.nasa.gov/tools/sbdb_lookup.html#/?sstr=2250458,18.0,0.6676594135,1.4929318344,False,False,1904-08-31,77469.681177104,21112565.616728163,Earth
2250614,250614 (2005 GG),https://ssd.jpl.nasa.gov/tools/sbdb_lookup.html#/?sstr=2250614,16.22,1.5154966357,3.3887534971,False,False,1902-09-08,93666.7056053005,12453044.352309561,Venus
2250620,250620 (2005 GE59),https://ssd.jpl.nasa.gov/tools/sbdb_lookup.html#/?sstr=2250620,18.07,0.6464798256,1.4455728362,True,False,1912-10-16,53828.324696948,6849409.192863149,Earth
2250697,250697 (2005 QY151),https://ssd.jpl.nasa.gov/tools/sbdb_lookup.html#/?sstr=2250697,17.91,0.6959130436,1.5561088719,False,False,1907-04-07,41055.276609868,16644439.012357184,Earth
2252399,252399 (2001 TX44),https://ssd.jpl.nasa.gov/tools/sbdb_lookup.html#/?sstr=2252399,19.41,0.3487827332,0.7799019007,True,False,1901-06-12,61688.6504173458,7119656.727752633,Merc
2252793,252793 (2002 FW5),https://ssd.jpl.nasa.gov/tools/sbdb_lookup.html#/?sstr=2252793,19.26,0.3737274319,0.8356799428,False,False,,,,
2255071,255071 (2005 UH6),https://ssd.jpl.nasa.gov/tools/sbdb_lookup.html#/?sstr=2255071,18.36,0.5656593584,1.2648527775,True,False,1901-09-01,123568.2006883294,10751213.163832418,Merc
2251346,251346 (2007 SJ),https://ssd.jpl.nasa.gov/tools/sbdb_lookup.html#/?sstr=2251346,16.88,1.1182913782,2.5005755404,True,False,1954-01-06,34000.1093560401,9042550.872857678,Earth
2251722,251722 (1997 US2),https://ssd.jpl.nasa.gov/tools/sbdb_lookup.html#/?sstr=2251722,19.83,0.2874451443,0.6427468824,True,False,1902-09-04,60532.1130365708,5371073.347581173,Venus
2252558,252558 (2001 WT1),https://ssd.jpl.nasa.gov/tools/sbdb_lookup.html#/?sstr=2252558,20.36,0.2251930467,0.5035469604,False,False,1902-09-21,50999.6171903414,19948287.057524958,Earth
2253106,253106 (2002 UR3),https://ssd.jpl.nasa.gov/tools/sbdb_lookup.html#/?sstr=2253106,16.66,1.2375278366,2.7671963667,False,False,1926-11-21,118124.4424039229,22150093.087114999,Earth
2253586,253586 (2003 TX7),https://ssd.jpl.nasa.gov/tools/sbdb_lookup.html#/?sstr=2253586,19.32,0.3635423218,0.8129053443,False,False,1979-06-06,67028.4570247099,9537996.488858456,Mars
2254417,254417 (2004 VV),https://ssd.jpl.nasa.gov/tools/sbdb_lookup.html#/?sstr=2254417,17.21,0.9606274149,2.1480282008,False,False,2010-09-23,124104.9352685126,14728555.247837144,Venus
2254419,254419 (2004 VT60),https://ssd.jpl.nasa.gov/tools/sbdb_lookup.html#/?sstr=2254419,17.76,0.745684261,1.6674006973,False,False,2052-02-07,69646.0114861564,12778378.08647234,Mars
2255501,255501 (2006 BG),https://ssd.jpl.nasa.gov/tools/sbdb_lookup.html#/?sstr=2255501,18.66,0.4926687055,1.1016407159,False,False,1901-09-08,52499.5855071808,51700881.963460518,Earth
2251732,251732 (1998 HG49),https://ssd.jpl.nasa.gov/tools/sbdb_lookup.html#/?sstr=2251732,21.76,0.1181829909,0.2642652014,False,False,1902-05-21,16530.1284459856,41306478.164995471,Earth
2252091,252091 (2000 UP30),https://ssd.jpl.nasa.gov/tools/sbdb_lookup.html#/?sstr=2252091,17.23,0.9518203298,2.1283349598,False,False,1907-11-09,27501.7024446993,288671273.120595293,Juptr
2256004,256004 (2006 UP),https://ssd.jpl.nasa.gov/tools/sbdb_lookup.html#/?sstr=2256004,23.02,0.0661538275,0.1479244553,False,False,1934-11-17,18232.9171930032,11183358.236317136,Mars
2250706,250706 (2005 RR6),https://ssd.jpl.nasa.gov/tools/sbdb_lookup.html#/?sstr=2250706,18.55,0.5182686946,1.1588840318,True,False,1900-11-15,37080.951883421,233650546.626687688,Juptr
2252373,252373 (2001 SA270),https://ssd.jpl.nasa.gov/tools/sbdb_lookup.html#/?sstr=2252373,18.2,0.6089126221,1.3615700154,False,False,1951-01-22,182797.3558095667,13000146.45689644,Merc
2253062,253062 (2002 TC70),https://ssd.jpl.nasa.gov/tools/sbdb_lookup.html#/?sstr=2253062,21.1,0.160160338,0.358129403,False,False,1901-05-13,6570.9212596977,41618684.715985324,Earth
2253841,253841 (2003 YG118),https://ssd.jpl.nasa.gov/tools/sbdb_lookup.html#/?sstr=2253841,17.26,0.9387608653,2.0991331094,True,False,1904-07-05,58338.7396571146,23008200.980428389,Earth
2256670,256670 (2007 XT58),https://ssd.jpl.nasa.gov/tools/sbdb_lookup.html#/?sstr=2256670,18.2,0.6089126221,1.3615700154,False,False,2008-01-08,35583.6432169885,8161736.266846338,Mars
2261938,261938 (2006 OB5),https://ssd.jpl.nasa.gov/tools/sbdb_lookup.html#/?sstr=2261938,20.34,0.2272767323,0.5082062231,False,False,2006-09-13,2070.3127691804,28736260.862134374,Earth
2263976,263976 (2009 KD5),https://ssd.jpl.nasa.gov/tools/sbdb_lookup.html#/?sstr=2263976,18.34,0.57089334,1.2765563162,True,False,1902-08-15,24942.3362587437,18612428.163791834,Venus
2264993,264993 (2003 DX10),https://ssd.jpl.nasa.gov/tools/sbdb_lookup.html#/?sstr=2264993,20.44,0.2170475943,0.4853331752,True,False,1902-10-21,29867.5057928701,14514168.889026703,Mars
2265032,265032 (2003 OU),https://ssd.jpl.nasa.gov/tools/sbdb_lookup.html#/?sstr=2265032,16.32,1.4472880513,3.2362344656,False,False,1911-02-27,31945.4508419198,295245992.245422503,Juptr
2265661,265661 (2005 UB),https://ssd.jpl.nasa.gov/tools/sbdb_lookup.html#/?sstr=2265661,16.82,1.1496217629,2.5706324102,False,False,1901-04-10,113791.3507674893,11616448.303586857,Merc
2259221,259221 (2003 BA21),https://ssd.jpl.nasa.gov/tools/sbdb_lookup.html#/?sstr=2259221,19.17,0.3895426161,0.8710437698,False,False,1944-03-30,61701.4769120006,12172149.278781549,Mars
2259802,259802 (2004 BJ86),https://ssd.jpl.nasa.gov/tools/sbdb_lookup.html#/?sstr=2259802,18.75,0.4726666672,1.0569147985,False,False,,,,
2262623,262623 (2006 WY2),https://ssd.jpl.nasa.gov/tools/sbdb_lookup.html#/?sstr=2262623,18.64,0.4972273129,1.1118340719,False,False,1900-01-21,73956.5785849972,57286425.265141888,Earth
2264357,264357 (2000 AZ93),https://ssd.jpl.nasa.gov/tools/sbdb_lookup.html#/?sstr=2264357,21.17,0.1550797087,0.3467687706,True,False,1901-10-05,26676.0801296805,58470408.57154554,Earth
2265482,265482 (2005 EE),https://ssd.jpl.nasa.gov/tools/sbdb_lookup.html#/?sstr=2265482,21.21,0.152249185,0.3404395273,True,False,1905-01-12,19945.2527766988,11228695.651035289,Venus
2257744,257744 (2000 AD205),https://ssd.jpl.nasa.gov/tools/sbdb_lookup.html#/?sstr=2257744,18.61,0.5041444339,1.1273012246,False,False,1900-06-23,56781.1852712032,19902590.83231561,Earth
2257838,257838 (2000 JQ66),https://ssd.jpl.nasa.gov/tools/sbdb_lookup.html#/?sstr=2257838,18.0,0.6676594135,1.4929318344,False,False,1942-11-22,29581.3638963513,12141611.282146756,Mars
2264308,264308 (1999 NA5),https://ssd.jpl.nasa.gov/tools/sbdb_lookup.html#/?sstr=2264308,20.43,0.2180494405,0.4875733714,False,False,1906-05-04,13976.4022479531,19919589.054852017,Earth
2265187,265187 (2003 YS117),https://ssd.jpl.nasa.gov/tools/sbdb_lookup.html#/?sstr=2265187,18.28,0.586887658,1.3123206985,False,False,1916-08-05,70758.5961040571,24684834.950867822,Earth
2256412,256412 (2007 BT2),https://ssd.jpl.nasa.gov/tools/sbdb_lookup.html#/?sstr=2256412,16.93,1.0928359587,2.4436554919,False,False,,,,
2258325,258325 (2001 VB2),https://ssd.jpl.nasa.gov/tools/sbdb_lookup.html#/?sstr=2258325,18.99,0.4232090797,0.9463242708,False,False,,,,
2260141,260141 (2004 QT24),https://ssd.jpl.nasa.gov/tools/sbdb_lookup.html#/?sstr=2260141,18.31,0.5788352575,1.2943149835,True,False,1904-10-29,39602.8105326842,936978.388661819,Moon
2260277,260277 (2004 TR12),https://ssd.jpl.nasa.gov/tools/sbdb_lookup.html#/?sstr=2260277,18.27,0.5895966084,1.3183780956,False,False,1900-09-10,46353.2663318846,16541512.95511595,Earth
2265196,265196 (2004 BW58),https://ssd.jpl.nasa.gov/tools/sbdb_lookup.html#/?sstr=2265196,18.84,0.453476699,1.0140047252,True,False,1939-01-11,32608.4805805951,25294538.109250215,Earth
2265962,265962 (2006 CG),https://ssd.jpl.nasa.gov/tools/sbdb_lookup.html#/?sstr=2265962,19.03,0.4154846434,0.9290519063,False,False,,,,
2267136,267136 (2000 EF104),https://ssd.jpl.nasa.gov/tools/sbdb_lookup.html#/?sstr=2267136,18.92,0.437074004,0.9773271842,False,False,1931-11-12,29409.3515865778,10769435.740216266,Mars
2267221,267221 (2001 AD2),https://ssd.jpl.nasa.gov/tools/sbdb_lookup.html#/?sstr=2267221,19.85,0.2848098313,0.6368541435,True,False,1901-03-15,128059.0501676281,64874819.257893358,Earth
2267337,267337 (2001 VK5),https://ssd.jpl.nasa.gov/tools/sbdb_lookup.html#/?sstr=2267337,18.05,0.6524616298,1.4589485569,True,False,1903-02-28,76211.3844392108,20150391.565846482,Venus
2275545,275545 (1998 UN1),https://ssd.jpl.nasa.gov/tools/sbdb_lookup.html#/?sstr=2275545,18.21,0.6061149227,1.3553141694,False,False,2056-08-08,54708.2942387782,3580791.745276115,Mars
2275677,275677 (2000 RS11),https://ssd.jpl.nasa.gov/tools/sbdb_lookup.html#/?sstr=2275677,19.22,0.3806755436,0.8512163929,True,False,1904-03-04,37424.3356304633,16031406.448659432,Earth
2267494,267494 (2002 JB9),https://ssd.jpl.nasa.gov/tools/sbdb_lookup.html#/?sstr=2267494,16.17,1.5507970872,3.4676877062,True,False,1908-06-10,108813.7920084293,20608282.386878839,Earth
2267729,267729 (2003 FC5),https://ssd.jpl.nasa.gov/tools/sbdb_lookup.html#/?sstr=2267729,18.46,0.5402004935,1.207925025,True,False,1902-04-05,106560.9104094403,70883160.383147171,Earth
2267759,267759 (2003 MC7),https://ssd.jpl.nasa.gov/tools/sbdb_lookup.html#/?sstr=2267759,18.91,0.439091446,0.9818383215,False,False,2003-08-15,40518.8607645374,12112842.205525778,Mars
2267940,267940 (2004 EM20),https://ssd.jpl.nasa.gov/tools/sbdb_lookup.html#/?sstr=2267940,20.4,0.2210828104,0.4943561926,False,False,1918-07-07,80584.7782802839,22033188.395463947,Venus
2271480,271480 (2004 FX31),https://ssd.jpl.nasa.gov/tools/sbdb_lookup.html#/?sstr=2271480,17.66,0.7808272775,1.7459828712,False,False,1912-03-20,72914.9987527078,17534926.751280807,Earth
2274138,274138 (2008 FU6),https://ssd.jpl.nasa.gov/tools/sbdb_lookup.html#/?sstr=2274138,17.77,0.742258153,1.659739687,False,False,1900-05-02,53030.867203719,26843255.698264914,Earth
2274855,274855 (2009 RB4),https://ssd.jpl.nasa.gov/tools/sbdb_lookup.html#/?sstr=2274855,18.54,0.5206609142,1.1642331974,False,False,,,,
2275611,275611 (1999 XX262),https://ssd.jpl.nasa.gov/tools/sbdb_lookup.html#/?sstr=2275611,18.15,0.6230960191,1.3932850552,False,False,,,,
2267270,267270 (2001 RP17),https://ssd.jpl.nasa.gov/tools/sbdb_lookup.html#/?sstr=2267270,18.26,0.5923180627,1.3244634524,False,False,1907-10-15,14696.936772359,74707665.982783841,Earth
2275714,275714 (2000 YH4),https://ssd.jpl.nasa.gov/tools/sbdb_lookup.html#/?sstr=2275714,18.82,0.4576726672,1.0233871954,False,False,1902-06-22,67871.616137581,24413562.356413311,Earth
2275974,275974 (2001 XD),https://ssd.jpl.nasa.gov/tools/sbdb_lookup.html#/?sstr=2275974,18.68,0.4881518917,1.0915408131,False,False,1902-10-02,57049.8257613226,65925057.251465596,Earth
2267131,267131 (2000 EK26),https://ssd.jpl.nasa.gov/tools/sbdb_lookup.html#/?sstr=2267131,18.23,0.6005580277,1.3428885744,True,False,1900-10-30,15590.8063843112,242110706.873082483,Juptr
2267223,267223 (2001 DQ8),https://ssd.jpl.nasa.gov/tools/sbdb_lookup.html#/?sstr=2267223,18.19,0.6117232351,1.367854737,False,False,1900-11-05,128761.3034618018,16566887.252152379,Venus
2267720,267720 (2003 CA),https://ssd.jpl.nasa.gov/tools/sbdb_lookup.html#/?sstr=2267720,18.91,0.439091446,0.9818383215,True,False,1909-01-21,100718.282107121,14308056.668727666,Earth
2269690,269690 (1996 RG3),https://ssd.jpl.nasa.gov/tools/sbdb_lookup.html#/?sstr=2269690,18.47,0.5377184977,1.2023751136,True,False,1906-05-04,26221.9740183162,13956444.153846651,Venus
2275558,275558 (1999 RH33),https://ssd.jpl.nasa.gov/tools/sbdb_lookup.html#/?sstr=2275558,19.06,0.4097839804,0.9163048363,False,False,1900-03-22,20639.8314076201,48902079.603606097,Earth
2275792,275792 (2001 QH142),https://ssd.jpl.nasa.gov/tools/sbdb_lookup.html#/?sstr=2275792,18.4,0.5553349116,1.2417666126,False,False,,,,
2276033,276033 (2002 AJ129),https://ssd.jpl.nasa.gov/tools/sbdb_lookup.html#/?sstr=2276033,18.75,0.4726666672,1.0569147985,True,False,1900-11-09,140002.036366653,13444851.183114665,Venus
2276392,276392 (2002 XH4),https://ssd.jpl.nasa.gov/tools/sbdb_lookup.html#/?sstr=2276392,19.48,0.3377185972,0.7551617405,False,False,1961-07-05,27317.2929166871,29836530.442148347,Earth
2276397,276397 (2002 XA40),https://ssd.jpl.nasa.gov/tools/sbdb_lookup.html#/?sstr=2276397,17.2,0.9650614696,2.1579430484,False,False,1903-09-24,14108.1259210891,29015178.296700347,Earth
2276732,276732 (2004 EV9),https://ssd.jpl.nasa.gov/tools/sbdb_lookup.html#/?sstr=2276732,17.73,0.7560577624,1.6905965516,False,False,1911-03-20,167016.5145026543,833847.098102732,Merc
2276786,276786 (2004 KD1),https://ssd.jpl.nasa.gov/tools/sbdb_lookup.html#/?sstr=2276786,17.83,0.7220295577,1.6145071727,False,False,1934-06-27,22872.5932730365,22633335.047433509,Earth
2277475,277475 (2005 WK4),https://ssd.jpl.nasa.gov/tools/sbdb_lookup.html#/?sstr=2277475,20.22,0.2401900301,0.5370812349,True,False,1915-09-20,19684.1164075436,15246949.371573153,Venus
2277616,277616 (2006 BN6),https://ssd.jpl.nasa.gov/tools/sbdb_lookup.html#/?sstr=2277616,17.41,0.876102615,1.9590250023,False,False,1905-08-02,28317.8829087216,148056799.913938849,Juptr
2275975,275975 (2001 XF1),https://ssd.jpl.nasa.gov/tools/sbdb_lookup.html#/?sstr=2275975,19.47,0.3392774354,0.7586474087,False,False,1902-11-13,74903.5049099519,55341049.477334308,Earth
2275976,275976 (2001 XV10),https://ssd.jpl.nasa.gov/tools/sbdb_lookup.html#/?sstr=2275976,16.17,1.5507970872,3.4676877062,False,False,1955-10-21,57329.19714524,12363159.309868133,Earth
2276049,276049 (2002 CE26),https://ssd.jpl.nasa.gov/tools/sbdb_lookup.html#/?sstr=2276049,16.64,1.2489785407,2.7928009194,False,False,1994-09-03,100829.2815787709,19282454.284645594,Earth
2276660,276660 (2003 WB25),https://ssd.jpl.nasa.gov/tools/sbdb_lookup.html#/?sstr=2276660,18.41,0.5527833794,1.2360612132,False,False,1910-12-19,58121.7954828268,54186938.920797346,Earth
2276770,276770 (2004 HC),https://ssd.jpl.nasa.gov/tools/sbdb_lookup.html#/?sstr=2276770,19.94,0.273246732,0.6109982675,False,False,1901-04-19,77217.1810207996,16100813.921303993,Earth
2277473,277473 (2005 WD1),https://ssd.jpl.nasa.gov/tools/sbdb_lookup.html#/?sstr=2277473,16.81,1.1549281758,2.5824979103,False,False,1930-08-27,69167.7179246531,13002527.052681111,Mars
2277570,277570 (2005 YP180),https://ssd.jpl.nasa.gov/tools/sbdb_lookup.html#/?sstr=2277570,19.34,0.3602093458,0.8054525833,True,False,1902-09-23,76828.6436212807,69625575.238859046,Earth
2277830,277830 (2006 HR29),https://ssd.jpl.nasa.gov/tools/sbdb_lookup.html#/?sstr=2277830,20.71,0.191670368,0.428587972,False,False,1906-04-24,78317.2888099492,71478373.566640299,Earth
2276111,276111 (2002 GM9),https://ssd.jpl.nasa.gov/tools/sbdb_lookup.html#/?sstr=2276111,18.6,0.5064714588,1.1325046106,False,False,1926-01-21,30480.0895220426,11435041.767604071,Mars
2276409,276409 (2002 YN2),https://ssd.jpl.nasa.gov/tools/sbdb_lookup.html#/?sstr=2276409,18.62,0.5018281006,1.1221217459,False,False,,,,
2276703,276703 (2004 BL11),https://ssd.jpl.nasa.gov/tools/sbdb_lookup.html#/?sstr=2276703,19.3,0.3669061375,0.8204270649,False,False,1900-04-05,80094.616031659,26897554.593867973,Earth
2276891,276891 (2004 RH340),https://ssd.jpl.nasa.gov/tools/sbdb_lookup.html#/?sstr=2276891,19.53,0.3300311834,0.7379721607,False,False,1900-02-08,57536.1412914355,14640761.538738955,Venus
2277039,277039 (2005 CF41),https://ssd.jpl.nasa.gov/tools/sbdb_lookup.html#/?sstr=2277039,18.55,0.5182686946,1.1588840318,False,False,1911-01-31,52202.2021890642,13981356.223384354,Venus
2277127,277127 (2005 GW119),https://ssd.jpl.nasa.gov/tools/sbdb_lookup.html#/?sstr=2277127,18.76,0.4704949611,1.0520587161,False,False,2142-12-21,16034.246896178,14166780.135367055,Mars
2277617,277617 (2006 BT7),https://ssd.jpl.nasa.gov/tools/sbdb_lookup.html#/?sstr=2277617,18.23,0.6005580277,1.3428885744,False,False,1939-02-02,68687.8417967332,14887856.888393203,Merc
2276274,276274 (2002 SS41),https://ssd.jpl.nasa.gov/tools/sbdb_lookup.html#/?sstr=2276274,17.21,0.9606274149,2.1480282008,False,False,,,,
2276468,276468 (2003 HQ32),https://ssd.jpl.nasa.gov/tools/sbdb_lookup.html#/?sstr=2276468,18.07,0.6464798256,1.4455728362,False,False,1956-01-27,64421.4300278832,8900288.070659731,Mars
2277142,277142 (2005 LG8),https://ssd.jpl.nasa.gov/tools/sbdb_lookup.html#/?sstr=2277142,16.79,1.1656145947,2.6063934693,False,False,1963-12-23,145774.8012863081,3444853.641826028,Merc
2277279,277279 (2005 SA71),https://ssd.jpl.nasa.gov/tools/sbdb_lookup.html#/?sstr=2277279,18.96,0.4290965044,0.9594889528,False,False,1980-07-19,36665.5725650182,3730175.16672947,Mars
2277810,277810 (2006 FV35),https://ssd.jpl.nasa.gov/tools/sbdb_lookup.html#/?sstr=2277810,21.73,0.1198270801,0.2679414966,False,False,1906-10-01,37186.1002671354,18558307.678608537,Venus
2283457,283457 (2001 MQ3),https://ssd.jpl.nasa.gov/tools/sbdb_lookup.html#/?sstr=2283457,19.1,0.4023045798,0.8995803882,False,False,1941-09-08,19494.0528510521,61220931.330493157,Earth
2285110,285110 (1995 MA1),https://ssd.jpl.nasa.gov/tools/sbdb_lookup.html#/?sstr=2285110,17.26,0.9387608653,2.0991331094,False,False,,,,
2277958,277958 (2006 SP134),https://ssd.jpl.nasa.gov/tools/sbdb_lookup.html#/?sstr=2277958,16.84,1.1390819672,2.5470647106,False,False,1908-04-19,70327.5195207157,10958054.29975303,Venus
2279744,279744 (1998 KM3),https://ssd.jpl.nasa.gov/tools/sbdb_lookup.html#/?sstr=2279744,19.86,0.283501249,0.6339280645,True,False,1905-05-06,46696.1686686248,14480113.99606608,Mars
2279816,279816 (2000 JE5),https://ssd.jpl.nasa.gov/tools/sbdb_lookup.html#/?sstr=2279816,19.25,0.3754524794,0.8395372662,True,False,1905-05-03,99255.0356660416,20336795.538354914,Earth
2280491,280491 (2004 MO7),https://ssd.jpl.nasa.gov/tools/sbdb_lookup.html#/?sstr=2280491,19.18,0.3877528304,0.8670416872,False,False,1900-09-19,61339.7731592797,14779006.336625933,Venus
2281070,281070 (2006 OY10),https://ssd.jpl.nasa.gov/tools/sbdb_lookup.html#/?sstr=2281070,18.75,0.4726666672,1.0569147985,False,False,1909-10-31,67241.0068495362,58029090.352149653,Earth
2283729,283729 (2002 UX),https://ssd.jpl.nasa.gov/tools/sbdb_lookup.html#/?sstr=2283729,18.2,0.6089126221,1.3615700154,False,False,1982-08-20,34263.6563827545,8489114.779495212,Mars
2284114,284114 (2005 TZ51),https://ssd.jpl.nasa.gov/tools/sbdb_lookup.html#/?sstr=2284114,17.94,0.6863647587,1.5347582577,False,False,,,,
2285540,285540 (2000 GU127),https://ssd.jpl.nasa.gov/tools/sbdb_lookup.html#/?sstr=2285540,18.64,0.4972273129,1.1118340719,False,False,1902-09-07,68679.4819117032,56585971.92487607,Earth
2285625,285625 (2000 RD34),https://ssd.jpl.nasa.gov/tools/sbdb_lookup.html#/?sstr=2285625,17.92,0.6927156136,1.5489592011,False,False,,,,
2285638,285638 (2000 SO10),https://ssd.jpl.nasa.gov/tools/sbdb_lookup.html#/?sstr=2285638,17.58,0.8101304882,1.8115068424,False,False,1915-09-14,100579.0726954462,14282123.967721888,Venus
2278327,278327 (2007 HA59),https://ssd.jpl.nasa.gov/tools/sbdb_lookup.html#/?sstr=2278327,15.42,2.1905591097,4.898239078,False,False,1919-10-30,137346.7078705201,21915826.787038554,Venus
2278381,278381 (2007 MR),https://ssd.jpl.nasa.gov/tools/sbdb_lookup.html#/?sstr=2278381,21.92,0.109788026,0.2454934893,False,False,1907-06-05,30116.2777193962,15514008.033386356,Venus
2280136,280136 (2002 OM4),https://ssd.jpl.nasa.gov/tools/sbdb_lookup.html#/?sstr=2280136,17.22,0.9562137328,2.1381589077,False,False,1901-07-06,134483.0631102878,8147015.761639403,Venus
2281365,281365 (2008 CM116),https://ssd.jpl.nasa.gov/tools/sbdb_lookup.html#/?sstr=2281365,17.54,0.8251919385,1.845185269,False,False,,,,
2281375,281375 (2008 JV19),https://ssd.jpl.nasa.gov/tools/sbdb_lookup.html#/?sstr=2281375,20.81,0.1830437804,0.4092983358,True,False,1906-05-28,35202.0347291475,19488050.526931214,Venus
2285263,285263 (1998 QE2),https://ssd.jpl.nasa.gov/tools/sbdb_lookup.html#/?sstr=2285263,17.28,0.930154254,2.0798881414,True,False,1905-08-24,15894.2067321392,186083417.842784028,Juptr
2285331,285331 (1999 FN53),https://ssd.jpl.nasa.gov/tools/sbdb_lookup.html#/?sstr=2285331,18.19,0.6117232351,1.367854737,False,False,1951-05-29,49827.2394519356,21549277.343712075,Earth
2285339,285339 (1999 JR6),https://ssd.jpl.nasa.gov/tools/sbdb_lookup.html#/?sstr=2285339,18.07,0.6464798256,1.4455728362,False,False,2200-08-14,70172.1406336968,13715456.077396005,Mars
2285818,285818 (2001 BZ39),https://ssd.jpl.nasa.gov/tools/sbdb_lookup.html#/?sstr=2285818,18.83,0.4555698523,1.0186851583,False,False,2070-11-18,22800.1447545476,29270224.578667864,Earth
2280244,280244 Ati (2002 WP11),https://ssd.jpl.nasa.gov/tools/sbdb_lookup.html#/?sstr=2280244,18.22,0.6033300776,1.3490870665,False,False,1912-08-08,16035.1107167069,29662331.501622587,Earth
2283460,283460 (2001 PD1),https://ssd.jpl.nasa.gov/tools/sbdb_lookup.html#/?sstr=2283460,18.48,0.5352479056,1.1968507018,False,False,2179-03-02,35654.6987189323,13257246.40346353,Mars
2284422,284422 (2006 YD),https://ssd.jpl.nasa.gov/tools/sbdb_lookup.html#/?sstr=2284422,17.38,0.8882904164,1.9862777548,False,False,1910-01-29,99804.8004963041,55195385.492762976,Earth
2285179,285179 (1996 TY11),https://ssd.jpl.nasa.gov/tools/sbdb_lookup.html#/?sstr=2285179,19.34,0.3602093458,0.8054525833,False,False,1903-06-09,50971.4239591976,47848532.280752654,Earth
2285567,285567 (2000 OM),https://ssd.jpl.nasa.gov/tools/sbdb_lookup.html#/?sstr=2285567,18.51,0.527904029,1.1804292945,False,False,1900-07-05,61047.0836208454,20515677.625241237,Earth
2285571,285571 (2000 PQ9),https://ssd.jpl.nasa.gov/tools/sbdb_lookup.html#/?sstr=2285571,18.65,0.4949427609,1.1067256584,False,False,1908-07-18,32630.4086736997,10591903.908744776,Earth
2285838,285838 (2001 FA1),https://ssd.jpl.nasa.gov/tools/sbdb_lookup.html#/?sstr=2285838,17.98,0.67383719,1.5067457626,False,False,,,,
2286080,286080 (2001 TX1),https://ssd.jpl.nasa.gov/tools/sbdb_lookup.html#/?sstr=2286080,21.24,0.1501602479,0.3357685218,True,False,1901-05-22,55336.5616645994,5207912.515812937,Venus
2285990,285990 (2001 SK9),https://ssd.jpl.nasa.gov/tools/sbdb_lookup.html#/?sstr=2285990,17.96,0.6800721287,1.5206875095,False,False,1944-01-30,136599.3701805409,5669524.419303887,Merc
2289227,289227 (2004 XY60),https://ssd.jpl.nasa.gov/tools/sbdb_lookup.html#/?sstr=2289227,18.67,0.4904050984,1.0965791366,False,False,1902-01-19,132731.937327609,20509891.493785164,Venus
2292165,292165 (2006 SC6),https://ssd.jpl.nasa.gov/tools/sbdb_lookup.html#/?sstr=2292165,18.11,0.634680239,1.4191881584,False,False,,,,
2292220,292220 (2006 SU49),https://ssd.jpl.nasa.gov/tools/sbdb_lookup.html#/?sstr=2292220,19.39,0.3520099801,0.7871182442,True,False,1900-12-28,36309.0014354232,24286651.751388161,Earth
2293054,293054 (2006 WP127),https://ssd.jpl.nasa.gov/tools/sbdb_lookup.html#/?sstr=2293054,18.48,0.5352479056,1.1968507018,False,False,1900-01-06,90618.4490324386,16152693.565032773,Earth
2293726,293726 (2007 RQ17),https://ssd.jpl.nasa.gov/tools/sbdb_lookup.html#/?sstr=2293726,22.64,0.0788052183,0.1762138252,False,False,1900-05-28,36497.7967618991,19330155.18115209,Earth
2296318,296318 (2009 EN2),https://ssd.jpl.nasa.gov/tools/sbdb_lookup.html#/?sstr=2296318,18.22,0.6033300776,1.3490870665,False,False,1919-08-29,111766.3080863011,21996093.79346322,Venus
2297300,297300 (1998 SC15),https://ssd.jpl.nasa.gov/tools/sbdb_lookup.html#/?sstr=2297300,19.29,0.3685996993,0.8242139842,True,False,1917-03-24,36871.5665932567,28520165.601975562,Earth
2297418,297418 (2000 SP43),https://ssd.jpl.nasa.gov/tools/sbdb_lookup.html#/?sstr=2297418,18.51,0.527904029,1.1804292945,True,False,1905-07-13,88689.7605317328,14639367.002354602,Merc
2285944,285944 (2001 RZ11),https://ssd.jpl.nasa.gov/tools/sbdb_lookup.html#/?sstr=2285944,16.7,1.214940408,2.7166893409,False,False,1907-08-13,104633.5489558654,17164765.042986373,Earth
2286079,286079 (2001 TW1),https://ssd.jpl.nasa.gov/tools/sbdb_lookup.html#/?sstr=2286079,19.29,0.3685996993,0.8242139842,False,False,1900-10-18,111500.2649428193,62969181.511328766,Earth
2288592,288592 (2004 JW20),https://ssd.jpl.nasa.gov/tools/sbdb_lookup.html#/?sstr=2288592,20.87,0.1780553292,0.3981438198,False,False,1900-06-26,49293.006119865,71918860.021878986,Earth
2288807,288807 (2004 RW164),https://ssd.jpl.nasa.gov/tools/sbdb_lookup.html#/?sstr=2288807,18.41,0.5527833794,1.2360612132,False,False,1907-03-17,83115.3613199119,30245096.691232376,Earth
2288914,288914 (2004 SX),https://ssd.jpl.nasa.gov/tools/sbdb_lookup.html#/?sstr=2288914,19.14,0.3949616937,0.8831611957,False,False,1916-05-07,40141.3474444187,11570134.523410362,Mars
2290772,290772 (2005 VC),https://ssd.jpl.nasa.gov/tools/sbdb_lookup.html#/?sstr=2290772,17.49,0.844413128,1.8881651553,True,False,1902-03-01,30599.3165225809,19175104.992383135,Venus
2289315,289315 (2005 AN26),https://ssd.jpl.nasa.gov/tools/sbdb_lookup.html#/?sstr=2289315,18.51,0.527904029,1.1804292945,True,False,1911-01-13,12911.3703129417,264102778.234137782,Juptr
2294739,294739 (2008 CM),https://ssd.jpl.nasa.gov/tools/sbdb_lookup.html#/?sstr=2294739,17.04,1.038855101,2.3229506246,True,False,1915-12-31,78501.8149184675,8446902.793396673,Earth
2297274,297274 (1996 SK),https://ssd.jpl.nasa.gov/tools/sbdb_lookup.html#/?sstr=2297274,16.93,1.0928359587,2.4436554919,True,False,1902-03-16,28915.9167816716,168966577.0010447,Juptr
2299582,299582 (2006 GQ2),https://ssd.jpl.nasa.gov/tools/sbdb_lookup.html#/?sstr=2299582,18.23,0.6005580277,1.3428885744,False,False,1904-10-06,63460.433424343,24765266.335432044,Earth
2303449,303449 (2005 BE2),https://ssd.jpl.nasa.gov/tools/sbdb_lookup.html#/?sstr=2303449,18.27,0.5895966084,1.3183780956,False,False,1902-07-25,47991.1409430642,25149947.773632086,Earth
2301011,301011 (2008 JO),https://ssd.jpl.nasa.gov/tools/sbdb_lookup.html#/?sstr=2301011,18.41,0.5527833794,1.2360612132,False,False,1926-09-29,55154.8572270293,19679482.035056736,Venus
2301844,301844 (1990 UA),https://ssd.jpl.nasa.gov/tools/sbdb_lookup.html#/?sstr=2301844,19.7,0.3051792326,0.6824015094,True,False,1900-08-07,45274.2853012823,22120618.551818462,Venus
2302010,302010 (2000 SH8),https://ssd.jpl.nasa.gov/tools/sbdb_lookup.html#/?sstr=2302010,18.81,0.4597851883,1.028110936,False,False,,,,
2302156,302156 (2001 SF286),https://ssd.jpl.nasa.gov/tools/sbdb_lookup.html#/?sstr=2302156,19.02,0.4174024334,0.933340215,False,False,1905-10-27,121646.6765092782,13053139.467812908,Merc
2302169,302169 (2001 TD45),https://ssd.jpl.nasa.gov/tools/sbdb_lookup.html#/?sstr=2302169,20.0,0.2658,0.5943468684,True,False,1900-10-26,72830.9710902913,43367585.06412374,Earth
2302311,302311 (2002 AA),https://ssd.jpl.nasa.gov/tools/sbdb_lookup.html#/?sstr=2302311,19.39,0.3520099801,0.7871182442,False,False,1901-01-08,80074.3395464636,64979097.29092493,Earth
2302800,302800 (2003 AA),https://ssd.jpl.nasa.gov/tools/sbdb_lookup.html#/?sstr=2302800,19.69,0.3065878759,0.6855513317,False,False,1919-01-07,43653.8934828511,49128579.216105965,Earth
2302871,302871 (2003 HA22),https://ssd.jpl.nasa.gov/tools/sbdb_lookup.html#/?sstr=2302871,19.45,0.3424167308,0.7656670868,False,False,1908-06-26,21246.8428949748,28613658.870242455,Earth
2303174,303174 (2004 FH11),https://ssd.jpl.nasa.gov/tools/sbdb_lookup.html#/?sstr=2303174,16.72,1.2038017674,2.6917825833,False,False,,,,
2303250,303250 (2004 RU10),https://ssd.jpl.nasa.gov/tools/sbdb_lookup.html#/?sstr=2303250,17.91,0.6959130436,1.5561088719,False,False,1901-11-02,104560.2592105266,53757286.223625763,Earth
2302523,302523 (2002 KH3),https://ssd.jpl.nasa.gov/tools/sbdb_lookup.html#/?sstr=2302523,17.47,0.8522263865,1.9056361323,False,False,1907-01-22,19883.9449211386,230286552.353972165,Juptr
2302830,302830 (2003 FB),https://ssd.jpl.nasa.gov/tools/sbdb_lookup.html#/?sstr=2302830,18.81,0.4597851883,1.028110936,False,False,1901-07-01,49404.6383400245,9879708.706461593,Mars
2302831,302831 (2003 FH),https://ssd.jpl.nasa.gov/tools/sbdb_lookup.html#/?sstr=2302831,19.12,0.3986162293,0.8913329856,True,False,1900-04-08,88758.6678790736,20515570.318689086,Earth
2302591,302591 (2002 QE7),https://ssd.jpl.nasa.gov/tools/sbdb_lookup.html#/?sstr=2302591,19.68,0.3080030213,0.6887156928,False,False,2020-02-13,23455.3640010696,14829426.099620744,Mars
2303248,303248 (2004 QV16),https://ssd.jpl.nasa.gov/tools/sbdb_lookup.html#/?sstr=2303248,18.02,0.6615382752,1.4792445531,False,False,1936-03-20,87738.4995935378,25997040.461621849,Earth
2303262,303262 (2004 RJ84),https://ssd.jpl.nasa.gov/tools/sbdb_lookup.html#/?sstr=2303262,18.67,0.4904050984,1.0965791366,False,False,1910-02-17,37967.4469483355,8277234.499162798,Venus
2303450,303450 (2005 BY2),https://ssd.jpl.nasa.gov/tools/sbdb_lookup.html#/?sstr=2303450,20.51,0.2101623793,0.4699373665,True,False,1905-04-21,29405.0896419192,26292575.781099541,Earth
2303933,303933 (2005 VQ),https://ssd.jpl.nasa.gov/tools/sbdb_lookup.html#/?sstr=2303933,19.04,0.4135756649,0.9247833005,False,False,1956-05-30,61901.2146307079,22426902.014502257,Venus
2304153,304153 (2006 OU10),https://ssd.jpl.nasa.gov/tools/sbdb_lookup.html#/?sstr=2304153,17.81,0.7287104149,1.6294460236,False,False,1961-02-24,66004.8323607353,25039728.401354316,Earth
2307070,307070 (2002 AV31),https://ssd.jpl.nasa.gov/tools/sbdb_lookup.html#/?sstr=2307070,20.63,0.1988634532,0.4446721997,False,False,2007-08-11,42608.3012511865,29575025.017827201,Earth
2307493,307493 (2002 XP90),https://ssd.jpl.nasa.gov/tools/sbdb_lookup.html#/?sstr=2307493,18.57,0.5135171787,1.1482593191,False,False,1900-08-26,62200.1816236058,62487502.011003684,Earth
2307564,307564 (2003 FQ6),https://ssd.jpl.nasa.gov/tools/sbdb_lookup.html#/?sstr=2307564,20.75,0.1881719895,0.42076536,False,False,1902-08-15,4020.0569093976,28572677.610860619,Earth
2307918,307918 (2004 EU9),https://ssd.jpl.nasa.gov/tools/sbdb_lookup.html#/?sstr=2307918,19.02,0.4174024334,0.933340215,False,False,1902-04-18,105317.873570084,12807589.374397038,Merc
2305090,305090 (2007 VQ4),https://ssd.jpl.nasa.gov/tools/sbdb_lookup.html#/?sstr=2305090,16.16,1.5579552413,3.4836938254,False,False,2011-03-01,23620.5746967129,297367572.722157655,Juptr
2306431,306431 (1998 SR49),https://ssd.jpl.nasa.gov/tools/sbdb_lookup.html#/?sstr=2306431,17.48,0.8483107619,1.8968805296,False,False,2156-03-11,61456.58658625,8019275.621465316,Mars
2307005,307005 (2001 XP1),https://ssd.jpl.nasa.gov/tools/sbdb_lookup.html#/?sstr=2307005,18.14,0.6259720997,1.3997161669,True,False,1938-06-04,110411.8065552654,66126427.952315196,Earth
2307161,307161 (2002 DY3),https://ssd.jpl.nasa.gov/tools/sbdb_lookup.html#/?sstr=2307161,18.33,0.573528464,1.2824486324,False,False,1900-03-09,47130.706991502,21803762.528948583,Earth
2308899,308899 (2006 SL198),https://ssd.jpl.nasa.gov/tools/sbdb_lookup.html#/?sstr=2308899,18.31,0.5788352575,1.2943149835,False,False,1965-09-26,33123.0024425167,25679577.52019338,Earth
2309662,309662 (2008 EE),https://ssd.jpl.nasa.gov/tools/sbdb_lookup.html#/?sstr=2309662,19.87,0.2821986791,0.6310154296,False,False,1900-11-03,45408.6405730861,40052964.775533006,Earth
2304088,304088 (2006 HX5),https://ssd.jpl.nasa.gov/tools/sbdb_lookup.html#/?sstr=2304088,19.15,0.3931470096,0.8791034386,False,False,2148-09-20,41697.739829731,13707268.077338147,Mars
2306383,306383 (1993 VD),https://ssd.jpl.nasa.gov/tools/sbdb_lookup.html#/?sstr=2306383,21.52,0.131994239,0.2951480911,True,False,1901-10-23,58699.5547864831,3576467.828280783,Earth
2306462,306462 (1999 RC32),https://ssd.jpl.nasa.gov/tools/sbdb_lookup.html#/?sstr=2306462,18.64,0.4972273129,1.1118340719,False,False,1947-04-20,65758.6014972296,12420279.995294067,Mars
2306523,306523 (1999 XR35),https://ssd.jpl.nasa.gov/tools/sbdb_lookup.html#/?sstr=2306523,18.5,0.5303407233,1.1858779086,False,False,1914-09-05,9177.1065778949,292616123.115707925,Juptr
2306595,306595 (2000 GG147),https://ssd.jpl.nasa.gov/tools/sbdb_lookup.html#/?sstr=2306595,18.73,0.477040198,1.0666943108,False,False,1908-11-26,51671.1302747114,72498715.323480257,Earth
2308041,308041 (2004 TN),https://ssd.jpl.nasa.gov/tools/sbdb_lookup.html#/?sstr=2308041,19.04,0.4135756649,0.9247833005,False,False,1901-04-27,45065.6820454439,23448644.815233913,Earth
2308127,308127 (2004 XM130),https://ssd.jpl.nasa.gov/tools/sbdb_lookup.html#/?sstr=2308127,17.47,0.8522263865,1.9056361323,False,False,1914-05-16,23669.8491724219,255684012.15220581,Juptr
2308635,308635 (2005 YU55),https://ssd.jpl.nasa.gov/tools/sbdb_lookup.html#/?sstr=2308635,21.91,0.1102947845,0.2466266358,True,False,1927-04-09,70042.4839603177,29411594.68549616,Earth
2309203,309203 (2007 GG),https://ssd.jpl.nasa.gov/tools/sbdb_lookup.html#/?sstr=2309203,17.77,0.742258153,1.659739687,False,False,1901-03-05,15710.2805451333,236026971.278667987,Juptr
2304293,304293 (2006 SQ78),https://ssd.jpl.nasa.gov/tools/sbdb_lookup.html#/?sstr=2304293,18.85,0.4513931628,1.0093457967,False,False,1921-04-09,82721.6685825034,28988168.191834829,Earth
2304330,304330 (2006 SX217),https://ssd.jpl.nasa.gov/tools/sbdb_lookup.html#/?sstr=2304330,18.91,0.439091446,0.9818383215,True,False,1905-04-16,46136.4632713015,10751309.056067088,Earth
2304640,304640 (2006 WW1),https://ssd.jpl.nasa.gov/tools/sbdb_lookup.html#/?sstr=2304640,19.17,0.3895426161,0.8710437698,False,False,1904-02-29,41532.563048616,40740590.622038869,Earth
2306367,306367 Nut (5025 P-L),https://ssd.jpl.nasa.gov/tools/sbdb_lookup.html#/?sstr=2306367,15.65,1.9704026214,4.4059542044,False,False,1910-10-22,65513.2884169165,11375409.61817679,Venus
2308043,308043 (2004 TH10),https://ssd.jpl.nasa.gov/tools/sbdb_lookup.html#/?sstr=2308043,18.55,0.5182686946,1.1588840318,False,False,1905-11-07,162359.0403531185,7107252.132211381,Merc
2308242,308242 (2005 GO21),https://ssd.jpl.nasa.gov/tools/sbdb_lookup.html#/?sstr=2308242,16.18,1.5436718218,3.4517551284,True,False,1912-06-21,48095.795144124,6755121.963820805,Earth
2309214,309214 (2007 LL),https://ssd.jpl.nasa.gov/tools/sbdb_lookup.html#/?sstr=2309214,20.51,0.2101623793,0.4699373665,False,False,1904-05-06,57752.274688047,57391927.322905587,Earth
2310442,310442 (2000 CH59),https://ssd.jpl.nasa.gov/tools/sbdb_lookup.html#/?sstr=2310442,19.82,0.2887719308,0.6457136672,True,False,1903-03-12,45033.7937807092,10049157.241424438,Venus
2311044,311044 (2004 BB103),https://ssd.jpl.nasa.gov/tools/sbdb_lookup.html#/?sstr=2311044,17.12,1.0012786977,2.2389272325,True,False,1919-06-26,115421.5359554479,14467194.679133519,Earth
2311554,311554 (2006 BQ147),https://ssd.jpl.nasa.gov/tools/sbdb_lookup.html#/?sstr=2311554,18.72,0.4792421155,1.071617948,False,False,1900-02-20,70570.4951902666,26726669.11152463,Earth
2312070,312070 (2007 TA19),https://ssd.jpl.nasa.gov/tools/sbdb_lookup.html#/?sstr=2312070,19.4,0.3503926411,0.7835017643,True,False,1911-09-23,57818.6348718874,20938099.838481684,Earth
2313548,313548 (2003 BL1),https://ssd.jpl.nasa.gov/tools/sbdb_lookup.html#/?sstr=2313548,19.34,0.3602093458,0.8054525833,False,False,1900-01-28,41526.4581737669,56027798.530724101,Earth
2313809,313809 (2004 BH41),https://ssd.jpl.nasa.gov/tools/sbdb_lookup.html#/?sstr=2313809,19.28,0.3703010782,0.828018383,False,False,1934-10-24,44493.4682865828,11828939.915615026,Mars
2314082,314082 Dryope (2005 CZ36),https://ssd.jpl.nasa.gov/tools/sbdb_lookup.html#/?sstr=2314082,17.5,0.8405334021,1.8794898244,True,False,1908-07-13,47462.3913300347,6709360.124985675,Earth
2317255,317255 (2002 DJ5),https://ssd.jpl.nasa.gov/tools/sbdb_lookup.html#/?sstr=2317255,19.87,0.2821986791,0.6310154296,True,False,1901-03-29,62012.1525829978,6958118.41952263,Earth
2319988,319988 (2007 DK),https://ssd.jpl.nasa.gov/tools/sbdb_lookup.html#/?sstr=2319988,19.47,0.3392774354,0.7586474087,False,False,1913-04-10,47549.5459965788,23753549.090274817,Earth
2320378,320378 (2007 UR3),https://ssd.jpl.nasa.gov/tools/sbdb_lookup.html#/?sstr=2320378,21.32,0.1447288051,0.3236234466,False,False,1901-03-27,15104.1292920632,67241517.310682636,Earth
2322705,322705 (2000 DK8),https://ssd.jpl.nasa.gov/tools/sbdb_lookup.html#/?sstr=2322705,19.33,0.3618719966,0.8091703835,False,False,1900-02-06,62052.2605666544,22345769.674158363,Earth
2309728,309728 (2008 JF),https://ssd.jpl.nasa.gov/tools/sbdb_lookup.html#/?sstr=2309728,17.94,0.6863647587,1.5347582577,False,False,,,,
2310842,310842 (2003 AK18),https://ssd.jpl.nasa.gov/tools/sbdb_lookup.html#/?sstr=2310842,19.81,0.2901048414,0.648694146,False,False,1901-01-19,62998.7919143346,17387297.080617249,Venus
2311555,311555 (2006 BA148),https://ssd.jpl.nasa.gov/tools/sbdb_lookup.html#/?sstr=2311555,18.35,0.5682703234,1.2706910727,False,False,1926-05-19,77246.5304539242,12926880.570948626,Venus
2312473,312473 (2008 SX245),https://ssd.jpl.nasa.gov/tools/sbdb_lookup.html#/?sstr=2312473,18.05,0.6524616298,1.4589485569,False,False,1936-03-12,30267.7173903407,28832449.031310808,Earth
2313538,313538 (2002 YB12),https://ssd.jpl.nasa.gov/tools/sbdb_lookup.html#/?sstr=2313538,18.32,0.5761757511,1.2883681464,False,False,1900-06-14,48060.4134944984,17228139.891764462,Venus
2313552,313552 (2003 BX33),https://ssd.jpl.nasa.gov/tools/sbdb_lookup.html#/?sstr=2313552,20.95,0.1716148941,0.3837425691,False,False,1900-01-02,57414.0055319935,20387477.860571362,Earth
2314212,314212 (2005 NJ1),https://ssd.jpl.nasa.gov/tools/sbdb_lookup.html#/?sstr=2314212,18.57,0.5135171787,1.1482593191,True,False,1900-01-26,98656.3140038989,53428810.844434262,Earth
2316695,316695 (1996 TE9),https://ssd.jpl.nasa.gov/tools/sbdb_lookup.html#/?sstr=2316695,18.92,0.437074004,0.9773271842,False,False,,,,
2317212,317212 (2002 CW46),https://ssd.jpl.nasa.gov/tools/sbdb_lookup.html#/?sstr=2317212,18.94,0.4330668855,0.9683669947,False,False,1956-09-15,32175.6416316605,11987688.657403352,Mars
2318160,318160 (2004 QZ2),https://ssd.jpl.nasa.gov/tools/sbdb_lookup.html#/?sstr=2318160,18.39,0.5578982211,1.2474983468,False,False,1957-07-30,42060.9829222181,12529437.20773505,Mars
2318411,318411 (2005 AH14),https://ssd.jpl.nasa.gov/tools/sbdb_lookup.html#/?sstr=2318411,17.1,1.0105434154,2.2596437711,False,False,1924-04-28,50143.8746025767,14392191.363523525,Earth
2322763,322763 (2001 FA7),https://ssd.jpl.nasa.gov/tools/sbdb_lookup.html#/?sstr=2322763,17.21,0.9606274149,2.1480282008,False,False,1907-01-18,55811.0965782856,60173359.844154734,Earth
2310560,310560 (2001 QL142),https://ssd.jpl.nasa.gov/tools/sbdb_lookup.html#/?sstr=2310560,17.8,0.7320739893,1.6369672047,True,False,1900-04-23,86603.278097295,8485130.464624567,Venus
2310737,310737 (2002 QG24),https://ssd.jpl.nasa.gov/tools/sbdb_lookup.html#/?sstr=2310737,17.94,0.6863647587,1.5347582577,False,False,1917-04-27,7078.573274346,254069017.904689484,Juptr
2311321,311321 (2005 NP1),https://ssd.jpl.nasa.gov/tools/sbdb_lookup.html#/?sstr=2311321,18.61,0.5041444339,1.1273012246,False,False,1901-10-24,62939.303310335,12950672.735871722,Mars
2315020,315020 (2007 BG49),https://ssd.jpl.nasa.gov/tools/sbdb_lookup.html#/?sstr=2315020,18.72,0.4792421155,1.071617948,False,False,1990-05-26,32585.3446234661,10446246.566318872,Mars
2315098,315098 (2007 EX),https://ssd.jpl.nasa.gov/tools/sbdb_lookup.html#/?sstr=2315098,16.67,1.2318419127,2.7544822542,False,False,1902-01-25,80951.6605594946,11428122.118127221,Venus
2315508,315508 (2008 AB31),https://ssd.jpl.nasa.gov/tools/sbdb_lookup.html#/?sstr=2315508,20.14,0.2492039814,0.5572370428,False,False,1931-07-08,53434.9579354258,70960894.398436997,Earth
2317643,317643 (2003 FH1),https://ssd.jpl.nasa.gov/tools/sbdb_lookup.html#/?sstr=2317643,18.38,0.5604733623,1.2532565376,False,False,1904-12-22,61039.0861894883,15360689.664359456,Venus
2318050,318050 (2004 FC32),https://ssd.jpl.nasa.gov/tools/sbdb_lookup.html#/?sstr=2318050,18.87,0.4472547654,1.0000920588,False,False,,,,
2318450,318450 (2005 EJ),https://ssd.jpl.nasa.gov/tools/sbdb_lookup.html#/?sstr=2318450,20.1,0.2538370294,0.5675968529,False,False,1900-06-16,22812.9520799982,13097557.528820976,Mars
2322652,322652 (1999 JO8),https://ssd.jpl.nasa.gov/tools/sbdb_lookup.html#/?sstr=2322652,16.79,1.1656145947,2.6063934693,False,False,1904-06-20,52527.8600776681,28395908.578928259,Earth
2322756,322756 (2001 CK32),https://ssd.jpl.nasa.gov/tools/sbdb_lookup.html#/?sstr=2322756,19.23,0.3789264984,0.8473054089,False,False,1901-03-22,40589.7386262275,27235582.754485342,Earth
2322775,322775 (2001 HA8),https://ssd.jpl.nasa.gov/tools/sbdb_lookup.html#/?sstr=2322775,17.27,0.9344476509,2.0894884689,False,False,1907-10-21,11410.9462395181,257043774.721114328,Juptr
2310402,310402 (1999 EE5),https://ssd.jpl.nasa.gov/tools/sbdb_lookup.html#/?sstr=2310402,18.64,0.4972273129,1.1118340719,False,False,1902-03-17,60085.2913384003,35823656.584824702,Earth
2311066,311066 (2004 DC),https://ssd.jpl.nasa.gov/tools/sbdb_lookup.html#/?sstr=2311066,18.28,0.586887658,1.3123206985,True,False,1916-06-15,50325.5494198858,14881258.73969877,Earth
2311925,311925 (2007 BF72),https://ssd.jpl.nasa.gov/tools/sbdb_lookup.html#/?sstr=2311925,19.73,0.3009920165,0.6730386097,False,False,1917-12-18,9811.9383787877,9736633.034317427,Mars
2312942,312942 (1995 EK1),https://ssd.jpl.nasa.gov/tools/sbdb_lookup.html#/?sstr=2312942,17.36,0.8965096664,2.0046565566,False,False,1907-09-07,27658.6530370979,269658990.255442927,Juptr
2312956,312956 (1997 CZ3),https://ssd.jpl.nasa.gov/tools/sbdb_lookup.html#/?sstr=2312956,19.49,0.3361669212,0.7516920875,False,False,1903-03-01,47835.3054072794,16786761.384426965,Venus
2313276,313276 (2002 AX1),https://ssd.jpl.nasa.gov/tools/sbdb_lookup.html#/?sstr=2313276,19.86,0.283501249,0.6339280645,False,False,1902-09-19,131228.9217077278,13604262.14979412,Merc
2314079,314079 (2005 CV25),https://ssd.jpl.nasa.gov/tools/sbdb_lookup.html#/?sstr=2314079,19.67,0.3094246986,0.69189466,False,False,1908-08-06,55728.0830564874,26258764.957063823,Earth
2317685,317685 (2003 NO4),https://ssd.jpl.nasa.gov/tools/sbdb_lookup.html#/?sstr=2317685,18.22,0.6033300776,1.3490870665,False,False,1976-08-05,44480.5021203743,26533097.351552379,Earth
2322966,322966 (2002 KF4),https://ssd.jpl.nasa.gov/tools/sbdb_lookup.html#/?sstr=2322966,17.02,1.0484675089,2.3444446221,False,False,1906-06-15,29688.9690037567,94974055.886626193,Juptr
2325769,325769 (2010 LY63),https://ssd.jpl.nasa.gov/tools/sbdb_lookup.html#/?sstr=2325769,17.88,0.7055941584,1.5777565026,False,False,1989-09-08,31709.9453003274,25771831.669303063,Earth
2326290,326290 Akhenaten (1998 HE3),https://ssd.jpl.nasa.gov/tools/sbdb_lookup.html#/?sstr=2326290,21.83,0.1144339731,0.2558821427,True,False,1900-05-10,48753.9821548325,1310376.078401797,Moon
2326354,326354 (2000 SJ344),https://ssd.jpl.nasa.gov/tools/sbdb_lookup.html#/?sstr=2326354,22.78,0.0738847787,0.1652113876,False,False,1900-03-30,23855.6548249674,47905766.45112277,Earth
2326732,326732 Nice (2003 HB6),https://ssd.jpl.nasa.gov/tools/sbdb_lookup.html#/?sstr=2326732,17.66,0.7808272775,1.7459828712,False,False,1941-08-16,33001.0117650836,24060919.59092118,Earth
2326777,326777 (2003 SV222),https://ssd.jpl.nasa.gov/tools/sbdb_lookup.html#/?sstr=2326777,17.77,0.742258153,1.659739687,False,False,,,,
2328059,328059 (2007 UB6),https://ssd.jpl.nasa.gov/tools/sbdb_lookup.html#/?sstr=2328059,19.62,0.3166321257,0.708010957,False,False,1900-10-26,28938.3958568495,61738345.378743648,Earth
2322913,322913 (2002 CM1),https://ssd.jpl.nasa.gov/tools/sbdb_lookup.html#/?sstr=2322913,16.89,1.1131532961,2.4890864394,False,False,,,,
2323300,323300 (2003 UD22),https://ssd.jpl.nasa.gov/tools/sbdb_lookup.html#/?sstr=2323300,19.63,0.3151773333,0.7047579421,False,False,1907-09-25,36661.6553457974,25590137.307018397,Earth
2326302,326302 (1998 VN),https://ssd.jpl.nasa.gov/tools/sbdb_lookup.html#/?sstr=2326302,20.58,0.2034955781,0.4550299458,False,False,1900-11-07,56719.4836443656,35104736.210295669,Earth
2326332,326332 (2000 GS146),https://ssd.jpl.nasa.gov/tools/sbdb_lookup.html#/?sstr=2326332,18.2,0.6089126221,1.3615700154,False,False,1902-10-31,82311.7074342898,45110370.105652935,Earth
2326386,326386 (2001 OA14),https://ssd.jpl.nasa.gov/tools/sbdb_lookup.html#/?sstr=2326386,18.58,0.5111577815,1.1429835468,False,False,1914-05-25,84577.3939051333,8993747.365250347,Venus
2326683,326683 (2002 WP),https://ssd.jpl.nasa.gov/tools/sbdb_lookup.html#/?sstr=2326683,18.48,0.5352479056,1.1968507018,False,False,1913-12-06,37018.5445408057,24965382.807739564,Earth
2329291,329291 (2000 JB6),https://ssd.jpl.nasa.gov/tools/sbdb_lookup.html#/?sstr=2329291,19.23,0.3789264984,0.8473054089,False,False,1907-07-25,27147.9212872033,65539554.93983329,Earth
2325395,325395 (2009 CQ5),https://ssd.jpl.nasa.gov/tools/sbdb_lookup.html#/?sstr=2325395,17.43,0.8680704579,1.9410645532,True,False,1902-12-15,37792.5035649995,27169445.969992165,Earth
2326388,326388 (2001 QD96),https://ssd.jpl.nasa.gov/tools/sbdb_lookup.html#/?sstr=2326388,18.38,0.5604733623,1.2532565376,False,False,1931-08-09,58511.6328828611,20169626.246619815,Venus
2327140,327140 (2005 EE224),https://ssd.jpl.nasa.gov/tools/sbdb_lookup.html#/?sstr=2327140,19.89,0.2796114661,0.6252302454,False,False,1922-04-24,45928.9452616913,52084607.441351686,Earth
2329275,329275 (1999 VP6),https://ssd.jpl.nasa.gov/tools/sbdb_lookup.html#/?sstr=2329275,20.09,0.2550086879,0.5702167609,False,False,1910-10-18,27443.6890051211,22148730.89379014,Earth
2323179,323179 (2003 HR32),https://ssd.jpl.nasa.gov/tools/sbdb_lookup.html#/?sstr=2323179,18.1,0.6376097899,1.4257388333,False,False,1908-11-26,70852.6499808478,23287479.349775311,Earth
2325102,325102 (2008 EY5),https://ssd.jpl.nasa.gov/tools/sbdb_lookup.html#/?sstr=2325102,20.17,0.2457847746,0.5495914639,False,False,1900-02-27,46257.9762522488,12896076.873536926,Earth
2326291,326291 (1998 HM3),https://ssd.jpl.nasa.gov/tools/sbdb_lookup.html#/?sstr=2326291,19.0,0.4212646106,0.9419763057,False,False,1955-10-23,70485.2134716787,29377352.346404427,Earth
2326742,326742 (2003 QN47),https://ssd.jpl.nasa.gov/tools/sbdb_lookup.html#/?sstr=2326742,18.15,0.6230960191,1.3932850552,False,False,,,,
2326946,326946 (2004 EN20),https://ssd.jpl.nasa.gov/tools/sbdb_lookup.html#/?sstr=2326946,18.48,0.5352479056,1.1968507018,False,False,1939-11-10,73654.6580709811,13689165.269009021,Mars
2329338,329338 (2001 JW2),https://ssd.jpl.nasa.gov/tools/sbdb_lookup.html#/?sstr=2329338,19.26,0.3737274319,0.8356799428,False,False,1906-05-28,94954.6921962492,74359486.61934103,Earth
2329520,329520 (2002 SV),https://ssd.jpl.nasa.gov/tools/sbdb_lookup.html#/?sstr=2329520,19.86,0.283501249,0.6339280645,False,False,1904-09-12,42418.0799206229,27925737.253787815,Earth
2329614,329614 (2003 KU2),https://ssd.jpl.nasa.gov/tools/sbdb_lookup.html#/?sstr=2329614,17.77,0.742258153,1.659739687,True,False,1902-11-09,64056.2448992756,24374643.169031342,Earth
2329713,329713 (2003 WO7),https://ssd.jpl.nasa.gov/tools/sbdb_lookup.html#/?sstr=2329713,18.81,0.4597851883,1.028110936,False,False,1924-05-17,30447.3699456706,9947916.314430032,Mars
2331471,331471 (1984 QY1),https://ssd.jpl.nasa.gov/tools/sbdb_lookup.html#/?sstr=2331471,15.52,2.091967709,4.6777820041,False,False,1902-06-28,148492.9916438749,19510922.979109337,Venus
2332446,332446 (2008 AF4),https://ssd.jpl.nasa.gov/tools/sbdb_lookup.html#/?sstr=2332446,19.68,0.3080030213,0.6887156928,True,False,1900-08-13,49134.4688480987,18629730.877832839,Earth
2333480,333480 (2004 TC10),https://ssd.jpl.nasa.gov/tools/sbdb_lookup.html#/?sstr=2333480,20.28,0.233644185,0.5224442801,False,False,1902-11-08,41105.0185223198,24308734.132335453,Earth
2329343,329343 (2001 QG96),https://ssd.jpl.nasa.gov/tools/sbdb_lookup.html#/?sstr=2329343,20.14,0.2492039814,0.5572370428,False,False,1905-09-16,44097.5225826724,38682157.455721536,Earth
2329669,329669 (2003 UD8),https://ssd.jpl.nasa.gov/tools/sbdb_lookup.html#/?sstr=2329669,16.72,1.2038017674,2.6917825833,False,False,1920-08-27,11063.6050325564,230033178.187236786,Juptr
2329774,329774 (2004 LE),https://ssd.jpl.nasa.gov/tools/sbdb_lookup.html#/?sstr=2329774,16.73,1.1982708007,2.6794149658,False,False,1911-04-01,42037.0275158255,219547236.020590645,Juptr
2330233,330233 (2006 KV86),https://ssd.jpl.nasa.gov/tools/sbdb_lookup.html#/?sstr=2330233,18.82,0.4576726672,1.0233871954,True,False,1966-11-11,83969.3096705819,27569753.474185613,Earth
2330809,330809 (2008 VK14),https://ssd.jpl.nasa.gov/tools/sbdb_lookup.html#/?sstr=2330809,19.3,0.3669061375,0.8204270649,False,False,1918-11-17,60290.962542072,22581111.567960321,Earth
2331769,331769 (2003 BQ35),https://ssd.jpl.nasa.gov/tools/sbdb_lookup.html#/?sstr=2331769,19.85,0.2848098313,0.6368541435,False,False,1919-12-11,14426.0656548908,13959706.763713055,Mars
2331792,331792 (2003 MT2),https://ssd.jpl.nasa.gov/tools/sbdb_lookup.html#/?sstr=2331792,15.9,1.7561231848,3.9268108181,False,False,1966-08-26,23958.4157840623,298583170.546428407,Juptr
2333311,333311 (2001 MR3),https://ssd.jpl.nasa.gov/tools/sbdb_lookup.html#/?sstr=2333311,19.07,0.407901194,0.912094798,False,False,1910-06-21,9861.5144203306,46915029.12540987,Earth
2333478,333478 (2004 SD20),https://ssd.jpl.nasa.gov/tools/sbdb_lookup.html#/?sstr=2333478,18.05,0.6524616298,1.4589485569,False,False,1917-10-15,64100.5066616987,27480399.010509714,Earth
2333510,333510 (2005 MD),https://ssd.jpl.nasa.gov/tools/sbdb_lookup.html#/?sstr=2333510,18.82,0.4576726672,1.0233871954,False,False,1903-02-21,66493.4217539558,6316655.01998797,Venus
2329340,329340 (2001 LM5),https://ssd.jpl.nasa.gov/tools/sbdb_lookup.html#/?sstr=2329340,19.32,0.3635423218,0.8129053443,False,False,,,,
2329395,329395 (2002 AC),https://ssd.jpl.nasa.gov/tools/sbdb_lookup.html#/?sstr=2329395,17.77,0.742258153,1.659739687,False,False,1914-06-03,83866.8083467252,18517623.834752048,Earth
2329571,329571 (2002 VC92),https://ssd.jpl.nasa.gov/tools/sbdb_lookup.html#/?sstr=2329571,18.93,0.4350658314,0.9728367737,False,False,1912-11-30,54073.5648533633,22551660.025856403,Earth
2330825,330825 (2008 XE3),https://ssd.jpl.nasa.gov/tools/sbdb_lookup.html#/?sstr=2330825,16.42,1.3821493588,3.0905799213,False,False,1909-07-13,10594.4528341045,223105895.284592805,Juptr
2331963,331963 (2004 XK35),https://ssd.jpl.nasa.gov/tools/sbdb_lookup.html#/?sstr=2331963,17.66,0.7808272775,1.7459828712,False,False,1976-12-26,59198.5708477517,12344391.090213247,Mars
2331990,331990 (2005 FD),https://ssd.jpl.nasa.gov/tools/sbdb_lookup.html#/?sstr=2331990,19.76,0.2968622513,0.6638041738,False,False,1915-05-15,27374.1988723907,27387510.386913787,Earth
2331999,331999 (2005 HA8),https://ssd.jpl.nasa.gov/tools/sbdb_lookup.html#/?sstr=2331999,19.29,0.3685996993,0.8242139842,False,False,1904-06-30,25228.0033014235,34063840.095072173,Earth
2333358,333358 (2001 WN1),https://ssd.jpl.nasa.gov/tools/sbdb_lookup.html#/?sstr=2333358,19.64,0.313729225,0.7015198735,False,False,1931-11-09,33185.15704047,19542693.138600385,Earth
2333521,333521 (2005 PO),https://ssd.jpl.nasa.gov/tools/sbdb_lookup.html#/?sstr=2333521,20.09,0.2550086879,0.5702167609,True,False,1956-02-13,33070.173069124,28703665.161757518,Earth
2329390,329390 (2001 YP2),https://ssd.jpl.nasa.gov/tools/sbdb_lookup.html#/?sstr=2329390,19.35,0.3585543342,0.8017518649,False,False,1916-08-03,57176.1979584509,67675151.255968529,Earth
2329437,329437 (2002 OA22),https://ssd.jpl.nasa.gov/tools/sbdb_lookup.html#/?sstr=2329437,19.41,0.3487827332,0.7799019007,True,False,1906-05-12,17195.9820074578,23127634.145358607,Earth
2329770,329770 (2004 JA),https://ssd.jpl.nasa.gov/tools/sbdb_lookup.html#/?sstr=2329770,17.94,0.6863647587,1.5347582577,False,False,1914-05-08,93428.2368765403,26273102.222447392,Earth
2329915,329915 (2005 MB),https://ssd.jpl.nasa.gov/tools/sbdb_lookup.html#/?sstr=2329915,17.05,1.0340819954,2.312277636,False,False,1903-07-22,136308.0629584548,11969952.318976365,Venus
2330659,330659 (2008 GG2),https://ssd.jpl.nasa.gov/tools/sbdb_lookup.html#/?sstr=2330659,23.01,0.0664591797,0.1486072436,False,False,1976-04-11,27463.9873118752,28972234.612459851,Earth
2331509,331509 (1999 YA),https://ssd.jpl.nasa.gov/tools/sbdb_lookup.html#/?sstr=2331509,18.23,0.6005580277,1.3428885744,False,False,1919-09-09,59336.0814330065,12770565.63690733,Mars
2331510,331510 (2000 AE6),https://ssd.jpl.nasa.gov/tools/sbdb_lookup.html#/?sstr=2331510,17.65,0.7844314124,1.7540419619,False,False,1934-12-09,10411.5757278427,223716521.955506069,Juptr
2331876,331876 (2004 CL),https://ssd.jpl.nasa.gov/tools/sbdb_lookup.html#/?sstr=2331876,20.56,0.2053784995,0.459240286,True,False,1905-01-28,83387.3714479595,28486812.801738423,Earth
2332408,332408 (2007 MM13),https://ssd.jpl.nasa.gov/tools/sbdb_lookup.html#/?sstr=2332408,17.82,0.7253622947,1.6219593992,False,False,1919-07-11,121434.1005902497,19400731.806030062,Venus
2332775,332775 (2009 VO24),https://ssd.jpl.nasa.gov/tools/sbdb_lookup.html#/?sstr=2332775,19.7,0.3051792326,0.6824015094,False,False,1906-04-27,53338.7135993396,21683558.830269356,Earth
2333284,333284 (1999 PJ1),https://ssd.jpl.nasa.gov/tools/sbdb_lookup.html#/?sstr=2333284,18.09,0.6405528629,1.4323197447,False,False,1902-01-04,64616.5982016428,8367208.193301988,Mars
2333555,333555 (2005 VY17),https://ssd.jpl.nasa.gov/tools/sbdb_lookup.html#/?sstr=2333555,17.4,0.8801465209,1.9680674509,False,False,,,,
2333578,333578 (2006 KM103),https://ssd.jpl.nasa.gov/tools/sbdb_lookup.html#/?sstr=2333578,20.18,0.2446554962,0.5470663205,True,False,1933-10-17,35036.4776718419,22602652.165261621,Earth
2337084,337084 (1998 SE36),https://ssd.jpl.nasa.gov/tools/sbdb_lookup.html#/?sstr=2337084,19.76,0.2968622513,0.6638041738,False,False,1900-06-08,13496.4862753065,48343569.55440748,Earth
2337345,337345 (2001 KO20),https://ssd.jpl.nasa.gov/tools/sbdb_lookup.html#/?sstr=2337345,20.67,0.1952337862,0.4365560173,False,False,1900-05-31,27710.5019208674,38175351.990824225,Earth
2338049,338049 (2002 NY31),https://ssd.jpl.nasa.gov/tools/sbdb_lookup.html#/?sstr=2338049,17.29,0.9258805834,2.0703319235,False,False,,,,
2338172,338172 (2002 RV112),https://ssd.jpl.nasa.gov/tools/sbdb_lookup.html#/?sstr=2338172,17.41,0.876102615,1.9590250023,False,False,2035-10-12,39744.2127825364,27239519.377555031,Earth
2333755,333755 (2010 VC1),https://ssd.jpl.nasa.gov/tools/sbdb_lookup.html#/?sstr=2333755,19.33,0.3618719966,0.8091703835,False,False,,,,
2333888,333888 (1998 ST4),https://ssd.jpl.nasa.gov/tools/sbdb_lookup.html#/?sstr=2333888,16.81,1.1549281758,2.5824979103,False,False,1912-09-25,26318.4632432452,270708814.281789301,Juptr
2334412,334412 (2002 EZ2),https://ssd.jpl.nasa.gov/tools/sbdb_lookup.html#/?sstr=2334412,20.32,0.229379698,0.5129085974,False,False,1938-09-23,24394.275911167,28281573.754287002,Earth
2337069,337069 (1998 FX134),https://ssd.jpl.nasa.gov/tools/sbdb_lookup.html#/?sstr=2337069,18.67,0.4904050984,1.0965791366,False,False,1903-02-02,35687.2447520718,11169189.388215613,Mars
2337075,337075 (1998 QC1),https://ssd.jpl.nasa.gov/tools/sbdb_lookup.html#/?sstr=2337075,19.81,0.2901048414,0.648694146,True,False,1903-12-13,41361.6306724121,30146565.565095363,Earth
2337118,337118 (1999 TX2),https://ssd.jpl.nasa.gov/tools/sbdb_lookup.html#/?sstr=2337118,18.36,0.5656593584,1.2648527775,False,False,1902-04-03,124859.180958349,52459837.360924063,Earth
2337248,337248 (2000 RH60),https://ssd.jpl.nasa.gov/tools/sbdb_lookup.html#/?sstr=2337248,20.08,0.2561857545,0.5728487619,False,False,1901-10-05,51559.1157345574,34195867.276366637,Earth
2337558,337558 (2001 SG262),https://ssd.jpl.nasa.gov/tools/sbdb_lookup.html#/?sstr=2337558,19.44,0.3439972547,0.7692012455,True,False,1900-03-14,75576.0670628346,37920766.470296308,Earth
2338176,338176 (2002 RC118),https://ssd.jpl.nasa.gov/tools/sbdb_lookup.html#/?sstr=2338176,16.83,1.1443397307,2.5588214272,False,False,1910-11-05,54098.584375171,68581918.848456819,Earth
2338292,338292 (2002 UA31),https://ssd.jpl.nasa.gov/tools/sbdb_lookup.html#/?sstr=2338292,19.11,0.4004561582,0.8954471917,False,False,1913-04-05,124610.8412285536,6627891.234313642,Merc
2333707,333707 (2008 YT30),https://ssd.jpl.nasa.gov/tools/sbdb_lookup.html#/?sstr=2333707,19.42,0.3471802221,0.776318577,False,False,1909-05-28,37416.0891388543,24496575.291580975,Earth
2333889,333889 (1998 SV4),https://ssd.jpl.nasa.gov/tools/sbdb_lookup.html#/?sstr=2333889,18.24,0.5977987142,1.3367185619,False,False,1933-06-16,221477.2982141548,14510577.687438844,Merc
2334673,334673 (2003 AL18),https://ssd.jpl.nasa.gov/tools/sbdb_lookup.html#/?sstr=2334673,17.98,0.67383719,1.5067457626,False,False,1909-02-16,50822.3440921849,25876924.322575933,Earth
2335758,335758 (2007 EM88),https://ssd.jpl.nasa.gov/tools/sbdb_lookup.html#/?sstr=2335758,19.68,0.3080030213,0.6887156928,False,False,1983-01-09,22893.2550185849,7090626.931963819,Mars
2337053,337053 (1996 XW1),https://ssd.jpl.nasa.gov/tools/sbdb_lookup.html#/?sstr=2337053,19.04,0.4135756649,0.9247833005,False,False,,,,
2338347,338347 (2002 XG4),https://ssd.jpl.nasa.gov/tools/sbdb_lookup.html#/?sstr=2338347,18.31,0.5788352575,1.2943149835,False,False,,,,
2333908,333908 (1999 TN12),https://ssd.jpl.nasa.gov/tools/sbdb_lookup.html#/?sstr=2333908,17.86,0.7121229407,1.5923553038,False,False,1916-10-22,73344.7853777322,28187109.565924235,Earth
2335746,335746 (2007 EJ26),https://ssd.jpl.nasa.gov/tools/sbdb_lookup.html#/?sstr=2335746,18.32,0.5761757511,1.2883681464,False,False,,,,
2337119,337119 (1999 TK12),https://ssd.jpl.nasa.gov/tools/sbdb_lookup.html#/?sstr=2337119,18.6,0.5064714588,1.1325046106,False,False,2059-03-07,54728.6737602888,29854610.167526132,Earth
2337252,337252 (2000 SD8),https://ssd.jpl.nasa.gov/tools/sbdb_lookup.html#/?sstr=2337252,20.82,0.1822027706,0.4074177807,False,False,1904-04-09,32381.3898279329,30760235.49051825,Earth
2337557,337557 (2001 SF262),https://ssd.jpl.nasa.gov/tools/sbdb_lookup.html#/?sstr=2337557,18.61,0.5041444339,1.1273012246,False,False,1935-09-13,81510.2161394116,73321863.346478246,Earth
2337866,337866 (2001 WL15),https://ssd.jpl.nasa.gov/tools/sbdb_lookup.html#/?sstr=2337866,18.8,0.4619074603,1.0328564805,False,False,1901-02-06,27034.0679364834,17736530.764968459,Earth
2338567,338567 (2003 SJ84),https://ssd.jpl.nasa.gov/tools/sbdb_lookup.html#/?sstr=2338567,19.35,0.3585543342,0.8017518649,False,False,,,,
2339492,339492 (2005 GQ21),https://ssd.jpl.nasa.gov/tools/sbdb_lookup.html#/?sstr=2339492,18.39,0.5578982211,1.2474983468,False,False,1918-05-19,65618.3462797415,4595791.915690492,Mars
2343166,343166 (2009 SO103),https://ssd.jpl.nasa.gov/tools/sbdb_lookup.html#/?sstr=2343166,17.42,0.8720772891,1.9500241,False,False,1905-02-27,75036.7076364882,61243643.024800178,Earth
2344133,344133 (2000 AD6),https://ssd.jpl.nasa.gov/tools/sbdb_lookup.html#/?sstr=2344133,18.67,0.4904050984,1.0965791366,False,False,,,,
2344143,344143 (2000 JQ3),https://ssd.jpl.nasa.gov/tools/sbdb_lookup.html#/?sstr=2344143,18.4,0.5553349116,1.2417666126,False,False,1906-03-13,8715.5057062088,244898785.504103185,Juptr
2345646,345646 (2006 TN),https://ssd.jpl.nasa.gov/tools/sbdb_lookup.html#/?sstr=2345646,19.74,0.2996090839,0.6699462782,False,False,1932-12-01,30472.7914875909,74480900.99862238,Earth
2340291,340291 (2006 CV),https://ssd.jpl.nasa.gov/tools/sbdb_lookup.html#/?sstr=2340291,19.88,0.2809020939,0.6281161771,False,False,1903-02-26,55709.7712195756,8527987.741135351,Earth
2340666,340666 (2006 RO36),https://ssd.jpl.nasa.gov/tools/sbdb_lookup.html#/?sstr=2340666,17.79,0.7354530894,1.644523102,False,False,1900-12-18,51144.6405745505,22268369.127480554,Earth
2341816,341816 (2007 YK),https://ssd.jpl.nasa.gov/tools/sbdb_lookup.html#/?sstr=2341816,17.54,0.8251919385,1.845185269,False,False,,,,
2343098,343098 (2009 DV42),https://ssd.jpl.nasa.gov/tools/sbdb_lookup.html#/?sstr=2343098,18.66,0.4926687055,1.1016407159,False,False,1933-01-17,38500.4970007301,40870857.305679599,Earth
2344074,344074 (1997 UH9),https://ssd.jpl.nasa.gov/tools/sbdb_lookup.html#/?sstr=2344074,19.0,0.4212646106,0.9419763057,False,False,1902-03-04,93901.9894649312,9866185.014134232,Merc
2339714,339714 (2005 ST1),https://ssd.jpl.nasa.gov/tools/sbdb_lookup.html#/?sstr=2339714,20.36,0.2251930467,0.5035469604,False,False,1991-10-16,41328.2868587741,27334862.677800853,Earth
2339715,339715 (2005 SS4),https://ssd.jpl.nasa.gov/tools/sbdb_lookup.html#/?sstr=2339715,18.97,0.4271249851,0.9550805015,False,False,1903-01-05,86626.8143667486,36940371.0846931,Earth
2343158,343158 Marsyas (2009 HC82),https://ssd.jpl.nasa.gov/tools/sbdb_lookup.html#/?sstr=2343158,16.31,1.4539684294,3.2511722452,False,False,1924-06-26,264514.3154818765,17724621.218698611,Venus
2344756,344756 (2003 VO2),https://ssd.jpl.nasa.gov/tools/sbdb_lookup.html#/?sstr=2344756,20.75,0.1881719895,0.42076536,False,False,1902-12-06,16508.7697428166,41686218.385549413,Earth
2340048,340048 (2005 VT5),https://ssd.jpl.nasa.gov/tools/sbdb_lookup.html#/?sstr=2340048,19.04,0.4135756649,0.9247833005,False,False,1945-04-29,44920.6033476852,26389152.515783513,Earth
2341050,341050 (2007 HZ),https://ssd.jpl.nasa.gov/tools/sbdb_lookup.html#/?sstr=2341050,20.42,0.219055911,0.4898239078,False,False,1906-06-09,24838.8575629866,74567366.069197951,Earth
2341843,341843 (2008 EV5),https://ssd.jpl.nasa.gov/tools/sbdb_lookup.html#/?sstr=2341843,20.05,0.2597496533,0.580817882,True,False,1900-07-30,17632.0164153715,22583893.460031267,Earth
2342866,342866 (2008 YU32),https://ssd.jpl.nasa.gov/tools/sbdb_lookup.html#/?sstr=2342866,20.24,0.2379879547,0.5321572445,True,False,1905-11-11,72867.0417509866,9762496.112474507,Earth
2344076,344076 (1998 HJ3),https://ssd.jpl.nasa.gov/tools/sbdb_lookup.html#/?sstr=2344076,18.99,0.4232090797,0.9463242708,True,False,1911-07-20,65477.7322729769,20539536.67537201,Venus
2345705,345705 (2006 VB14),https://ssd.jpl.nasa.gov/tools/sbdb_lookup.html#/?sstr=2345705,18.58,0.5111577815,1.1429835468,False,False,1901-09-27,117381.7220340049,4918774.001256445,Merc
2345722,345722 (2007 BG29),https://ssd.jpl.nasa.gov/tools/sbdb_lookup.html#/?sstr=2345722,18.23,0.6005580277,1.3428885744,False,False,1901-11-29,39376.826469274,22853594.394223345,Earth
2347634,347634 (2001 SW269),https://ssd.jpl.nasa.gov/tools/sbdb_lookup.html#/?sstr=2347634,19.65,0.3122877701,0.6982966825,False,False,1917-04-14,53931.2719227394,14870421.391282786,Mars
2349074,349074 (2007 BM8),https://ssd.jpl.nasa.gov/tools/sbdb_lookup.html#/?sstr=2349074,18.39,0.5578982211,1.2474983468,False,False,1903-03-20,117203.320879749,10021081.969804946,Merc
2350523,350523 (2000 EA14),https://ssd.jpl.nasa.gov/tools/sbdb_lookup.html#/?sstr=2350523,21.16,0.1557955241,0.3483693825,True,False,1902-01-09,16788.0995091023,9477644.728797114,Earth
2350536,350536 (2000 QY69),https://ssd.jpl.nasa.gov/tools/sbdb_lookup.html#/?sstr=2350536,20.0,0.2658,0.5943468684,False,False,1971-09-08,43176.2761583046,10004640.191505791,Mars
2348314,348314 (2005 BC),https://ssd.jpl.nasa.gov/tools/sbdb_lookup.html#/?sstr=2348314,18.0,0.6676594135,1.4929318344,True,False,1912-07-19,57329.6305019306,17452025.595641607,Earth
2348776,348776 (2006 KZ37),https://ssd.jpl.nasa.gov/tools/sbdb_lookup.html#/?sstr=2348776,19.19,0.385971268,0.8630579925,False,False,1926-06-30,50804.8929113972,27266353.989159252,Earth
2349219,349219 (2007 SV11),https://ssd.jpl.nasa.gov/tools/sbdb_lookup.html#/?sstr=2349219,18.13,0.6288614556,1.4061769631,False,False,1902-06-26,82386.5666451325,32624528.065922444,Earth
2349928,349928 (2009 WD106),https://ssd.jpl.nasa.gov/tools/sbdb_lookup.html#/?sstr=2349928,18.47,0.5377184977,1.2023751136,False,False,1912-10-29,92588.4737367289,5039646.656730951,Merc
2350462,350462 (1998 KG3),https://ssd.jpl.nasa.gov/tools/sbdb_lookup.html#/?sstr=2350462,22.1,0.1010543415,0.2259643771,False,False,1903-09-28,14425.4704706755,32229489.204233165,Earth
2348304,348304 (2005 AN19),https://ssd.jpl.nasa.gov/tools/sbdb_lookup.html#/?sstr=2348304,17.84,0.7187121332,1.607089186,False,False,,,,
2348306,348306 (2005 AY28),https://ssd.jpl.nasa.gov/tools/sbdb_lookup.html#/?sstr=2348306,21.51,0.1326034968,0.2965104328,True,False,1900-02-05,62495.6342031806,5100071.181196261,Earth
2348400,348400 (2005 JF21),https://ssd.jpl.nasa.gov/tools/sbdb_lookup.html#/?sstr=2348400,17.25,0.9430939886,2.1088222676,True,False,1952-08-21,32382.645110631,10528815.749324755,Earth
2348595,348595 (2005 XE1),https://ssd.jpl.nasa.gov/tools/sbdb_lookup.html#/?sstr=2348595,19.05,0.4116754573,0.9205343072,False,False,,,,
2349068,349068 (2006 YT13),https://ssd.jpl.nasa.gov/tools/sbdb_lookup.html#/?sstr=2349068,18.3,0.5815070396,1.30028927,True,False,1920-07-22,85725.8781484964,7149397.128383734,Earth
2349925,349925 (2009 WC26),https://ssd.jpl.nasa.gov/tools/sbdb_lookup.html#/?sstr=2349925,17.34,0.9048049682,2.0232054153,False,False,1916-02-05,24299.5538860401,226920668.390882376,Juptr
2350513,350513 (2000 BG19),https://ssd.jpl.nasa.gov/tools/sbdb_lookup.html#/?sstr=2350513,18.06,0.6494638409,1.4522452972,False,False,1928-10-31,26732.2509020555,293230516.750746511,Juptr
2345813,345813 (2007 HX4),https://ssd.jpl.nasa.gov/tools/sbdb_lookup.html#/?sstr=2345813,17.8,0.7320739893,1.6369672047,False,False,1938-10-27,116887.2475893984,25774276.083539076,Earth
2345853,345853 (2007 PU11),https://ssd.jpl.nasa.gov/tools/sbdb_lookup.html#/?sstr=2345853,16.31,1.4539684294,3.2511722452,False,False,,,,
2347813,347813 (2002 NP1),https://ssd.jpl.nasa.gov/tools/sbdb_lookup.html#/?sstr=2347813,17.64,0.7880521833,1.7621382518,False,False,1918-12-01,32673.2149152167,6090118.8158491,Mars
2348461,348461 (2005 SH19),https://ssd.jpl.nasa.gov/tools/sbdb_lookup.html#/?sstr=2348461,17.08,1.0198938585,2.2805519975,False,False,1916-02-27,39443.8836209612,183590174.532887714,Juptr
2349063,349063 (2006 XA),https://ssd.jpl.nasa.gov/tools/sbdb_lookup.html#/?sstr=2349063,17.45,0.8601119401,1.9232687664,False,False,1904-07-08,11098.0490714966,255462870.776374454,Juptr
2349507,349507 (2008 QY),https://ssd.jpl.nasa.gov/tools/sbdb_lookup.html#/?sstr=2349507,18.5,0.5303407233,1.1858779086,True,False,1902-10-14,103887.0768335821,44256837.648233708,Earth
2350713,350713 (2001 XP88),https://ssd.jpl.nasa.gov/tools/sbdb_lookup.html#/?sstr=2350713,20.73,0.1899131235,0.4246586539,False,False,1902-01-10,25877.1030192541,69133899.937975878,Earth
2350964,350964 (2003 BT35),https://ssd.jpl.nasa.gov/tools/sbdb_lookup.html#/?sstr=2350964,18.78,0.4661814374,1.0424133839,False,False,,,,
2352102,352102 (2007 AG12),https://ssd.jpl.nasa.gov/tools/sbdb_lookup.html#/?sstr=2352102,19.26,0.3737274319,0.8356799428,True,False,1925-06-06,80639.7601658598,12636847.655606765,Mars
2353190,353190 (2009 ST),https://ssd.jpl.nasa.gov/tools/sbdb_lookup.html#/?sstr=2353190,19.84,0.2861244538,0.6397937287,False,False,1909-01-25,9757.5630306663,56378621.617645126,Earth
2353938,353938 (1998 QR15),https://ssd.jpl.nasa.gov/tools/sbdb_lookup.html#/?sstr=2353938,18.33,0.573528464,1.2824486324,False,False,1945-11-27,12177.351199286,203150730.973627355,Juptr
2353947,353947 (1999 CT8),https://ssd.jpl.nasa.gov/tools/sbdb_lookup.html#/?sstr=2353947,18.77,0.4683332331,1.0472249454,False,False,1928-11-28,100261.2006729022,21222469.861092778,Venus
2354101,354101 (2001 YF1),https://ssd.jpl.nasa.gov/tools/sbdb_lookup.html#/?sstr=2354101,19.27,0.3720103103,0.8318403423,False,False,1906-06-20,47523.3835552315,19642286.738729712,Earth
2354332,354332 (2003 AD1),https://ssd.jpl.nasa.gov/tools/sbdb_lookup.html#/?sstr=2354332,18.26,0.5923180627,1.3244634524,False,False,,,,
2356285,356285 (2010 DE),https://ssd.jpl.nasa.gov/tools/sbdb_lookup.html#/?sstr=2356285,17.33,0.9089813582,2.0325441072,False,False,1957-09-17,49194.7185221716,10566170.786257365,Mars
2356394,356394 (2010 QD2),https://ssd.jpl.nasa.gov/tools/sbdb_lookup.html#/?sstr=2356394,17.46,0.8561600847,1.9144321491,False,False,1906-02-07,22988.091966879,245180669.240034453,Juptr
2356991,356991 (1998 QA1),https://ssd.jpl.nasa.gov/tools/sbdb_lookup.html#/?sstr=2356991,19.07,0.407901194,0.912094798,True,False,1937-04-30,58835.8414435968,41181850.82738077,Earth
2357022,357022 (1999 YG3),https://ssd.jpl.nasa.gov/tools/sbdb_lookup.html#/?sstr=2357022,19.07,0.407901194,0.912094798,True,False,1901-01-18,67992.5095356254,19135446.163212312,Earth
2357024,357024 (1999 YR14),https://ssd.jpl.nasa.gov/tools/sbdb_lookup.html#/?sstr=2357024,19.47,0.3392774354,0.7586474087,True,False,1906-08-06,25993.2951913367,12323678.696639841,Mars
2351340,351340 (2004 YC5),https://ssd.jpl.nasa.gov/tools/sbdb_lookup.html#/?sstr=2351340,18.12,0.6317641482,1.4126675811,False,False,1905-08-13,52898.6434628999,31372992.794135202,Earth
2351508,351508 (2005 RN33),https://ssd.jpl.nasa.gov/tools/sbdb_lookup.html#/?sstr=2351508,19.77,0.2954982931,0.6607542706,False,False,1900-11-05,8175.612759831,48053779.33169012,Earth
2351815,351815 (2006 OF15),https://ssd.jpl.nasa.gov/tools/sbdb_lookup.html#/?sstr=2351815,18.34,0.57089334,1.2765563162,False,False,2097-08-04,43044.5690560505,14118368.918254225,Mars
2354127,354127 (2002 BP26),https://ssd.jpl.nasa.gov/tools/sbdb_lookup.html#/?sstr=2354127,19.3,0.3669061375,0.8204270649,False,False,1918-03-02,68713.6023278212,24475348.02701839,Earth
2354663,354663 (2005 LY19),https://ssd.jpl.nasa.gov/tools/sbdb_lookup.html#/?sstr=2354663,16.25,1.4947032424,3.3422580561,False,False,,,,
2354952,354952 (2006 FJ9),https://ssd.jpl.nasa.gov/tools/sbdb_lookup.html#/?sstr=2354952,19.23,0.3789264984,0.8473054089,False,False,1902-06-22,14200.873692828,26956639.200131267,Earth
2355256,355256 Margarethekahn (2007 KN4),https://ssd.jpl.nasa.gov/tools/sbdb_lookup.html#/?sstr=2355256,16.78,1.1709948272,2.6184240349,False,False,1929-06-08,40462.5752783348,28862597.340454038,Earth
2357005,357005 (1999 HA2),https://ssd.jpl.nasa.gov/tools/sbdb_lookup.html#/?sstr=2357005,17.99,0.6707411893,1.4998228946,False,False,1903-01-25,48819.9374084462,20342251.178196583,Earth
2357028,357028 (2000 EJ26),https://ssd.jpl.nasa.gov/tools/sbdb_lookup.html#/?sstr=2357028,19.46,0.3408434689,0.7621491661,True,False,1901-03-27,85049.6375906496,16599771.018187707,Earth
2350751,350751 (2002 AW),https://ssd.jpl.nasa.gov/tools/sbdb_lookup.html#/?sstr=2350751,20.82,0.1822027706,0.4074177807,True,False,1908-04-02,26261.3129870084,3971248.917880265,Earth
2350988,350988 (2003 GW),https://ssd.jpl.nasa.gov/tools/sbdb_lookup.html#/?sstr=2350988,16.84,1.1390819672,2.5470647106,False,False,1979-04-30,87262.5514848235,5937115.559775568,Mars
2351331,351331 (2004 XH29),https://ssd.jpl.nasa.gov/tools/sbdb_lookup.html#/?sstr=2351331,18.94,0.4330668855,0.9683669947,False,False,1907-10-24,71500.1399119037,1055196.295295092,Venus
2351370,351370 (2005 EY),https://ssd.jpl.nasa.gov/tools/sbdb_lookup.html#/?sstr=2351370,17.18,0.9739910734,2.1779102496,False,False,1925-04-08,190341.495825737,13958767.319009029,Merc
2354876,354876 (2006 BG55),https://ssd.jpl.nasa.gov/tools/sbdb_lookup.html#/?sstr=2354876,18.45,0.5426939457,1.2135005535,False,False,1910-07-06,80424.895209003,18603443.345639208,Venus
2355046,355046 (2006 SO19),https://ssd.jpl.nasa.gov/tools/sbdb_lookup.html#/?sstr=2355046,19.63,0.3151773333,0.7047579421,False,False,1905-03-08,21942.9902055442,57232848.508376893,Earth
2355770,355770 (2008 RE80),https://ssd.jpl.nasa.gov/tools/sbdb_lookup.html#/?sstr=2355770,18.35,0.5682703234,1.2706910727,False,False,1932-03-29,36105.3596234362,25353877.480686119,Earth
2351278,351278 (2004 SB20),https://ssd.jpl.nasa.gov/tools/sbdb_lookup.html#/?sstr=2351278,18.87,0.4472547654,1.0000920588,False,False,1933-08-15,68402.0945526833,20866016.942570256,Venus
2351545,351545 (2005 TE15),https://ssd.jpl.nasa.gov/tools/sbdb_lookup.html#/?sstr=2351545,19.81,0.2901048414,0.648694146,False,False,1910-04-15,35405.5590879687,27282870.267197667,Earth
2352143,352143 (2007 LR32),https://ssd.jpl.nasa.gov/tools/sbdb_lookup.html#/?sstr=2352143,17.16,0.9830033019,2.1980622051,False,False,1920-05-11,9535.7481219305,250474927.462282488,Juptr
2354030,354030 (2001 RB18),https://ssd.jpl.nasa.gov/tools/sbdb_lookup.html#/?sstr=2354030,18.61,0.5041444339,1.1273012246,False,False,1904-09-18,26558.547902231,17317160.55771303,Earth
2354182,354182 (2002 DU3),https://ssd.jpl.nasa.gov/tools/sbdb_lookup.html#/?sstr=2354182,20.77,0.1864468183,0.41690776,True,False,1904-03-19,28573.0373844527,2893281.687521632,Earth
2354713,354713 (2005 SG19),https://ssd.jpl.nasa.gov/tools/sbdb_lookup.html#/?sstr=2354713,16.83,1.1443397307,2.5588214272,False,False,1917-04-14,22873.7914762224,289915966.593637233,Juptr
2357621,357621 (2005 EG94),https://ssd.jpl.nasa.gov/tools/sbdb_lookup.html#/?sstr=2357621,18.83,0.4555698523,1.0186851583,False,False,1900-08-02,48493.7924767232,12594934.730610143,Earth
2359242,359242 (2009 FT),https://ssd.jpl.nasa.gov/tools/sbdb_lookup.html#/?sstr=2359242,19.02,0.4174024334,0.933340215,False,False,1907-01-19,82990.1082847835,7682813.855265356,Merc
2360191,360191 (1988 TA),https://ssd.jpl.nasa.gov/tools/sbdb_lookup.html#/?sstr=2360191,21.08,0.1616422833,0.3614431336,True,False,1902-06-10,34781.4438428673,8471760.379390122,Mars
2361518,361518 (2007 FD),https://ssd.jpl.nasa.gov/tools/sbdb_lookup.html#/?sstr=2361518,17.13,0.99667824,2.2286402963,False,False,1914-12-19,43879.9999397332,15871323.757624103,Earth
2363024,363024 (1998 OK1),https://ssd.jpl.nasa.gov/tools/sbdb_lookup.html#/?sstr=2363024,19.42,0.3471802221,0.776318577,True,False,1920-01-11,43817.2710343326,11847294.1082049,Earth
2363075,363075 (2000 OG8),https://ssd.jpl.nasa.gov/tools/sbdb_lookup.html#/?sstr=2363075,17.8,0.7320739893,1.6369672047,False,False,1933-01-14,10943.6333551952,272118120.284329957,Juptr
2363084,363084 (2000 RD53),https://ssd.jpl.nasa.gov/tools/sbdb_lookup.html#/?sstr=2363084,20.21,0.2412986969,0.5395602892,True,False,1921-10-11,29852.5189406788,14321338.29674158,Earth
2363599,363599 (2004 FG11),https://ssd.jpl.nasa.gov/tools/sbdb_lookup.html#/?sstr=2363599,21.05,0.1638909515,0.3664713084,True,False,1902-08-17,61542.2183721214,5972319.902930123,Mars
2363734,363734 (2004 XN50),https://ssd.jpl.nasa.gov/tools/sbdb_lookup.html#/?sstr=2363734,18.83,0.4555698523,1.0186851583,True,False,1900-02-16,113240.821059342,7553836.346229138,Merc
2365449,365449 (2010 NJ1),https://ssd.jpl.nasa.gov/tools/sbdb_lookup.html#/?sstr=2365449,20.28,0.233644185,0.5224442801,False,False,1909-06-12,82011.4098200935,40572841.159844336,Earth
2366733,366733 (2004 BG121),https://ssd.jpl.nasa.gov/tools/sbdb_lookup.html#/?sstr=2366733,19.06,0.4097839804,0.9163048363,False,False,1931-07-26,49227.4531183568,27717436.820564927,Earth
2366746,366746 (2004 LJ),https://ssd.jpl.nasa.gov/tools/sbdb_lookup.html#/?sstr=2366746,20.16,0.2469192656,0.5521282628,True,False,1900-12-26,53890.188713014,54119268.997493261,Earth
2366833,366833 (2005 MC),https://ssd.jpl.nasa.gov/tools/sbdb_lookup.html#/?sstr=2366833,16.72,1.2038017674,2.6917825833,False,False,1995-11-03,24640.6304672437,291803409.87325775,Juptr
2367684,367684 (2010 OS22),https://ssd.jpl.nasa.gov/tools/sbdb_lookup.html#/?sstr=2367684,18.07,0.6464798256,1.4455728362,False,False,1922-08-22,86510.0049119406,27450386.491353083,Earth
2368184,368184 (2000 RN77),https://ssd.jpl.nasa.gov/tools/sbdb_lookup.html#/?sstr=2368184,19.36,0.3569069267,0.7980681497,False,False,1900-11-07,51769.1063468362,4053066.775503647,Venus
2368664,368664 (2005 JA22),https://ssd.jpl.nasa.gov/tools/sbdb_lookup.html#/?sstr=2368664,18.69,0.4859090375,1.0865256386,False,False,1900-02-13,29839.9024886199,74153822.025788607,Earth
2368949,368949 (2006 YN),https://ssd.jpl.nasa.gov/tools/sbdb_lookup.html#/?sstr=2368949,19.6,0.3195618867,0.7145621017,False,False,,,,
2357594,357594 (2004 XL35),https://ssd.jpl.nasa.gov/tools/sbdb_lookup.html#/?sstr=2357594,19.63,0.3151773333,0.7047579421,True,False,1900-12-14,59638.9868192894,23316718.522742977,Earth
2358453,358453 (2007 EH88),https://ssd.jpl.nasa.gov/tools/sbdb_lookup.html#/?sstr=2358453,19.83,0.2874451443,0.6427468824,False,False,1901-11-07,46031.6797189042,13831953.743162361,Venus
2360192,360192 (1991 FB),https://ssd.jpl.nasa.gov/tools/sbdb_lookup.html#/?sstr=2360192,19.16,0.3913406631,0.8750643252,False,False,1905-05-19,13541.1034706175,214307574.28898846,Juptr
2361071,361071 (2006 AO4),https://ssd.jpl.nasa.gov/tools/sbdb_lookup.html#/?sstr=2361071,15.56,2.0537849952,4.5924028604,False,False,1915-08-16,71090.9423600634,48276747.372313111,Earth
2361538,361538 (2007 JZ20),https://ssd.jpl.nasa.gov/tools/sbdb_lookup.html#/?sstr=2361538,18.67,0.4904050984,1.0965791366,False,False,2023-09-09,57993.5968482517,11490105.377598996,Mars
2361611,361611 (2007 TY18),https://ssd.jpl.nasa.gov/tools/sbdb_lookup.html#/?sstr=2361611,18.31,0.5788352575,1.2943149835,False,False,,,,
2361754,361754 (2007 YV29),https://ssd.jpl.nasa.gov/tools/sbdb_lookup.html#/?sstr=2361754,19.18,0.3877528304,0.8670416872,True,False,1904-11-26,54078.8789475713,7936752.469724032,Earth
2363027,363027 (1998 ST27),https://ssd.jpl.nasa.gov/tools/sbdb_lookup.html#/?sstr=2363027,19.58,0.3225187565,0.7211738634,True,False,1906-04-07,92272.7575900498,1034645.901255109,Merc
2363069,363069 (2000 EV106),https://ssd.jpl.nasa.gov/tools/sbdb_lookup.html#/?sstr=2363069,19.65,0.3122877701,0.6982966825,False,False,2040-06-10,55055.3410747444,10314713.551668379,Mars
2363071,363071 (2000 GD147),https://ssd.jpl.nasa.gov/tools/sbdb_lookup.html#/?sstr=2363071,20.27,0.2347226375,0.5248557734,False,False,1901-05-20,53575.6111362749,20658315.484259061,Earth
2363626,363626 (2004 RA11),https://ssd.jpl.nasa.gov/tools/sbdb_lookup.html#/?sstr=2363626,18.92,0.437074004,0.9773271842,False,False,,,,
2365424,365424 (2010 KX7),https://ssd.jpl.nasa.gov/tools/sbdb_lookup.html#/?sstr=2365424,21.91,0.1102947845,0.2466266358,True,False,1944-05-15,72658.118530768,63614223.830466158,Earth
2366470,366470 (2002 FD),https://ssd.jpl.nasa.gov/tools/sbdb_lookup.html#/?sstr=2366470,19.48,0.3377185972,0.7551617405,False,False,2157-12-29,48701.4189070885,14194428.080670892,Mars
2367248,367248 (2007 MK13),https://ssd.jpl.nasa.gov/tools/sbdb_lookup.html#/?sstr=2367248,20.21,0.2412986969,0.5395602892,True,False,1899-12-31,37870.4107302739,38461716.168002206,Earth
2367638,367638 (2009 WR6),https://ssd.jpl.nasa.gov/tools/sbdb_lookup.html#/?sstr=2367638,18.33,0.573528464,1.2824486324,False,False,,,,
2367789,367789 (2011 AG5),https://ssd.jpl.nasa.gov/tools/sbdb_lookup.html#/?sstr=2367789,21.77,0.1176399894,0.2630510131,True,False,1903-10-28,44736.5998572728,12652275.16034732,Mars
2368790,368790 (2005 XK8),https://ssd.jpl.nasa.gov/tools/sbdb_lookup.html#/?sstr=2368790,19.88,0.2809020939,0.6281161771,False,False,1913-12-31,50231.195387762,53604013.137874112,Earth
2369057,369057 (2008 DK5),https://ssd.jpl.nasa.gov/tools/sbdb_lookup.html#/?sstr=2369057,21.32,0.1447288051,0.3236234466,True,False,1905-02-27,60473.9696400032,1244072.821398884,Venus
2369264,369264 (2009 MS),https://ssd.jpl.nasa.gov/tools/sbdb_lookup.html#/?sstr=2369264,16.34,1.4340192346,3.2065644897,True,False,1945-11-27,118373.1346072764,21800212.272297743,Earth
2369454,369454 (2010 NZ1),https://ssd.jpl.nasa.gov/tools/sbdb_lookup.html#/?sstr=2369454,19.09,0.4041615334,0.9037326626,False,False,1902-08-07,81588.516476918,44388726.840452884,Earth
2369983,369983 (1998 QB28),https://ssd.jpl.nasa.gov/tools/sbdb_lookup.html#/?sstr=2369983,20.15,0.2480589932,0.5546767711,False,False,2102-09-04,28972.1667200898,14238335.444470354,Mars
2373393,373393 (1972 RB),https://ssd.jpl.nasa.gov/tools/sbdb_lookup.html#/?sstr=2373393,19.18,0.3877528304,0.8670416872,False,False,1909-09-25,54255.1673384255,56611168.948436549,Earth
2373428,373428 (1999 TC5),https://ssd.jpl.nasa.gov/tools/sbdb_lookup.html#/?sstr=2373428,18.64,0.4972273129,1.1118340719,False,False,1956-10-31,73178.3463074208,13771890.587311823,Mars
2373579,373579 (2002 AW11),https://ssd.jpl.nasa.gov/tools/sbdb_lookup.html#/?sstr=2373579,19.14,0.3949616937,0.8831611957,False,False,1990-04-13,45526.8456754736,10503974.559257858,Mars
2369984,369984 (1998 QR52),https://ssd.jpl.nasa.gov/tools/sbdb_lookup.html#/?sstr=2369984,18.96,0.4290965044,0.9594889528,False,False,1900-11-29,60604.9532087227,53142615.084538327,Earth
2369986,369986 (1998 SO),https://ssd.jpl.nasa.gov/tools/sbdb_lookup.html#/?sstr=2369986,20.44,0.2170475943,0.4853331752,False,False,1903-10-05,73669.1800588229,29710310.81472494,Earth
2371660,371660 (2007 CN26),https://ssd.jpl.nasa.gov/tools/sbdb_lookup.html#/?sstr=2371660,21.09,0.1608996045,0.3597824532,True,False,1929-06-16,22025.2104221308,19751203.442675096,Earth
2373503,373503 (2001 CK42),https://ssd.jpl.nasa.gov/tools/sbdb_lookup.html#/?sstr=2373503,20.21,0.2412986969,0.5395602892,False,False,1908-04-01,31140.8752646209,13728343.215826729,Earth
2374158,374158 (2004 UL),https://ssd.jpl.nasa.gov/tools/sbdb_lookup.html#/?sstr=2374158,18.64,0.4972273129,1.1118340719,True,False,1900-10-31,123766.1365797043,7577452.85333328,Earth
2374267,374267 (2005 LW),https://ssd.jpl.nasa.gov/tools/sbdb_lookup.html#/?sstr=2374267,18.91,0.439091446,0.9818383215,False,False,1902-03-27,87264.6603646795,14040697.973426391,Venus
2357058,357058 (2001 OG25),https://ssd.jpl.nasa.gov/tools/sbdb_lookup.html#/?sstr=2357058,20.13,0.2503542548,0.5598091321,False,False,1927-08-10,20976.6292769279,23724544.576526033,Earth
2357439,357439 (2004 BL86),https://ssd.jpl.nasa.gov/tools/sbdb_lookup.html#/?sstr=2357439,19.29,0.3685996993,0.8242139842,True,False,1910-01-29,59133.7720028246,7266520.606919661,Earth
2357622,357622 (2005 EY95),https://ssd.jpl.nasa.gov/tools/sbdb_lookup.html#/?sstr=2357622,20.32,0.229379698,0.5129085974,True,False,1904-07-02,102460.488486512,58886465.260779404,Earth
2359592,359592 (2010 VA1),https://ssd.jpl.nasa.gov/tools/sbdb_lookup.html#/?sstr=2359592,20.06,0.2585562121,0.5781492662,False,False,1902-04-26,39641.1102357592,29113863.433844525,Earth
2361123,361123 (2006 GW2),https://ssd.jpl.nasa.gov/tools/sbdb_lookup.html#/?sstr=2361123,20.26,0.235806068,0.5272783976,False,False,1998-01-03,24461.6102213,5320040.966348925,Mars
2361532,361532 (2007 HF44),https://ssd.jpl.nasa.gov/tools/sbdb_lookup.html#/?sstr=2361532,19.26,0.3737274319,0.8356799428,False,False,1945-12-05,13230.235137632,28753406.588170601,Earth
2361861,361861 (2008 ED69),https://ssd.jpl.nasa.gov/tools/sbdb_lookup.html#/?sstr=2361861,16.98,1.0679599752,2.3880311019,False,False,1914-03-01,101061.4924016075,22106312.926384398,Venus
2362310,362310 (2009 UM3),https://ssd.jpl.nasa.gov/tools/sbdb_lookup.html#/?sstr=2362310,18.01,0.6645917971,1.4860724357,False,False,1906-03-25,110242.1287178136,27279116.258247887,Earth
2363067,363067 (2000 CO101),https://ssd.jpl.nasa.gov/tools/sbdb_lookup.html#/?sstr=2363067,19.21,0.3824326621,0.8551454293,True,False,1902-09-19,29908.8111044388,22907992.966887185,Earth
2363267,363267 (2002 GS),https://ssd.jpl.nasa.gov/tools/sbdb_lookup.html#/?sstr=2363267,20.05,0.2597496533,0.580817882,False,False,1947-05-09,43184.3222679883,27332485.522767192,Earth
2363305,363305 (2002 NV16),https://ssd.jpl.nasa.gov/tools/sbdb_lookup.html#/?sstr=2363305,21.42,0.1382149359,0.3090579921,True,False,1900-08-09,20500.2765572035,8715828.137431736,Earth
2363617,363617 (2004 KK17),https://ssd.jpl.nasa.gov/tools/sbdb_lookup.html#/?sstr=2363617,18.38,0.5604733623,1.2532565376,False,False,1956-03-03,113412.0621615134,20319141.374037918,Venus
2363814,363814 (2005 ND7),https://ssd.jpl.nasa.gov/tools/sbdb_lookup.html#/?sstr=2363814,17.97,0.6769474811,1.513700585,False,False,1917-07-01,123796.949805801,74001441.096854275,Earth
2365014,365014 (2008 OX2),https://ssd.jpl.nasa.gov/tools/sbdb_lookup.html#/?sstr=2365014,20.09,0.2550086879,0.5702167609,True,False,1902-09-06,82193.6093083128,24706968.808442181,Earth
2366615,366615 (2003 LO6),https://ssd.jpl.nasa.gov/tools/sbdb_lookup.html#/?sstr=2366615,16.85,1.133848361,2.5353620113,False,False,1930-01-08,30456.5449060448,114576541.005018167,Juptr
2366774,366774 (2004 TB18),https://ssd.jpl.nasa.gov/tools/sbdb_lookup.html#/?sstr=2366774,17.87,0.708851033,1.5850390958,True,False,1917-02-23,41214.0073869007,30713360.149857349,Earth
2369296,369296 (2009 SU19),https://ssd.jpl.nasa.gov/tools/sbdb_lookup.html#/?sstr=2369296,18.08,0.6435095206,1.4389310323,False,False,1903-07-19,45997.0053994714,279378040.827702449,Juptr
2370037,370037 (2000 SV20),https://ssd.jpl.nasa.gov/tools/sbdb_lookup.html#/?sstr=2370037,19.5,0.3346223745,0.7482383761,False,False,1904-09-28,56622.7598930467,40579823.625466799,Earth
2370061,370061 (2000 YO29),https://ssd.jpl.nasa.gov/tools/sbdb_lookup.html#/?sstr=2370061,17.82,0.7253622947,1.6219593992,False,False,1986-08-15,162468.973049351,21926015.957803402,Venus
2370688,370688 (2004 GD28),https://ssd.jpl.nasa.gov/tools/sbdb_lookup.html#/?sstr=2370688,17.38,0.8882904164,1.9862777548,False,False,,,,
2370702,370702 (2004 NC9),https://ssd.jpl.nasa.gov/tools/sbdb_lookup.html#/?sstr=2370702,17.47,0.8522263865,1.9056361323,False,False,1987-11-16,24371.1703530969,289716798.856061466,Juptr
2371336,371336 (2006 KD1),https://ssd.jpl.nasa.gov/tools/sbdb_lookup.html#/?sstr=2371336,17.38,0.8882904164,1.9862777548,False,False,1911-06-07,109106.4147062936,20938874.052338295,Venus
2373135,373135 (2011 SD173),https://ssd.jpl.nasa.gov/tools/sbdb_lookup.html#/?sstr=2373135,19.52,0.3315545381,0.7413784854,True,False,1909-03-23,76991.5072330549,43653275.183219075,Earth
2374038,374038 (2004 HW),https://ssd.jpl.nasa.gov/tools/sbdb_lookup.html#/?sstr=2374038,17.2,0.9650614696,2.1579430484,True,False,1918-11-24,17778.8046414655,118740590.984564017,Juptr
2374449,374449 (2005 XD1),https://ssd.jpl.nasa.gov/tools/sbdb_lookup.html#/?sstr=2374449,19.39,0.3520099801,0.7871182442,False,False,1909-01-11,35958.3087883366,28085181.161918244,Earth
2357311,357311 (2003 DC14),https://ssd.jpl.nasa.gov/tools/sbdb_lookup.html#/?sstr=2357311,16.71,1.2093582639,2.7042072872,False,False,1912-01-08,18814.4551757067,166318024.713024118,Juptr
2357414,357414 (2003 XE),https://ssd.jpl.nasa.gov/tools/sbdb_lookup.html#/?sstr=2357414,18.32,0.5761757511,1.2883681464,False,False,1920-12-25,53447.1488476373,21853527.412307682,Earth
2357618,357618 (2005 EM30),https://ssd.jpl.nasa.gov/tools/sbdb_lookup.html#/?sstr=2357618,19.07,0.407901194,0.912094798,False,False,1902-09-30,110768.2124665838,18565683.646468248,Earth
2358471,358471 (2007 NS4),https://ssd.jpl.nasa.gov/tools/sbdb_lookup.html#/?sstr=2358471,19.17,0.3895426161,0.8710437698,True,False,1930-10-09,43408.7411935014,26383157.874816234,Earth
2358744,358744 (2008 CR118),https://ssd.jpl.nasa.gov/tools/sbdb_lookup.html#/?sstr=2358744,18.99,0.4232090797,0.9463242708,True,False,1901-05-03,47561.8629144438,14291173.157837975,Earth
2359170,359170 (2009 CN5),https://ssd.jpl.nasa.gov/tools/sbdb_lookup.html#/?sstr=2359170,19.95,0.2719912773,0.6081909854,True,False,1911-01-29,83566.3270180079,62761221.877013525,Earth
2359369,359369 (2009 YG),https://ssd.jpl.nasa.gov/tools/sbdb_lookup.html#/?sstr=2359369,18.52,0.5254785303,1.1750057146,True,False,1903-02-17,51614.8818732742,33682325.180026634,Earth
2360433,360433 (2002 JR9),https://ssd.jpl.nasa.gov/tools/sbdb_lookup.html#/?sstr=2360433,17.79,0.7354530894,1.644523102,False,False,1906-07-29,45376.1048563078,18251465.841874967,Earth
2360502,360502 (2003 EO16),https://ssd.jpl.nasa.gov/tools/sbdb_lookup.html#/?sstr=2360502,20.77,0.1864468183,0.41690776,False,False,1900-03-16,30957.9837949019,25840329.70657632,Earth
2361689,361689 (2007 VY7),https://ssd.jpl.nasa.gov/tools/sbdb_lookup.html#/?sstr=2361689,19.46,0.3408434689,0.7621491661,False,False,1915-02-23,36002.4172468052,12183274.61805707,Earth
2363076,363076 (2000 PH6),https://ssd.jpl.nasa.gov/tools/sbdb_lookup.html#/?sstr=2363076,17.99,0.6707411893,1.4998228946,False,False,1907-09-09,20168.3329782671,70760972.897033448,Earth
2363116,363116 (2001 GQ2),https://ssd.jpl.nasa.gov/tools/sbdb_lookup.html#/?sstr=2363116,20.32,0.229379698,0.5129085974,True,False,1902-04-20,81763.7064205086,19555906.44526707,Earth
2363163,363163 (2001 SE286),https://ssd.jpl.nasa.gov/tools/sbdb_lookup.html#/?sstr=2363163,17.65,0.7844314124,1.7540419619,False,False,2001-12-22,56796.6954467081,21492519.418161104,Earth
2363298,363298 (2002 KL3),https://ssd.jpl.nasa.gov/tools/sbdb_lookup.html#/?sstr=2363298,18.51,0.527904029,1.1804292945,False,False,1910-01-06,104357.078874792,28301236.50936534,Earth
2363344,363344 (2002 QC7),https://ssd.jpl.nasa.gov/tools/sbdb_lookup.html#/?sstr=2363344,19.96,0.2707415909,0.6053966017,False,False,1902-03-08,56806.478238757,27084785.244206025,Earth
2363505,363505 (2003 UC20),https://ssd.jpl.nasa.gov/tools/sbdb_lookup.html#/?sstr=2363505,18.47,0.5377184977,1.2023751136,True,False,1900-01-11,52336.0031020895,12168121.146694781,Merc
2363790,363790 (2005 JE46),https://ssd.jpl.nasa.gov/tools/sbdb_lookup.html#/?sstr=2363790,17.85,0.7154099509,1.599705282,True,False,1913-10-31,41495.3160153077,12103645.676467528,Earth
2363831,363831 (2005 PY16),https://ssd.jpl.nasa.gov/tools/sbdb_lookup.html#/?sstr=2363831,19.33,0.3618719966,0.8091703835,True,False,1905-07-28,44034.5794169236,13990271.164371903,Earth
2364136,364136 (2006 CJ),https://ssd.jpl.nasa.gov/tools/sbdb_lookup.html#/?sstr=2364136,20.18,0.2446554962,0.5470663205,True,False,1900-08-25,129772.8357826806,10357511.45278456,Merc
2364762,364762 (2007 XC10),https://ssd.jpl.nasa.gov/tools/sbdb_lookup.html#/?sstr=2364762,19.38,0.3536347843,0.7907514169,False,False,1906-11-30,85376.1421962025,60959731.818856374,Earth
2364877,364877 (2008 EM9),https://ssd.jpl.nasa.gov/tools/sbdb_lookup.html#/?sstr=2364877,17.34,0.9048049682,2.0232054153,False,False,1909-02-28,116207.619269895,21718952.22025223,Venus
2365071,365071 (2009 AV),https://ssd.jpl.nasa.gov/tools/sbdb_lookup.html#/?sstr=2365071,18.18,0.6145468212,1.3741684676,True,False,1918-08-15,91679.1552518587,60321285.808359614,Earth
2365246,365246 (2009 NE),https://ssd.jpl.nasa.gov/tools/sbdb_lookup.html#/?sstr=2365246,15.87,1.7805532918,3.9814381981,False,False,1912-02-04,35767.694929767,204998739.042973125,Juptr
2367390,367390 (2008 MB5),https://ssd.jpl.nasa.gov/tools/sbdb_lookup.html#/?sstr=2367390,19.03,0.4154846434,0.9290519063,False,False,1939-01-04,58390.8181412666,27498860.419893017,Earth
2367525,367525 (2009 QZ6),https://ssd.jpl.nasa.gov/tools/sbdb_lookup.html#/?sstr=2367525,17.81,0.7287104149,1.6294460236,False,False,,,,
2367943,367943 Duende (2012 DA14),https://ssd.jpl.nasa.gov/tools/sbdb_lookup.html#/?sstr=2367943,24.19,0.0385971268,0.0863057993,False,False,1913-08-08,62708.207168236,69731427.72963322,Earth
2368203,368203 (2001 KO2),https://ssd.jpl.nasa.gov/tools/sbdb_lookup.html#/?sstr=2368203,20.56,0.2053784995,0.459240286,True,False,1928-03-31,40978.9897273886,35526197.077703922,Earth
2368565,368565 (2004 FE5),https://ssd.jpl.nasa.gov/tools/sbdb_lookup.html#/?sstr=2368565,20.02,0.263363131,0.5888978636,True,False,1904-03-18,60281.6282478378,23101520.386050768,Earth
2369452,369452 (2010 LG14),https://ssd.jpl.nasa.gov/tools/sbdb_lookup.html#/?sstr=2369452,17.89,0.7023522477,1.57050737,False,False,1904-10-03,172920.2789403198,9933518.985501658,Merc
2370307,370307 (2002 RH52),https://ssd.jpl.nasa.gov/tools/sbdb_lookup.html#/?sstr=2370307,16.97,1.0728894545,2.3990537526,False,False,1900-02-10,28178.4268126702,44816853.47479281,Earth
2371973,371973 (2008 GE1),https://ssd.jpl.nasa.gov/tools/sbdb_lookup.html#/?sstr=2371973,19.56,0.3255029858,0.727846803,False,False,,,,
2374188,374188 (2005 AD3),https://ssd.jpl.nasa.gov/tools/sbdb_lookup.html#/?sstr=2374188,17.42,0.8720772891,1.9500241,False,False,1929-04-01,9438.7768761157,292248332.802929157,Juptr
2375054,375054 (2007 PF6),https://ssd.jpl.nasa.gov/tools/sbdb_lookup.html#/?sstr=2375054,20.81,0.1830437804,0.4092983358,True,False,1902-03-03,51707.2673509099,50504215.719718692,Earth
2375505,375505 (2008 UN90),https://ssd.jpl.nasa.gov/tools/sbdb_lookup.html#/?sstr=2375505,20.2,0.2424124811,0.5420507863,False,False,2018-02-02,23072.5842358984,14111366.750592283,Mars
2376883,376883 (2001 XE1),https://ssd.jpl.nasa.gov/tools/sbdb_lookup.html#/?sstr=2376883,19.48,0.3377185972,0.7551617405,False,False,2005-11-25,41760.4195618747,11884245.619842972,Mars
2377097,377097 (2002 WQ4),https://ssd.jpl.nasa.gov/tools/sbdb_lookup.html#/?sstr=2377097,19.71,0.3037770614,0.6792661593,True,False,1903-04-20,8015.8566449829,298306733.653984052,Juptr
2378526,378526 (2007 VH186),https://ssd.jpl.nasa.gov/tools/sbdb_lookup.html#/?sstr=2378526,20.33,0.228325794,0.5105519964,False,False,,,,
2380128,380128 (1997 WB21),https://ssd.jpl.nasa.gov/tools/sbdb_lookup.html#/?sstr=2380128,20.27,0.2347226375,0.5248557734,False,False,1900-08-08,30743.7898396143,17434166.13816761,Earth
2380188,380188 (2000 WC67),https://ssd.jpl.nasa.gov/tools/sbdb_lookup.html#/?sstr=2380188,18.81,0.4597851883,1.028110936,False,False,1914-07-06,14925.5690611609,173627349.444331352,Juptr
2380321,380321 (2002 HF8),https://ssd.jpl.nasa.gov/tools/sbdb_lookup.html#/?sstr=2380321,18.26,0.5923180627,1.3244634524,False,False,1914-07-19,28905.9897785649,46395088.578572097,Earth
2380476,380476 (2003 YO1),https://ssd.jpl.nasa.gov/tools/sbdb_lookup.html#/?sstr=2380476,19.37,0.3552670883,0.7944013596,False,False,1902-03-15,46887.1026239012,20423030.946280461,Venus
2380981,380981 (2006 SU131),https://ssd.jpl.nasa.gov/tools/sbdb_lookup.html#/?sstr=2380981,18.64,0.4972273129,1.1118340719,True,False,1924-07-22,34250.0117596327,17562605.63342416,Earth
2381677,381677 (2009 BJ81),https://ssd.jpl.nasa.gov/tools/sbdb_lookup.html#/?sstr=2381677,18.36,0.5656593584,1.2648527775,False,False,1933-11-04,45476.1075696278,8722991.451919242,Mars
2381989,381989 (2010 HR80),https://ssd.jpl.nasa.gov/tools/sbdb_lookup.html#/?sstr=2381989,19.87,0.2821986791,0.6310154296,False,False,1902-09-29,66291.9191835599,24513761.648398694,Earth
2382503,382503 (2001 RE8),https://ssd.jpl.nasa.gov/tools/sbdb_lookup.html#/?sstr=2382503,19.22,0.3806755436,0.8512163929,False,False,1900-06-16,26659.9792567124,24351171.188429407,Earth
2382625,382625 (2002 PC130),https://ssd.jpl.nasa.gov/tools/sbdb_lookup.html#/?sstr=2382625,18.38,0.5604733623,1.2532565376,False,False,,,,
2382745,382745 (2003 CC),https://ssd.jpl.nasa.gov/tools/sbdb_lookup.html#/?sstr=2382745,20.42,0.219055911,0.4898239078,True,False,1906-04-14,27686.5148560392,14150376.040771353,Earth
2382758,382758 (2003 GY),https://ssd.jpl.nasa.gov/tools/sbdb_lookup.html#/?sstr=2382758,20.2,0.2424124811,0.5420507863,True,False,1904-10-03,77565.5210582687,72606775.474901382,Earth
2383610,383610 (2007 JJ35),https://ssd.jpl.nasa.gov/tools/sbdb_lookup.html#/?sstr=2383610,18.46,0.5402004935,1.207925025,False,False,,,,
2385497,385497 (2004 DD),https://ssd.jpl.nasa.gov/tools/sbdb_lookup.html#/?sstr=2385497,18.9,0.4411182,0.9863702813,False,False,1977-07-19,30115.4835681829,21972884.985434189,Venus
2385580,385580 (2004 XO14),https://ssd.jpl.nasa.gov/tools/sbdb_lookup.html#/?sstr=2385580,16.2,1.5295193534,3.4201092472,False,False,,,,
2385843,385843 (2006 JY25),https://ssd.jpl.nasa.gov/tools/sbdb_lookup.html#/?sstr=2385843,20.57,0.204434871,0.4571302686,False,False,1901-06-23,63461.185649163,16708455.022646306,Earth
2386259,386259 (2008 EJ1),https://ssd.jpl.nasa.gov/tools/sbdb_lookup.html#/?sstr=2386259,15.69,1.9344387205,4.3255364773,False,False,,,,
2386298,386298 (2008 SR7),https://ssd.jpl.nasa.gov/tools/sbdb_lookup.html#/?sstr=2386298,20.07,0.2573682542,0.5754929116,False,False,1900-08-05,28915.4073909525,24296756.803270708,Earth
2386720,386720 (2009 XC2),https://ssd.jpl.nasa.gov/tools/sbdb_lookup.html#/?sstr=2386720,17.04,1.038855101,2.3229506246,False,False,,,,
2386847,386847 (2010 LR33),https://ssd.jpl.nasa.gov/tools/sbdb_lookup.html#/?sstr=2386847,18.06,0.6494638409,1.4522452972,True,False,,,,
2387505,387505 (1998 KN3),https://ssd.jpl.nasa.gov/tools/sbdb_lookup.html#/?sstr=2387505,18.78,0.4661814374,1.0424133839,True,False,1901-03-02,119507.1021223474,7939904.840920033,Earth
2387668,387668 (2002 SZ),https://ssd.jpl.nasa.gov/tools/sbdb_lookup.html#/?sstr=2387668,20.51,0.2101623793,0.4699373665,True,False,1900-03-17,43568.2732810889,55948125.577441205,Earth
2387717,387717 (2003 DN4),https://ssd.jpl.nasa.gov/tools/sbdb_lookup.html#/?sstr=2387717,19.26,0.3737274319,0.8356799428,False,False,2042-09-30,107012.715942389,19901961.77327226,Venus
2374855,374855 (2006 VQ13),https://ssd.jpl.nasa.gov/tools/sbdb_lookup.html#/?sstr=2374855,20.11,0.2526707542,0.5649889822,True,False,1909-11-19,73175.063949783,20983170.924111876,Earth
2375103,375103 (2007 TD71),https://ssd.jpl.nasa.gov/tools/sbdb_lookup.html#/?sstr=2375103,18.5,0.5303407233,1.1858779086,True,False,1905-05-05,100051.9593018617,14865728.176985572,Earth
2375657,375657 (2009 CP5),https://ssd.jpl.nasa.gov/tools/sbdb_lookup.html#/?sstr=2375657,21.49,0.1338304618,0.2992540101,False,False,1906-02-16,74762.2286159242,53455290.490212547,Earth
2376729,376729 (1998 YB8),https://ssd.jpl.nasa.gov/tools/sbdb_lookup.html#/?sstr=2376729,19.08,0.4060270583,0.907904103,False,False,1904-12-21,18313.3521720141,42874732.009129636,Earth
2376778,376778 (2000 JY8),https://ssd.jpl.nasa.gov/tools/sbdb_lookup.html#/?sstr=2376778,17.32,0.9131770255,2.0419259045,False,False,1926-09-09,25230.2165783487,242467277.315691677,Juptr
2376848,376848 (2001 RY47),https://ssd.jpl.nasa.gov/tools/sbdb_lookup.html#/?sstr=2376848,19.61,0.3180936332,0.7112789871,False,False,1900-09-30,41634.8220800495,27572332.496585052,Earth
2377732,377732 (2005 XJ8),https://ssd.jpl.nasa.gov/tools/sbdb_lookup.html#/?sstr=2377732,17.06,1.0293308202,2.3016536853,True,False,1904-01-25,64576.6645227394,21475380.543707323,Earth
2378160,378160 (2006 WX1),https://ssd.jpl.nasa.gov/tools/sbdb_lookup.html#/?sstr=2378160,19.69,0.3065878759,0.6855513317,True,False,1900-02-10,37293.2634878284,5517085.132240468,Earth
2378358,378358 (2007 LD),https://ssd.jpl.nasa.gov/tools/sbdb_lookup.html#/?sstr=2378358,19.33,0.3618719966,0.8091703835,True,False,1905-04-23,38107.5835243428,15447615.107420165,Earth
2378610,378610 (2008 FT6),https://ssd.jpl.nasa.gov/tools/sbdb_lookup.html#/?sstr=2378610,17.42,0.8720772891,1.9500241,False,False,1932-06-12,43958.7960423034,7701310.285510026,Mars
2380205,380205 (2001 CA32),https://ssd.jpl.nasa.gov/tools/sbdb_lookup.html#/?sstr=2380205,19.39,0.3520099801,0.7871182442,False,False,1905-02-27,38386.1554257888,65712835.992708091,Earth
2380524,380524 (2004 GY),https://ssd.jpl.nasa.gov/tools/sbdb_lookup.html#/?sstr=2380524,20.17,0.2457847746,0.5495914639,False,False,1936-05-13,44861.6191761382,23313686.981746575,Earth
2380818,380818 (2005 YV128),https://ssd.jpl.nasa.gov/tools/sbdb_lookup.html#/?sstr=2380818,20.67,0.1952337862,0.4365560173,False,False,1911-12-24,67560.3812588209,26550029.48174982,Earth
2381564,381564 (2008 UW5),https://ssd.jpl.nasa.gov/tools/sbdb_lookup.html#/?sstr=2381564,18.25,0.5950520786,1.330576898,False,False,1910-02-02,21273.1982491864,21822019.093968495,Earth
2382395,382395 (1990 SM),https://ssd.jpl.nasa.gov/tools/sbdb_lookup.html#/?sstr=2382395,16.4,1.3949382293,3.1191767052,True,False,1908-02-05,109218.2146164763,26481637.210170653,Earth
2385343,385343 (2002 LV),https://ssd.jpl.nasa.gov/tools/sbdb_lookup.html#/?sstr=2385343,16.55,1.3018321019,2.9109850751,True,False,1935-08-08,70687.4034027704,5282993.936470858,Earth
2385605,385605 (2005 EJ225),https://ssd.jpl.nasa.gov/tools/sbdb_lookup.html#/?sstr=2385605,18.97,0.4271249851,0.9550805015,True,False,1907-03-26,76743.2812272901,26791937.211106291,Earth
2386281,386281 (2008 RJ1),https://ssd.jpl.nasa.gov/tools/sbdb_lookup.html#/?sstr=2386281,17.91,0.6959130436,1.5561088719,False,False,1947-04-23,29900.5672253219,63686801.895327286,Earth
2387746,387746 (2003 MH4),https://ssd.jpl.nasa.gov/tools/sbdb_lookup.html#/?sstr=2387746,20.13,0.2503542548,0.5598091321,True,False,1901-06-04,32909.6637342725,2119824.736293684,Earth
2388189,388189 (2006 DS14),https://ssd.jpl.nasa.gov/tools/sbdb_lookup.html#/?sstr=2388189,20.53,0.208235599,0.4656289548,False,False,1900-02-21,52329.6867096929,25632800.435413495,Earth
2388468,388468 (2007 DB83),https://ssd.jpl.nasa.gov/tools/sbdb_lookup.html#/?sstr=2388468,18.3,0.5815070396,1.30028927,False,False,,,,
2389694,389694 (2011 QD48),https://ssd.jpl.nasa.gov/tools/sbdb_lookup.html#/?sstr=2389694,18.2,0.6089126221,1.3615700154,True,False,1916-03-15,56812.575587503,4293071.694752653,Earth
2390536,390536 (1999 KK1),https://ssd.jpl.nasa.gov/tools/sbdb_lookup.html#/?sstr=2390536,18.41,0.5527833794,1.2360612132,False,False,1996-07-23,18450.4849428267,26001776.236513078,Earth
2391451,391451 (2007 FE20),https://ssd.jpl.nasa.gov/tools/sbdb_lookup.html#/?sstr=2391451,19.31,0.365220357,0.8166575449,False,False,1926-04-01,33221.0245409084,4626456.681560323,Mars
2391508,391508 (2007 RV17),https://ssd.jpl.nasa.gov/tools/sbdb_lookup.html#/?sstr=2391508,19.11,0.4004561582,0.8954471917,False,False,1902-05-03,19177.7726891438,294499110.68260964,Juptr
2392704,392704 (2012 AE1),https://ssd.jpl.nasa.gov/tools/sbdb_lookup.html#/?sstr=2392704,18.95,0.4310771239,0.9639177525,False,False,1900-07-22,51519.6812171761,27406287.941475761,Earth
2393569,393569 (2003 JC13),https://ssd.jpl.nasa.gov/tools/sbdb_lookup.html#/?sstr=2393569,20.3,0.2315021222,0.5176544822,False,False,1906-11-16,37974.1302827244,8445325.493294541,Venus
2393908,393908 (2005 UH3),https://ssd.jpl.nasa.gov/tools/sbdb_lookup.html#/?sstr=2393908,17.44,0.8640820365,1.9321461716,False,False,1921-11-18,102675.4068018092,12932894.569880283,Earth
2394130,394130 (2006 HY51),https://ssd.jpl.nasa.gov/tools/sbdb_lookup.html#/?sstr=2394130,17.22,0.9562137328,2.1381589077,False,False,1911-01-06,53390.0679661026,271924772.218052717,Juptr
2395143,395143 (2010 CN1),https://ssd.jpl.nasa.gov/tools/sbdb_lookup.html#/?sstr=2395143,18.95,0.4310771239,0.9639177525,False,False,1910-11-09,54844.6753704524,24879843.493662914,Earth
2395289,395289 (2011 BJ2),https://ssd.jpl.nasa.gov/tools/sbdb_lookup.html#/?sstr=2395289,18.23,0.6005580277,1.3428885744,False,False,1912-10-26,99132.6069669431,18204444.927526769,Earth
2396730,396730 (2003 KX16),https://ssd.jpl.nasa.gov/tools/sbdb_lookup.html#/?sstr=2396730,18.53,0.5230641758,1.1696070537,False,False,1901-05-27,74228.8472430404,18206252.86266508,Venus
2399774,399774 (2005 NB7),https://ssd.jpl.nasa.gov/tools/sbdb_lookup.html#/?sstr=2399774,18.8,0.4619074603,1.0328564805,True,False,1904-03-31,11731.3718239039,281337857.507338147,Juptr
2387816,387816 (2004 FM17),https://ssd.jpl.nasa.gov/tools/sbdb_lookup.html#/?sstr=2387816,19.36,0.3569069267,0.7980681497,False,False,1901-03-15,28516.2892539684,12341007.425750439,Venus
2388567,388567 (2007 QX14),https://ssd.jpl.nasa.gov/tools/sbdb_lookup.html#/?sstr=2388567,17.92,0.6927156136,1.5489592011,False,False,1929-07-17,4295.1021805923,292966784.906205516,Juptr
2388945,388945 (2008 TZ3),https://ssd.jpl.nasa.gov/tools/sbdb_lookup.html#/?sstr=2388945,20.44,0.2170475943,0.4853331752,True,False,2012-04-23,47927.672105144,25033564.041603522,Earth
2390522,390522 (1996 GD1),https://ssd.jpl.nasa.gov/tools/sbdb_lookup.html#/?sstr=2390522,20.18,0.2446554962,0.5470663205,False,False,1904-12-21,43238.6920827144,17319939.457826576,Venus
2391151,391151 (2005 YY93),https://ssd.jpl.nasa.gov/tools/sbdb_lookup.html#/?sstr=2391151,17.23,0.9518203298,2.1283349598,False,False,1906-02-11,89655.063268118,44613462.499588221,Earth
2391211,391211 (2006 HZ51),https://ssd.jpl.nasa.gov/tools/sbdb_lookup.html#/?sstr=2391211,18.48,0.5352479056,1.1968507018,True,False,1912-05-31,41175.9467460731,21462203.140529438,Earth
2393359,393359 (1998 ME3),https://ssd.jpl.nasa.gov/tools/sbdb_lookup.html#/?sstr=2393359,19.44,0.3439972547,0.7692012455,False,False,1937-07-09,23374.5113099933,22489385.245015359,Earth
2394155,394155 (2006 QS),https://ssd.jpl.nasa.gov/tools/sbdb_lookup.html#/?sstr=2394155,20.05,0.2597496533,0.580817882,False,False,1908-01-11,9715.9442983142,224711079.621864307,Juptr
2397326,397326 (2006 TC1),https://ssd.jpl.nasa.gov/tools/sbdb_lookup.html#/?sstr=2397326,19.09,0.4041615334,0.9037326626,False,False,1944-01-24,17122.429686068,18520822.371850731,Earth
2399307,399307 (1991 RJ2),https://ssd.jpl.nasa.gov/tools/sbdb_lookup.html#/?sstr=2399307,18.86,0.4493191996,1.004708274,False,False,2077-02-23,28569.4995760966,5434062.817286355,Mars
2399308,399308 (1993 GD),https://ssd.jpl.nasa.gov/tools/sbdb_lookup.html#/?sstr=2399308,20.62,0.1997813652,0.4467247133,False,False,1911-09-22,38836.9321427646,23119574.216037256,Earth
2401954,401954 (2002 RW25),https://ssd.jpl.nasa.gov/tools/sbdb_lookup.html#/?sstr=2401954,18.89,0.4431543091,0.9909231597,True,False,1901-01-11,23477.3398837457,11692070.819740568,Venus
2403247,403247 (2008 XO2),https://ssd.jpl.nasa.gov/tools/sbdb_lookup.html#/?sstr=2403247,19.24,0.3771854893,0.8434123941,False,False,1900-05-09,19861.8996276618,23909285.708870267,Earth
2405212,405212 (2003 QC10),https://ssd.jpl.nasa.gov/tools/sbdb_lookup.html#/?sstr=2405212,18.04,0.6554732558,1.4656827575,True,False,1900-09-19,95939.2844364002,13073328.792433859,Earth
2408751,408751 (1987 SF3),https://ssd.jpl.nasa.gov/tools/sbdb_lookup.html#/?sstr=2408751,19.02,0.4174024334,0.933340215,False,False,1906-09-11,38008.1678979218,23271917.117193034,Earth
2408869,408869 (2001 SD348),https://ssd.jpl.nasa.gov/tools/sbdb_lookup.html#/?sstr=2408869,19.06,0.4097839804,0.9163048363,False,False,1900-08-13,14752.7468129832,60318348.229785359,Earth
2409204,409204 (2003 WX25),https://ssd.jpl.nasa.gov/tools/sbdb_lookup.html#/?sstr=2409204,18.75,0.4726666672,1.0569147985,False,False,1911-11-01,19956.3367618416,275621720.964825624,Juptr
2409342,409342 (2004 XM35),https://ssd.jpl.nasa.gov/tools/sbdb_lookup.html#/?sstr=2409342,19.89,0.2796114661,0.6252302454,False,False,,,,
2410650,410650 (2008 SQ1),https://ssd.jpl.nasa.gov/tools/sbdb_lookup.html#/?sstr=2410650,18.52,0.5254785303,1.1750057146,False,False,1916-11-24,27876.7094380957,70165208.699705749,Earth
2411201,411201 (2010 LJ14),https://ssd.jpl.nasa.gov/tools/sbdb_lookup.html#/?sstr=2411201,17.8,0.7320739893,1.6369672047,False,False,1931-02-16,23460.9102379459,28104377.590516218,Earth
2412976,412976 (1987 WC),https://ssd.jpl.nasa.gov/tools/sbdb_lookup.html#/?sstr=2412976,19.91,0.2770479727,0.6194981001,False,False,1925-11-04,30360.3720664542,24914156.383110139,Earth
2412983,412983 (1996 FO3),https://ssd.jpl.nasa.gov/tools/sbdb_lookup.html#/?sstr=2412983,20.16,0.2469192656,0.5521282628,True,False,1937-02-26,21243.6681127399,11960979.767849079,Earth
2413038,413038 (2001 MF1),https://ssd.jpl.nasa.gov/tools/sbdb_lookup.html#/?sstr=2413038,16.94,1.0878148336,2.4324279148,False,False,,,,
2413216,413216 (2003 MA),https://ssd.jpl.nasa.gov/tools/sbdb_lookup.html#/?sstr=2413216,18.84,0.453476699,1.0140047252,False,False,1900-06-22,42253.7512736419,22810591.529065477,Earth
2413421,413421 (2004 VA15),https://ssd.jpl.nasa.gov/tools/sbdb_lookup.html#/?sstr=2413421,18.27,0.5895966084,1.3183780956,False,False,1933-12-01,21517.0585650213,181907277.183867334,Juptr
2413563,413563 (2005 TG45),https://ssd.jpl.nasa.gov/tools/sbdb_lookup.html#/?sstr=2413563,17.63,0.7916896669,1.7702719124,False,False,1906-01-10,59053.6780943764,22129932.216008922,Venus
2414903,414903 (2010 XT45),https://ssd.jpl.nasa.gov/tools/sbdb_lookup.html#/?sstr=2414903,17.43,0.8680704579,1.9410645532,False,False,1971-11-17,31534.0750832892,10663675.850523622,Mars
2414960,414960 (2011 CS4),https://ssd.jpl.nasa.gov/tools/sbdb_lookup.html#/?sstr=2414960,20.02,0.263363131,0.5888978636,False,False,1914-11-11,19860.9563471971,25939443.695934427,Earth
2415029,415029 (2011 UL21),https://ssd.jpl.nasa.gov/tools/sbdb_lookup.html#/?sstr=2415029,15.93,1.7320282714,3.8729329538,True,False,1915-10-30,81771.0806769854,11235902.034749568,Mars
2415710,415710 (1998 WC2),https://ssd.jpl.nasa.gov/tools/sbdb_lookup.html#/?sstr=2415710,18.55,0.5182686946,1.1588840318,False,False,1908-11-25,46344.6262994893,74422774.761193667,Earth
2415711,415711 (1998 WT7),https://ssd.jpl.nasa.gov/tools/sbdb_lookup.html#/?sstr=2415711,19.01,0.4193290755,0.9376483177,False,False,1904-12-01,75012.4818570442,14625317.219197812,Earth
2406213,406213 (2007 AB2),https://ssd.jpl.nasa.gov/tools/sbdb_lookup.html#/?sstr=2406213,20.34,0.2272767323,0.5082062231,True,False,1900-08-30,65171.9807243302,32621251.932408592,Earth
2407653,407653 (2011 QF3),https://ssd.jpl.nasa.gov/tools/sbdb_lookup.html#/?sstr=2407653,17.07,1.0246014747,2.2910785472,False,False,1918-02-18,28475.4917400039,14575416.411214031,Earth
2407656,407656 (2011 SL102),https://ssd.jpl.nasa.gov/tools/sbdb_lookup.html#/?sstr=2407656,18.21,0.6061149227,1.3553141694,False,False,1913-12-25,24500.176630888,27371894.643173411,Earth
2409266,409266 (2004 RK9),https://ssd.jpl.nasa.gov/tools/sbdb_lookup.html#/?sstr=2409266,21.29,0.1467421834,0.3281254972,False,False,1902-06-03,27268.2883525438,21840837.114754304,Earth
2410088,410088 (2007 EJ),https://ssd.jpl.nasa.gov/tools/sbdb_lookup.html#/?sstr=2410088,18.2,0.6089126221,1.3615700154,False,False,1943-12-12,38780.0159267779,9373357.03174314,Earth
2410195,410195 (2007 RT147),https://ssd.jpl.nasa.gov/tools/sbdb_lookup.html#/?sstr=2410195,18.38,0.5604733623,1.2532565376,False,False,1912-11-01,4198.0804870405,286534622.064677619,Juptr
2410622,410622 (2008 QF),https://ssd.jpl.nasa.gov/tools/sbdb_lookup.html#/?sstr=2410622,21.72,0.1203801767,0.2691782583,False,False,1984-07-15,2566.090961556,70664731.530854442,Earth
2410649,410649 (2008 SO),https://ssd.jpl.nasa.gov/tools/sbdb_lookup.html#/?sstr=2410649,20.82,0.1822027706,0.4074177807,False,False,1902-07-15,16182.9191149541,19600514.166454724,Earth
2410777,410777 (2009 FD),https://ssd.jpl.nasa.gov/tools/sbdb_lookup.html#/?sstr=2410777,22.18,0.0973991073,0.217791025,False,False,1910-05-30,33303.9029553763,10308256.458805569,Mars
2410832,410832 (2009 QO8),https://ssd.jpl.nasa.gov/tools/sbdb_lookup.html#/?sstr=2410832,19.28,0.3703010782,0.828018383,False,False,1903-03-22,62667.8107729999,69547599.219094921,Earth
2411655,411655 (2011 WW4),https://ssd.jpl.nasa.gov/tools/sbdb_lookup.html#/?sstr=2411655,18.56,0.5158874663,1.1535594433,False,False,2116-04-08,25441.1298081841,13825463.035658162,Mars
2413091,413091 (2001 UV16),https://ssd.jpl.nasa.gov/tools/sbdb_lookup.html#/?sstr=2413091,18.22,0.6033300776,1.3490870665,False,False,1904-11-13,76905.4512065447,73572602.675848889,Earth
2413192,413192 (2002 VY94),https://ssd.jpl.nasa.gov/tools/sbdb_lookup.html#/?sstr=2413192,16.91,1.1029478453,2.4662663578,False,False,1904-02-11,27989.8167574671,27707740.200787054,Earth
2413260,413260 (2003 TL4),https://ssd.jpl.nasa.gov/tools/sbdb_lookup.html#/?sstr=2413260,19.57,0.3240074354,0.7245026508,True,False,1903-10-22,32210.4372945475,12120567.813527253,Earth
2413989,413989 (2007 EL88),https://ssd.jpl.nasa.gov/tools/sbdb_lookup.html#/?sstr=2413989,19.07,0.407901194,0.912094798,True,False,1906-10-29,85955.5178620877,16288073.907784352,Venus
2414286,414286 (2008 OC6),https://ssd.jpl.nasa.gov/tools/sbdb_lookup.html#/?sstr=2414286,18.59,0.5088092249,1.1377320144,True,False,1903-05-29,52198.1102752646,15799796.004448458,Venus
2414746,414746 (2010 EH20),https://ssd.jpl.nasa.gov/tools/sbdb_lookup.html#/?sstr=2414746,17.86,0.7121229407,1.5923553038,False,False,1904-08-02,47295.1863380664,62925131.99963323,Earth
2414990,414990 (2011 EM51),https://ssd.jpl.nasa.gov/tools/sbdb_lookup.html#/?sstr=2414990,21.9,0.1108038821,0.2477650126,True,False,1900-05-16,24512.6178083709,14762703.130833759,Earth
2415027,415027 (2011 SG5),https://ssd.jpl.nasa.gov/tools/sbdb_lookup.html#/?sstr=2415027,18.37,0.5630603897,1.2590413069,False,False,1933-08-24,72008.4044284819,15917782.73749322,Venus
2415986,415986 (2002 AT5),https://ssd.jpl.nasa.gov/tools/sbdb_lookup.html#/?sstr=2415986,18.03,0.6584987829,1.4724480417,False,False,1903-07-07,35086.1726899704,299134714.24169516,Juptr
2416071,416071 (2002 NV),https://ssd.jpl.nasa.gov/tools/sbdb_lookup.html#/?sstr=2416071,18.05,0.6524616298,1.4589485569,False,False,1952-08-31,19936.5465480031,295807368.320534154,Juptr
2416186,416186 (2002 TD60),https://ssd.jpl.nasa.gov/tools/sbdb_lookup.html#/?sstr=2416186,19.41,0.3487827332,0.7799019007,False,False,1903-05-26,19996.496558035,42422467.354550961,Earth
2416231,416231 (2003 AJ73),https://ssd.jpl.nasa.gov/tools/sbdb_lookup.html#/?sstr=2416231,18.65,0.4949427609,1.1067256584,False,False,1964-03-20,20109.9796278733,27748574.734577994,Earth
2416591,416591 (2004 LC2),https://ssd.jpl.nasa.gov/tools/sbdb_lookup.html#/?sstr=2416591,18.66,0.4926687055,1.1016407159,True,False,1902-06-18,96391.4942279387,15224214.145521181,Earth
2416694,416694 (2004 YR32),https://ssd.jpl.nasa.gov/tools/sbdb_lookup.html#/?sstr=2416694,17.67,0.777239702,1.7379608086,False,False,1915-03-07,30656.7437504193,217700298.772798335,Juptr
2416851,416851 (2005 MM13),https://ssd.jpl.nasa.gov/tools/sbdb_lookup.html#/?sstr=2416851,18.9,0.4411182,0.9863702813,False,False,1901-11-16,38608.8310013022,14742563.4128665,Mars
2417210,417210 (2005 XV77),https://ssd.jpl.nasa.gov/tools/sbdb_lookup.html#/?sstr=2417210,20.55,0.2063264836,0.4613600429,False,False,1901-07-09,75262.3917469441,8128382.868217719,Merc
2417419,417419 (2006 KL21),https://ssd.jpl.nasa.gov/tools/sbdb_lookup.html#/?sstr=2417419,20.92,0.1740022951,0.38908096,True,False,1901-07-10,46794.9590187696,56267086.995854103,Earth
2418094,418094 (2007 WV4),https://ssd.jpl.nasa.gov/tools/sbdb_lookup.html#/?sstr=2418094,19.65,0.3122877701,0.6982966825,True,False,1912-06-02,85151.8277444614,6611336.150587749,Earth
2418265,418265 (2008 EA32),https://ssd.jpl.nasa.gov/tools/sbdb_lookup.html#/?sstr=2418265,16.49,1.3383046182,2.9925401008,False,False,1900-07-20,82282.0778123742,13275520.321836362,Merc
2418846,418846 (2008 WJ60),https://ssd.jpl.nasa.gov/tools/sbdb_lookup.html#/?sstr=2418846,21.38,0.1407845434,0.3148038092,False,False,1911-12-29,34416.1547001027,72231797.493101872,Earth
2418929,418929 (2009 DM1),https://ssd.jpl.nasa.gov/tools/sbdb_lookup.html#/?sstr=2418929,17.03,1.0436502383,2.3336728776,False,False,1911-08-21,22735.85439973,147829382.77282291,Juptr
2419624,419624 (2010 SO16),https://ssd.jpl.nasa.gov/tools/sbdb_lookup.html#/?sstr=2419624,20.44,0.2170475943,0.4853331752,True,False,1994-06-07,62596.171301278,71424485.885662296,Earth
2419922,419922 (2011 BJ24),https://ssd.jpl.nasa.gov/tools/sbdb_lookup.html#/?sstr=2419922,17.73,0.7560577624,1.6905965516,False,False,1913-08-31,46171.8375857302,14527169.886396284,Earth
2420302,420302 (2011 XZ1),https://ssd.jpl.nasa.gov/tools/sbdb_lookup.html#/?sstr=2420302,17.79,0.7354530894,1.644523102,False,False,2020-07-19,24278.0713091607,27164821.645514086,Earth
2420591,420591 (2012 HF31),https://ssd.jpl.nasa.gov/tools/sbdb_lookup.html#/?sstr=2420591,19.49,0.3361669212,0.7516920875,False,False,1925-10-17,34412.5413866067,23950128.320946187,Earth
2423709,423709 (2006 BQ6),https://ssd.jpl.nasa.gov/tools/sbdb_lookup.html#/?sstr=2423709,19.75,0.2982325052,0.6668681546,True,False,1904-08-12,57390.2939486909,22551183.12280663,Earth
2423747,423747 (2006 CX),https://ssd.jpl.nasa.gov/tools/sbdb_lookup.html#/?sstr=2423747,18.95,0.4310771239,0.9639177525,False,False,,,,
2424089,424089 (2007 DU103),https://ssd.jpl.nasa.gov/tools/sbdb_lookup.html#/?sstr=2424089,17.56,0.8176265334,1.8282685088,False,False,,,,
2424482,424482 (2008 DG5),https://ssd.jpl.nasa.gov/tools/sbdb_lookup.html#/?sstr=2424482,19.59,0.3210369174,0.7178603705,True,False,1904-05-23,35449.877062399,18376853.346106286,Earth
2424532,424532 (2008 EZ97),https://ssd.jpl.nasa.gov/tools/sbdb_lookup.html#/?sstr=2424532,17.95,0.6832111991,1.5277066841,False,False,1922-06-05,21480.7068279121,56124056.681784121,Earth
2424965,424965 (2009 AM15),https://ssd.jpl.nasa.gov/tools/sbdb_lookup.html#/?sstr=2424965,18.76,0.4704949611,1.0520587161,False,False,1900-02-25,84170.6089218281,23285409.049892594,Earth
2424969,424969 (2009 BT5),https://ssd.jpl.nasa.gov/tools/sbdb_lookup.html#/?sstr=2424969,20.64,0.1979497587,0.4426291165,False,False,1901-07-26,39115.2099659587,49978031.616017747,Earth
2425450,425450 (2010 EV45),https://ssd.jpl.nasa.gov/tools/sbdb_lookup.html#/?sstr=2425450,19.59,0.3210369174,0.7178603705,False,False,1967-10-21,29959.1000866425,13569570.358861759,Mars
2415713,415713 (1998 XX2),https://ssd.jpl.nasa.gov/tools/sbdb_lookup.html#/?sstr=2415713,20.0,0.2658,0.5943468684,True,False,1900-04-19,52996.3849816549,6742443.753775323,Merc
2416002,416002 (2002 BN),https://ssd.jpl.nasa.gov/tools/sbdb_lookup.html#/?sstr=2416002,20.49,0.2121069879,0.4742856434,False,False,1903-01-23,64612.5396526508,22178674.149132961,Earth
2416151,416151 (2002 RQ25),https://ssd.jpl.nasa.gov/tools/sbdb_lookup.html#/?sstr=2416151,20.67,0.1952337862,0.4365560173,False,False,1907-08-01,19992.9086073416,24312260.61788475,Earth
2416584,416584 (2004 JB12),https://ssd.jpl.nasa.gov/tools/sbdb_lookup.html#/?sstr=2416584,18.98,0.425162524,0.9506923052,False,False,1907-07-15,29401.8939366788,19092763.931169215,Earth
2416680,416680 (2004 XD50),https://ssd.jpl.nasa.gov/tools/sbdb_lookup.html#/?sstr=2416680,18.57,0.5135171787,1.1482593191,False,False,,,,
2417167,417167 (2005 WH57),https://ssd.jpl.nasa.gov/tools/sbdb_lookup.html#/?sstr=2417167,19.01,0.4193290755,0.9376483177,False,False,,,,
2417264,417264 (2006 AT2),https://ssd.jpl.nasa.gov/tools/sbdb_lookup.html#/?sstr=2417264,17.06,1.0293308202,2.3016536853,False,False,1915-08-25,29234.7271982785,289649769.720273739,Juptr
2417634,417634 (2006 XG1),https://ssd.jpl.nasa.gov/tools/sbdb_lookup.html#/?sstr=2417634,18.57,0.5135171787,1.1482593191,True,False,1905-09-24,54310.122340763,41767500.443441603,Earth
2417655,417655 (2006 YF13),https://ssd.jpl.nasa.gov/tools/sbdb_lookup.html#/?sstr=2417655,19.9,0.2783267681,0.6223575734,False,False,1901-12-02,58826.3002310336,6355113.685286931,Venus
2417816,417816 (2007 FA),https://ssd.jpl.nasa.gov/tools/sbdb_lookup.html#/?sstr=2417816,20.27,0.2347226375,0.5248557734,True,False,1944-08-02,34973.1532926137,29417456.453635305,Earth
2417874,417874 (2007 NC5),https://ssd.jpl.nasa.gov/tools/sbdb_lookup.html#/?sstr=2417874,18.12,0.6317641482,1.4126675811,False,False,1900-06-29,68239.3918439812,68722635.347231298,Earth
2417949,417949 (2007 TB23),https://ssd.jpl.nasa.gov/tools/sbdb_lookup.html#/?sstr=2417949,18.81,0.4597851883,1.028110936,True,False,1926-05-06,75425.1206211198,22296378.665795968,Earth
2418233,418233 (2008 DV),https://ssd.jpl.nasa.gov/tools/sbdb_lookup.html#/?sstr=2418233,18.2,0.6089126221,1.3615700154,False,False,1908-02-06,78668.7591316824,39590151.257070855,Earth
2418797,418797 (2008 VF),https://ssd.jpl.nasa.gov/tools/sbdb_lookup.html#/?sstr=2418797,19.41,0.3487827332,0.7799019007,False,False,1901-08-04,43044.2211286512,70203053.101190703,Earth
2419022,419022 (2009 QF31),https://ssd.jpl.nasa.gov/tools/sbdb_lookup.html#/?sstr=2419022,18.39,0.5578982211,1.2474983468,False,False,,,,
2419472,419472 (2010 DW1),https://ssd.jpl.nasa.gov/tools/sbdb_lookup.html#/?sstr=2419472,19.97,0.2694976463,0.602615057,True,False,1900-02-27,47752.7434696933,7040575.808040262,Earth
2419829,419829 (2010 XK52),https://ssd.jpl.nasa.gov/tools/sbdb_lookup.html#/?sstr=2419829,17.99,0.6707411893,1.4998228946,False,False,1924-02-04,40140.3711656117,73063276.696279096,Earth
2420187,420187 (2011 GA55),https://ssd.jpl.nasa.gov/tools/sbdb_lookup.html#/?sstr=2420187,18.16,0.620233153,1.3868834919,False,False,1995-07-17,27013.2985516511,22355057.398078165,Earth
2420262,420262 (2011 KD11),https://ssd.jpl.nasa.gov/tools/sbdb_lookup.html#/?sstr=2420262,20.17,0.2457847746,0.5495914639,False,False,2031-07-03,49603.5652719881,14291860.949005087,Mars
2420738,420738 (2012 TS),https://ssd.jpl.nasa.gov/tools/sbdb_lookup.html#/?sstr=2420738,20.84,0.1805323255,0.4036825521,False,False,1941-09-16,65512.8800639258,72901373.847959477,Earth
2425047,425047 (2009 QE8),https://ssd.jpl.nasa.gov/tools/sbdb_lookup.html#/?sstr=2425047,18.23,0.6005580277,1.3428885744,False,False,1973-07-11,39895.6484014708,14794981.75852515,Mars
2425713,425713 (2011 BK24),https://ssd.jpl.nasa.gov/tools/sbdb_lookup.html#/?sstr=2425713,19.57,0.3240074354,0.7245026508,False,False,,,,
2425755,425755 (2011 CP4),https://ssd.jpl.nasa.gov/tools/sbdb_lookup.html#/?sstr=2425755,21.12,0.1586919792,0.3548460529,True,False,1901-09-01,257796.6880623638,14548746.791100633,Merc
2426071,426071 (2012 CD29),https://ssd.jpl.nasa.gov/tools/sbdb_lookup.html#/?sstr=2426071,19.93,0.2745079817,0.6138185073,False,False,1903-03-06,77017.5039934843,19640898.739772278,Earth
2374851,374851 (2006 VV2),https://ssd.jpl.nasa.gov/tools/sbdb_lookup.html#/?sstr=2374851,16.71,1.2093582639,2.7042072872,True,False,1900-04-13,72607.8979436036,26965307.469190973,Earth
2376788,376788 (2000 RV37),https://ssd.jpl.nasa.gov/tools/sbdb_lookup.html#/?sstr=2376788,19.55,0.3270054393,0.7312063912,False,False,1900-08-07,98608.7774994088,60431357.991293091,Earth
2376864,376864 (2001 TP103),https://ssd.jpl.nasa.gov/tools/sbdb_lookup.html#/?sstr=2376864,20.26,0.235806068,0.5272783976,False,False,1903-02-18,4108.6117379734,59446856.937027094,Earth
2376879,376879 (2001 WW1),https://ssd.jpl.nasa.gov/tools/sbdb_lookup.html#/?sstr=2376879,22.35,0.0900647767,0.2013909631,False,False,1900-11-24,52643.9110663307,46398301.581784809,Earth
2377972,377972 (2006 MF10),https://ssd.jpl.nasa.gov/tools/sbdb_lookup.html#/?sstr=2377972,19.38,0.3536347843,0.7907514169,False,False,1900-05-23,6755.3952136609,56155444.334481366,Earth
2378124,378124 (2006 VT2),https://ssd.jpl.nasa.gov/tools/sbdb_lookup.html#/?sstr=2378124,18.23,0.6005580277,1.3428885744,False,False,1916-06-01,117043.9874134546,13773096.06190807,Merc
2380160,380160 (2000 JO78),https://ssd.jpl.nasa.gov/tools/sbdb_lookup.html#/?sstr=2380160,17.78,0.7388477866,1.6521138758,False,False,1978-07-24,17958.9356729041,29850846.629192033,Earth
2380455,380455 (2003 UL3),https://ssd.jpl.nasa.gov/tools/sbdb_lookup.html#/?sstr=2380455,17.55,0.821400526,1.8367074128,False,False,1909-11-17,113568.0966400439,49599231.812553986,Earth
2380636,380636 (2004 XN14),https://ssd.jpl.nasa.gov/tools/sbdb_lookup.html#/?sstr=2380636,19.76,0.2968622513,0.6638041738,True,False,1903-07-17,20557.4979201497,16383882.098370986,Venus
2381181,381181 (2007 LV19),https://ssd.jpl.nasa.gov/tools/sbdb_lookup.html#/?sstr=2381181,19.68,0.3080030213,0.6887156928,False,False,1916-05-26,28537.1717565241,28622603.356809329,Earth
2381906,381906 (2010 CL19),https://ssd.jpl.nasa.gov/tools/sbdb_lookup.html#/?sstr=2381906,17.8,0.7320739893,1.6369672047,True,False,1904-10-08,68786.6630098759,5157934.754684828,Venus
2382406,382406 (1996 AJ1),https://ssd.jpl.nasa.gov/tools/sbdb_lookup.html#/?sstr=2382406,20.57,0.204434871,0.4571302686,True,False,1901-05-10,156725.7152388991,9215666.709844851,Merc
2382459,382459 (2000 ST20),https://ssd.jpl.nasa.gov/tools/sbdb_lookup.html#/?sstr=2382459,19.49,0.3361669212,0.7516920875,False,False,1905-09-27,30388.637504715,70445716.86826258,Earth
2385186,385186 (1994 AW1),https://ssd.jpl.nasa.gov/tools/sbdb_lookup.html#/?sstr=2385186,17.64,0.7880521833,1.7621382518,True,False,1907-07-16,44951.8544350848,12814297.507445495,Earth
2385268,385268 (2001 RC12),https://ssd.jpl.nasa.gov/tools/sbdb_lookup.html#/?sstr=2385268,15.81,1.8304378037,4.0929833576,False,False,2087-10-28,59858.5087229076,28543499.563582635,Earth
2385402,385402 (2002 WZ2),https://ssd.jpl.nasa.gov/tools/sbdb_lookup.html#/?sstr=2385402,17.19,0.9695159909,2.167903661,False,False,1909-12-10,143038.5012383792,28330466.856058676,Earth
2387648,387648 (2002 RT25),https://ssd.jpl.nasa.gov/tools/sbdb_lookup.html#/?sstr=2387648,19.36,0.3569069267,0.7980681497,False,False,1901-03-20,55144.9859612519,11538932.35711213,Mars
2387733,387733 (2003 GS),https://ssd.jpl.nasa.gov/tools/sbdb_lookup.html#/?sstr=2387733,18.93,0.4350658314,0.9728367737,False,False,1901-04-09,26277.8249319898,12664035.422902695,Earth
2387871,387871 (2004 RD252),https://ssd.jpl.nasa.gov/tools/sbdb_lookup.html#/?sstr=2387871,19.14,0.3949616937,0.8831611957,False,False,1916-10-15,88892.4620348334,63165326.070429064,Earth
2388185,388185 (2006 CX10),https://ssd.jpl.nasa.gov/tools/sbdb_lookup.html#/?sstr=2388185,17.79,0.7354530894,1.644523102,False,False,1905-03-21,24932.7014393393,188822967.642846506,Juptr
2388188,388188 (2006 DP14),https://ssd.jpl.nasa.gov/tools/sbdb_lookup.html#/?sstr=2388188,19.0,0.4212646106,0.9419763057,True,False,1900-11-05,97148.499500709,13385230.597602735,Venus
2376707,376707 (1995 OO),https://ssd.jpl.nasa.gov/tools/sbdb_lookup.html#/?sstr=2376707,17.0,1.0581688593,2.3661375011,False,False,1900-03-03,103445.1609914138,68211580.913871525,Earth
2376775,376775 (2000 HW23),https://ssd.jpl.nasa.gov/tools/sbdb_lookup.html#/?sstr=2376775,18.39,0.5578982211,1.2474983468,False,False,1956-01-20,31232.8398153372,10262078.004862276,Mars
2378842,378842 (2008 TD4),https://ssd.jpl.nasa.gov/tools/sbdb_lookup.html#/?sstr=2378842,19.78,0.2941406018,0.6577183805,False,False,1900-05-25,57751.0835824591,43597723.210977535,Earth
2380359,380359 (2002 TN30),https://ssd.jpl.nasa.gov/tools/sbdb_lookup.html#/?sstr=2380359,17.28,0.930154254,2.0798881414,False,False,2117-08-26,46060.1890713598,12366365.775653926,Mars
2380929,380929 (2006 HU30),https://ssd.jpl.nasa.gov/tools/sbdb_lookup.html#/?sstr=2380929,19.66,0.3108529381,0.6950883007,False,False,1927-10-25,53559.1717398932,24230595.200490898,Earth
2382825,382825 (2003 XB22),https://ssd.jpl.nasa.gov/tools/sbdb_lookup.html#/?sstr=2382825,19.3,0.3669061375,0.8204270649,True,False,,,,
2382875,382875 (2004 KE1),https://ssd.jpl.nasa.gov/tools/sbdb_lookup.html#/?sstr=2382875,21.73,0.1198270801,0.2679414966,False,False,1902-12-26,25602.9964583753,69706748.150145284,Earth
2385252,385252 (2001 EB18),https://ssd.jpl.nasa.gov/tools/sbdb_lookup.html#/?sstr=2385252,19.41,0.3487827332,0.7799019007,True,False,1906-02-14,108222.6537913118,55411097.109184173,Earth
2385423,385423 (2003 DE6),https://ssd.jpl.nasa.gov/tools/sbdb_lookup.html#/?sstr=2385423,19.21,0.3824326621,0.8551454293,False,False,,,,
2386454,386454 (2008 XM),https://ssd.jpl.nasa.gov/tools/sbdb_lookup.html#/?sstr=2386454,20.03,0.2621530873,0.5861921237,True,False,1900-09-27,165615.7427433814,16788715.177488526,Venus
2386504,386504 (2009 BP58),https://ssd.jpl.nasa.gov/tools/sbdb_lookup.html#/?sstr=2386504,18.72,0.4792421155,1.071617948,False,False,1912-03-29,48103.5789759852,13513143.328839441,Venus
2387793,387793 (2003 WL25),https://ssd.jpl.nasa.gov/tools/sbdb_lookup.html#/?sstr=2387793,16.61,1.2663535629,2.8316526503,False,False,1914-01-02,93153.0882979523,11006413.60640497,Venus
2394392,394392 (2007 EP88),https://ssd.jpl.nasa.gov/tools/sbdb_lookup.html#/?sstr=2394392,18.37,0.5630603897,1.2590413069,False,False,1904-04-18,195331.7050035548,5368308.135672732,Merc
2395207,395207 (2010 HQ80),https://ssd.jpl.nasa.gov/tools/sbdb_lookup.html#/?sstr=2395207,19.61,0.3180936332,0.7112789871,True,False,1914-05-07,62924.7285953255,21294630.443178097,Earth
2396793,396793 (2004 JN2),https://ssd.jpl.nasa.gov/tools/sbdb_lookup.html#/?sstr=2396793,20.01,0.2645787599,0.5916160926,False,False,,,,
2396794,396794 (2004 KT),https://ssd.jpl.nasa.gov/tools/sbdb_lookup.html#/?sstr=2396794,17.71,0.7630534787,1.7062394488,False,False,1903-01-21,98625.0416980536,73781150.3793911,Earth
2397471,397471 (2007 LV),https://ssd.jpl.nasa.gov/tools/sbdb_lookup.html#/?sstr=2397471,18.19,0.6117232351,1.367854737,False,False,1967-07-27,26871.4015015073,8270583.452661533,Mars
2397847,397847 (2008 TA1),https://ssd.jpl.nasa.gov/tools/sbdb_lookup.html#/?sstr=2397847,18.7,0.4836764882,1.0815335068,False,False,1901-12-04,80182.1432710181,59819252.335997859,Earth
2399433,399433 (2001 YK4),https://ssd.jpl.nasa.gov/tools/sbdb_lookup.html#/?sstr=2399433,18.58,0.5111577815,1.1429835468,False,False,1910-12-18,77808.9621008383,12871997.495663217,Earth
2399457,399457 (2002 PD43),https://ssd.jpl.nasa.gov/tools/sbdb_lookup.html#/?sstr=2399457,19.3,0.3669061375,0.8204270649,True,False,1919-02-12,229069.9933825399,8911223.92927311,Merc
2399611,399611 (2004 BE11),https://ssd.jpl.nasa.gov/tools/sbdb_lookup.html#/?sstr=2399611,19.2,0.3841978911,0.8590926012,False,False,1920-11-11,27294.5951439101,9780343.317882951,Mars
2401857,401857 (2000 PG3),https://ssd.jpl.nasa.gov/tools/sbdb_lookup.html#/?sstr=2401857,16.14,1.5723708236,3.5159280475,False,False,1900-09-21,99993.804419237,11430072.964110743,Earth
2388798,388798 (2008 BU2),https://ssd.jpl.nasa.gov/tools/sbdb_lookup.html#/?sstr=2388798,18.44,0.5451989071,1.2191018176,False,False,1927-03-29,64970.8781192968,13232347.528457961,Mars
2388838,388838 (2008 EZ5),https://ssd.jpl.nasa.gov/tools/sbdb_lookup.html#/?sstr=2388838,19.62,0.3166321257,0.708010957,False,False,1902-05-06,27700.7398480054,13184274.791485793,Earth
2390725,390725 (2003 HB),https://ssd.jpl.nasa.gov/tools/sbdb_lookup.html#/?sstr=2390725,19.69,0.3065878759,0.6855513317,True,False,1902-05-25,46587.2019034086,8681400.596176943,Earth
2390929,390929 (2005 GP21),https://ssd.jpl.nasa.gov/tools/sbdb_lookup.html#/?sstr=2390929,20.44,0.2170475943,0.4853331752,True,False,1948-05-16,24778.1896524112,5939720.088611842,Mars
2391033,391033 (2005 TR15),https://ssd.jpl.nasa.gov/tools/sbdb_lookup.html#/?sstr=2391033,19.09,0.4041615334,0.9037326626,False,False,1937-06-22,12712.565169503,29107162.690930846,Earth
2391275,391275 (2006 SJ134),https://ssd.jpl.nasa.gov/tools/sbdb_lookup.html#/?sstr=2391275,17.96,0.6800721287,1.5206875095,False,False,,,,
2391449,391449 (2007 FL1),https://ssd.jpl.nasa.gov/tools/sbdb_lookup.html#/?sstr=2391449,18.43,0.5477154309,1.2247289359,False,False,1929-10-25,22467.8904748908,227597602.731935718,Juptr
2392211,392211 (2009 TG10),https://ssd.jpl.nasa.gov/tools/sbdb_lookup.html#/?sstr=2392211,17.58,0.8101304882,1.8115068424,False,False,1903-04-21,80305.0021360714,22055200.166216599,Earth
2392476,392476 (2011 GD3),https://ssd.jpl.nasa.gov/tools/sbdb_lookup.html#/?sstr=2392476,19.11,0.4004561582,0.8954471917,False,False,1901-03-04,85806.8293709369,20962189.85276395,Venus
2394783,394783 (2008 HD3),https://ssd.jpl.nasa.gov/tools/sbdb_lookup.html#/?sstr=2394783,19.8,0.2914439045,0.6516883822,False,False,1904-05-29,123437.3345204854,12915773.213337079,Venus
2396593,396593 (2001 HC),https://ssd.jpl.nasa.gov/tools/sbdb_lookup.html#/?sstr=2396593,19.06,0.4097839804,0.9163048363,False,False,1929-04-17,52537.0530738092,29375373.570498576,Earth
2397237,397237 (2006 KZ112),https://ssd.jpl.nasa.gov/tools/sbdb_lookup.html#/?sstr=2397237,16.76,1.1818299089,2.6426520142,False,False,1927-07-10,58691.067675682,298979447.569848528,Juptr
2397474,397474 (2007 PP6),https://ssd.jpl.nasa.gov/tools/sbdb_lookup.html#/?sstr=2397474,17.11,1.0059003902,2.249261651,False,False,1901-01-10,27869.9275567847,220732236.323234131,Juptr
2398188,398188 Agni (2010 LE15),https://ssd.jpl.nasa.gov/tools/sbdb_lookup.html#/?sstr=2398188,19.33,0.3618719966,0.8091703835,True,False,1907-01-18,35877.2652716362,7927783.179830312,Venus
2399325,399325 (1999 GY5),https://ssd.jpl.nasa.gov/tools/sbdb_lookup.html#/?sstr=2399325,20.18,0.2446554962,0.5470663205,False,False,1902-04-07,83964.0368015546,12398091.594336306,Earth
2399446,399446 (2002 GF1),https://ssd.jpl.nasa.gov/tools/sbdb_lookup.html#/?sstr=2399446,20.67,0.1952337862,0.4365560173,False,False,2049-08-19,35534.9367401332,1820075.30465724,Mars
2401856,401856 (2000 KW43),https://ssd.jpl.nasa.gov/tools/sbdb_lookup.html#/?sstr=2401856,20.27,0.2347226375,0.5248557734,True,False,1902-05-29,86452.7622574183,55181057.681964791,Earth
2401885,401885 (2001 RV17),https://ssd.jpl.nasa.gov/tools/sbdb_lookup.html#/?sstr=2401885,20.42,0.219055911,0.4898239078,False,False,1901-07-26,36662.3931129923,16188322.751178341,Venus
2401925,401925 (2002 AT15),https://ssd.jpl.nasa.gov/tools/sbdb_lookup.html#/?sstr=2401925,18.48,0.5352479056,1.1968507018,False,False,2035-06-10,65354.1135232003,7871864.647927911,Mars
2403039,403039 (2008 AE),https://ssd.jpl.nasa.gov/tools/sbdb_lookup.html#/?sstr=2403039,19.83,0.2874451443,0.6427468824,False,False,1900-07-25,27933.0279467365,59358450.130978284,Earth
2405762,405762 (2005 YO180),https://ssd.jpl.nasa.gov/tools/sbdb_lookup.html#/?sstr=2405762,20.27,0.2347226375,0.5248557734,True,False,1906-10-17,46151.8597297807,8767216.636393519,Earth
2406952,406952 (2009 KJ),https://ssd.jpl.nasa.gov/tools/sbdb_lookup.html#/?sstr=2406952,17.11,1.0059003902,2.249261651,False,False,1908-04-30,96949.1922489068,20910698.325749098,Venus
2407324,407324 (2010 OB101),https://ssd.jpl.nasa.gov/tools/sbdb_lookup.html#/?sstr=2407324,20.58,0.2034955781,0.4550299458,False,False,1901-08-03,63969.7606180877,24196069.941907421,Earth
2407338,407338 (2010 RQ30),https://ssd.jpl.nasa.gov/tools/sbdb_lookup.html#/?sstr=2407338,18.17,0.6173834405,1.3805113411,False,False,1907-08-30,18366.4721502104,17358220.864609374,Venus
2408792,408792 (2000 GF2),https://ssd.jpl.nasa.gov/tools/sbdb_lookup.html#/?sstr=2408792,20.56,0.2053784995,0.459240286,True,False,1905-04-27,29528.0366028202,22827062.957662466,Earth
2408980,408980 (2002 RB126),https://ssd.jpl.nasa.gov/tools/sbdb_lookup.html#/?sstr=2408980,18.71,0.4814541966,1.0765643117,False,False,1906-09-30,91662.5800900926,8091875.662253547,Merc
2409934,409934 (2006 UG64),https://ssd.jpl.nasa.gov/tools/sbdb_lookup.html#/?sstr=2409934,18.59,0.5088092249,1.1377320144,False,False,1912-08-27,57714.6974035784,74587538.833334693,Earth
2410627,410627 (2008 RG1),https://ssd.jpl.nasa.gov/tools/sbdb_lookup.html#/?sstr=2410627,20.91,0.1748054532,0.3908768761,True,False,1901-03-03,54993.7731260909,3536545.377743446,Earth
2410778,410778 (2009 FG19),https://ssd.jpl.nasa.gov/tools/sbdb_lookup.html#/?sstr=2410778,18.15,0.6230960191,1.3932850552,True,False,2004-10-16,144876.1985196322,54986861.246166781,Earth
2411165,411165 (2010 DF1),https://ssd.jpl.nasa.gov/tools/sbdb_lookup.html#/?sstr=2411165,22.09,0.1015207872,0.2270073813,False,False,1915-03-15,67822.7583960144,26632699.314202639,Earth
2411280,411280 (2010 SL13),https://ssd.jpl.nasa.gov/tools/sbdb_lookup.html#/?sstr=2411280,19.3,0.3669061375,0.8204270649,False,False,1909-01-22,6746.0519720376,50600040.126714434,Earth
2411611,411611 (2011 QF14),https://ssd.jpl.nasa.gov/tools/sbdb_lookup.html#/?sstr=2411611,18.75,0.4726666672,1.0569147985,False,False,1913-11-25,21018.2427016224,14334731.913720976,Earth
2412995,412995 (1999 LP28),https://ssd.jpl.nasa.gov/tools/sbdb_lookup.html#/?sstr=2412995,20.06,0.2585562121,0.5781492662,False,False,1902-04-16,22689.2217964005,66358756.496221744,Earth
2413123,413123 (2001 XS1),https://ssd.jpl.nasa.gov/tools/sbdb_lookup.html#/?sstr=2413123,18.99,0.4232090797,0.9463242708,False,False,1905-11-29,33106.1548026101,56522144.901576119,Earth
2414772,414772 (2010 OC103),https://ssd.jpl.nasa.gov/tools/sbdb_lookup.html#/?sstr=2414772,19.14,0.3949616937,0.8831611957,False,False,1904-05-07,86732.1774542178,11675185.977429834,Merc
2415267,415267 (2013 BQ45),https://ssd.jpl.nasa.gov/tools/sbdb_lookup.html#/?sstr=2415267,18.34,0.57089334,1.2765563162,False,False,1928-05-30,13132.015687614,263136948.639624355,Juptr
2415715,415715 (1999 AU23),https://ssd.jpl.nasa.gov/tools/sbdb_lookup.html#/?sstr=2415715,18.13,0.6288614556,1.4061769631,False,False,,,,
2415745,415745 (2000 GV147),https://ssd.jpl.nasa.gov/tools/sbdb_lookup.html#/?sstr=2415745,19.34,0.3602093458,0.8054525833,True,False,1903-06-21,33168.8421827475,14910570.04875935,Earth
2415949,415949 (2001 XY10),https://ssd.jpl.nasa.gov/tools/sbdb_lookup.html#/?sstr=2415949,19.37,0.3552670883,0.7944013596,False,False,1900-12-25,84731.78420717,37488532.342199579,Earth
2415987,415987 (2002 AE9),https://ssd.jpl.nasa.gov/tools/sbdb_lookup.html#/?sstr=2415987,19.2,0.3841978911,0.8590926012,False,False,1903-08-25,100964.3085023123,14753390.947662212,Venus
2416224,416224 (2002 XM90),https://ssd.jpl.nasa.gov/tools/sbdb_lookup.html#/?sstr=2416224,18.07,0.6464798256,1.4455728362,False,False,2043-08-19,49415.8863461659,11843478.644450124,Mars
2416283,416283 (2003 MM),https://ssd.jpl.nasa.gov/tools/sbdb_lookup.html#/?sstr=2416283,21.62,0.1260535197,0.2818642388,False,False,1906-11-02,66841.6243170035,58963390.041351252,Earth
2401998,401998 (2003 MO),https://ssd.jpl.nasa.gov/tools/sbdb_lookup.html#/?sstr=2401998,18.42,0.5502435705,1.2303820278,False,False,1911-04-22,30773.8800395203,291632241.381663941,Juptr
2402267,402267 (2005 QE166),https://ssd.jpl.nasa.gov/tools/sbdb_lookup.html#/?sstr=2402267,17.07,1.0246014747,2.2910785472,False,False,1909-10-27,42069.5691730765,5331715.80852053,Mars
2403775,403775 (2011 HS4),https://ssd.jpl.nasa.gov/tools/sbdb_lookup.html#/?sstr=2403775,20.9,0.1756123185,0.3926810818,True,False,1900-04-25,100625.6497763581,36945836.433436532,Earth
2404108,404108 (2012 SF51),https://ssd.jpl.nasa.gov/tools/sbdb_lookup.html#/?sstr=2404108,15.45,2.160503512,4.8310327184,False,False,1974-03-27,67674.8569874911,28686041.066612392,Earth
2405189,405189 (2003 BO1),https://ssd.jpl.nasa.gov/tools/sbdb_lookup.html#/?sstr=2405189,20.8,0.1838886721,0.411187571,False,False,1922-09-28,23943.4409537628,9484347.835357139,Mars
2405427,405427 (2004 ST9),https://ssd.jpl.nasa.gov/tools/sbdb_lookup.html#/?sstr=2405427,18.09,0.6405528629,1.4323197447,False,False,1917-11-21,8942.4765005003,289850463.864756264,Juptr
2405562,405562 (2005 OJ3),https://ssd.jpl.nasa.gov/tools/sbdb_lookup.html#/?sstr=2405562,18.21,0.6061149227,1.3553141694,False,False,1923-10-14,14101.2211791605,292898823.341853866,Juptr
2408752,408752 (1991 TB2),https://ssd.jpl.nasa.gov/tools/sbdb_lookup.html#/?sstr=2408752,17.23,0.9518203298,2.1283349598,False,False,1900-05-13,86700.4367063292,18076497.534463584,Earth
2408982,408982 (2002 SP),https://ssd.jpl.nasa.gov/tools/sbdb_lookup.html#/?sstr=2408982,20.78,0.185590173,0.4149922428,False,False,1905-10-04,80081.3389986047,6838266.709671726,Merc
2409256,409256 (2004 HO1),https://ssd.jpl.nasa.gov/tools/sbdb_lookup.html#/?sstr=2409256,18.42,0.5502435705,1.2303820278,False,False,1909-06-01,54389.7337012643,48986691.366009386,Earth
2409836,409836 (2006 QY110),https://ssd.jpl.nasa.gov/tools/sbdb_lookup.html#/?sstr=2409836,18.07,0.6464798256,1.4455728362,True,False,1972-02-14,37570.5092934749,19742696.574757333,Venus
2412977,412977 (1990 UO),https://ssd.jpl.nasa.gov/tools/sbdb_lookup.html#/?sstr=2412977,19.57,0.3240074354,0.7245026508,False,False,1914-11-05,105392.1154771127,29473447.959378692,Earth
2413002,413002 (1999 VG22),https://ssd.jpl.nasa.gov/tools/sbdb_lookup.html#/?sstr=2413002,18.86,0.4493191996,1.004708274,False,False,1905-02-02,13525.856158722,24788091.709160478,Earth
2413021,413021 (2000 SY162),https://ssd.jpl.nasa.gov/tools/sbdb_lookup.html#/?sstr=2413021,19.45,0.3424167308,0.7656670868,False,False,1913-10-20,17004.4216388052,49832363.652143073,Earth
2413577,413577 (2005 UL5),https://ssd.jpl.nasa.gov/tools/sbdb_lookup.html#/?sstr=2413577,20.34,0.2272767323,0.5082062231,True,False,1907-04-16,85092.3652844041,18224889.555872662,Venus
2413820,413820 (2006 QR89),https://ssd.jpl.nasa.gov/tools/sbdb_lookup.html#/?sstr=2413820,19.65,0.3122877701,0.6982966825,False,False,1910-11-21,8676.0811049076,40472744.222721607,Earth
2414287,414287 (2008 OB9),https://ssd.jpl.nasa.gov/tools/sbdb_lookup.html#/?sstr=2414287,17.73,0.7560577624,1.6905965516,True,False,1919-01-14,48008.5897253512,35826067.279700817,Earth
2414429,414429 (2009 DC43),https://ssd.jpl.nasa.gov/tools/sbdb_lookup.html#/?sstr=2414429,18.02,0.6615382752,1.4792445531,False,False,1917-07-09,58387.8813941912,26773056.149778064,Earth
2414532,414532 (2009 SM103),https://ssd.jpl.nasa.gov/tools/sbdb_lookup.html#/?sstr=2414532,16.86,1.128638801,2.523713081,False,False,,,,
2414586,414586 (2009 UV18),https://ssd.jpl.nasa.gov/tools/sbdb_lookup.html#/?sstr=2414586,16.13,1.5796285576,3.532156834,False,False,1939-02-03,38251.912120529,243452769.291288767,Juptr
2414800,414800 (2010 SV3),https://ssd.jpl.nasa.gov/tools/sbdb_lookup.html#/?sstr=2414800,20.7,0.1925550782,0.4305662442,False,False,1904-03-02,72169.1967333798,27357047.30889229,Earth
2415746,415746 (2000 JN10),https://ssd.jpl.nasa.gov/tools/sbdb_lookup.html#/?sstr=2415746,17.99,0.6707411893,1.4998228946,False,False,1905-05-15,39704.8369491835,10940761.623729102,Mars
2416032,416032 (2002 EX11),https://ssd.jpl.nasa.gov/tools/sbdb_lookup.html#/?sstr=2416032,20.81,0.1830437804,0.4092983358,False,False,1901-02-04,30095.1956635994,50941606.381675812,Earth
2416195,416195 (2002 TR190),https://ssd.jpl.nasa.gov/tools/sbdb_lookup.html#/?sstr=2416195,19.44,0.3439972547,0.7692012455,True,False,1909-04-20,59946.5772596527,25428655.920777929,Earth
2416217,416217 (2002 VD118),https://ssd.jpl.nasa.gov/tools/sbdb_lookup.html#/?sstr=2416217,20.57,0.204434871,0.4571302686,False,False,1903-10-14,28462.4080845919,63338713.203153482,Earth
2416567,416567 (2004 EB),https://ssd.jpl.nasa.gov/tools/sbdb_lookup.html#/?sstr=2416567,17.13,0.99667824,2.2286402963,False,False,1917-11-25,45396.1600664195,295709967.331506056,Juptr
2416675,416675 (2004 XJ3),https://ssd.jpl.nasa.gov/tools/sbdb_lookup.html#/?sstr=2416675,17.76,0.745684261,1.6674006973,False,False,1907-11-26,81024.9548757991,66986095.193986318,Earth
2417201,417201 (2005 XM4),https://ssd.jpl.nasa.gov/tools/sbdb_lookup.html#/?sstr=2417201,19.71,0.3037770614,0.6792661593,False,False,1905-07-16,50723.6034947591,13736448.952015874,Mars
2417217,417217 (2005 YS),https://ssd.jpl.nasa.gov/tools/sbdb_lookup.html#/?sstr=2417217,19.52,0.3315545381,0.7413784854,True,False,1900-01-03,68896.6397664746,15367419.608777359,Earth
2417871,417871 (2007 MB24),https://ssd.jpl.nasa.gov/tools/sbdb_lookup.html#/?sstr=2417871,18.34,0.57089334,1.2765563162,True,False,1917-06-17,103577.2624703286,24246519.100883687,Earth
2418896,418896 (2009 AK15),https://ssd.jpl.nasa.gov/tools/sbdb_lookup.html#/?sstr=2418896,19.48,0.3377185972,0.7551617405,False,False,1911-06-11,42914.2358026361,4918910.21011708,Venus
2419880,419880 (2011 AH37),https://ssd.jpl.nasa.gov/tools/sbdb_lookup.html#/?sstr=2419880,19.83,0.2874451443,0.6427468824,True,False,1907-02-12,86732.9856806796,30682892.389422521,Earth
2420048,420048 (2011 DL19),https://ssd.jpl.nasa.gov/tools/sbdb_lookup.html#/?sstr=2420048,18.88,0.4451998164,0.9954970531,False,False,1913-06-20,64390.6619958492,17025792.945134816,Earth
2422659,422659 (1998 LD),https://ssd.jpl.nasa.gov/tools/sbdb_lookup.html#/?sstr=2422659,19.96,0.2707415909,0.6053966017,False,False,1901-05-31,42755.0400288295,41800020.207939647,Earth
2422699,422699 (2000 PD3),https://ssd.jpl.nasa.gov/tools/sbdb_lookup.html#/?sstr=2422699,18.28,0.586887658,1.3123206985,True,False,1902-01-11,57047.1666999606,9210532.840061765,Earth
2423210,423210 (2004 RD84),https://ssd.jpl.nasa.gov/tools/sbdb_lookup.html#/?sstr=2423210,19.16,0.3913406631,0.8750643252,False,False,,,,
2424392,424392 (2007 YJ),https://ssd.jpl.nasa.gov/tools/sbdb_lookup.html#/?sstr=2424392,22.11,0.100590039,0.2249261651,False,False,1906-04-03,26242.680026615,27065406.26132729,Earth
2425250,425250 (2009 WG54),https://ssd.jpl.nasa.gov/tools/sbdb_lookup.html#/?sstr=2425250,21.18,0.1543671822,0.3451755128,False,False,1916-09-26,36198.9349018927,4400022.323651349,Mars
2426082,426082 (2012 DG31),https://ssd.jpl.nasa.gov/tools/sbdb_lookup.html#/?sstr=2426082,20.12,0.2515098375,0.5623930936,False,False,,,,
2416801,416801 (2005 GC120),https://ssd.jpl.nasa.gov/tools/sbdb_lookup.html#/?sstr=2416801,19.64,0.313729225,0.7015198735,True,False,1909-01-27,69721.4883490146,10858180.338255536,Venus
2416804,416804 (2005 GP128),https://ssd.jpl.nasa.gov/tools/sbdb_lookup.html#/?sstr=2416804,18.68,0.4881518917,1.0915408131,False,False,1931-02-06,23826.2139110424,277294344.35100844,Juptr
2417211,417211 (2005 XL80),https://ssd.jpl.nasa.gov/tools/sbdb_lookup.html#/?sstr=2417211,18.26,0.5923180627,1.3244634524,True,False,1913-03-10,36332.0280514609,26903424.200935506,Earth
2417581,417581 (2006 VA3),https://ssd.jpl.nasa.gov/tools/sbdb_lookup.html#/?sstr=2417581,17.39,0.8842090927,1.9771516375,False,False,1944-04-01,153941.0871940697,19924102.617067148,Venus
2417612,417612 (2006 WQ29),https://ssd.jpl.nasa.gov/tools/sbdb_lookup.html#/?sstr=2417612,18.43,0.5477154309,1.2247289359,True,False,1963-04-25,30546.990734644,21617924.709579166,Earth
2418135,418135 (2008 AG33),https://ssd.jpl.nasa.gov/tools/sbdb_lookup.html#/?sstr=2418135,19.37,0.3552670883,0.7944013596,True,False,1902-04-25,36903.166869506,5440757.785722252,Earth
2418198,418198 (2008 CN70),https://ssd.jpl.nasa.gov/tools/sbdb_lookup.html#/?sstr=2418198,18.93,0.4350658314,0.9728367737,False,False,1905-02-16,50569.2344076527,26165958.956371497,Earth
2418416,418416 (2008 LV16),https://ssd.jpl.nasa.gov/tools/sbdb_lookup.html#/?sstr=2418416,20.29,0.2325706875,0.5200438667,True,False,1902-07-08,61893.3581272166,12403107.730595702,Earth
2418849,418849 (2008 WM64),https://ssd.jpl.nasa.gov/tools/sbdb_lookup.html#/?sstr=2418849,20.47,0.2140695897,0.4786741544,True,False,1900-12-21,62025.8922542056,10290182.268548974,Earth
2418900,418900 (2009 BE2),https://ssd.jpl.nasa.gov/tools/sbdb_lookup.html#/?sstr=2418900,19.2,0.3841978911,0.8590926012,False,False,1910-06-16,47139.8110825057,18264937.174947828,Earth
2419464,419464 (2010 CC180),https://ssd.jpl.nasa.gov/tools/sbdb_lookup.html#/?sstr=2419464,18.72,0.4792421155,1.071617948,False,False,1910-03-31,28440.6165025304,45380598.073141023,Earth
2420210,420210 (2011 HF),https://ssd.jpl.nasa.gov/tools/sbdb_lookup.html#/?sstr=2420210,20.43,0.2180494405,0.4875733714,True,False,1902-05-28,23681.2397402143,55282654.846367028,Earth
2420286,420286 (2011 RZ),https://ssd.jpl.nasa.gov/tools/sbdb_lookup.html#/?sstr=2420286,18.65,0.4949427609,1.1067256584,False,False,1905-03-16,70333.8627596933,67414622.316784021,Earth
2422637,422637 (1985 WA),https://ssd.jpl.nasa.gov/tools/sbdb_lookup.html#/?sstr=2422637,18.14,0.6259720997,1.3997161669,False,False,1923-11-27,57117.3293481386,55069455.307298445,Earth
2422638,422638 (1994 CB),https://ssd.jpl.nasa.gov/tools/sbdb_lookup.html#/?sstr=2422638,21.09,0.1608996045,0.3597824532,False,False,1909-02-10,35890.7121532074,26053531.564411888,Earth
2422686,422686 (2000 AC6),https://ssd.jpl.nasa.gov/tools/sbdb_lookup.html#/?sstr=2422686,21.6,0.1272198785,0.2844722965,True,False,1903-08-21,29574.3647544639,16899554.184143836,Venus
2422787,422787 (2001 WS1),https://ssd.jpl.nasa.gov/tools/sbdb_lookup.html#/?sstr=2422787,17.03,1.0436502383,2.3336728776,True,False,1945-03-17,18168.921930529,241134428.091746361,Juptr
2422977,422977 (2003 MV7),https://ssd.jpl.nasa.gov/tools/sbdb_lookup.html#/?sstr=2422977,20.11,0.2526707542,0.5649889822,False,False,1905-10-14,11691.75923591,70844080.497733248,Earth
2423022,423022 (2003 TJ2),https://ssd.jpl.nasa.gov/tools/sbdb_lookup.html#/?sstr=2423022,18.92,0.437074004,0.9773271842,False,False,1912-11-22,60445.8408931308,7814292.865084779,Venus
2423100,423100 (2004 BX1),https://ssd.jpl.nasa.gov/tools/sbdb_lookup.html#/?sstr=2423100,18.45,0.5426939457,1.2135005535,False,False,1904-02-15,109550.4088977799,35537728.649995428,Earth
2423321,423321 (2005 ED318),https://ssd.jpl.nasa.gov/tools/sbdb_lookup.html#/?sstr=2423321,20.9,0.1756123185,0.3926810818,True,False,1937-04-08,54636.4798286947,43268090.318266909,Earth
2427499,427499 (2002 CZ58),https://ssd.jpl.nasa.gov/tools/sbdb_lookup.html#/?sstr=2427499,19.21,0.3824326621,0.8551454293,False,False,1998-12-18,49328.3292800072,11425628.830267079,Mars
2427621,427621 (2003 UN12),https://ssd.jpl.nasa.gov/tools/sbdb_lookup.html#/?sstr=2427621,18.33,0.573528464,1.2824486324,False,False,1952-05-17,25356.2174745535,6264807.270525074,Mars
2427643,427643 (2003 VF1),https://ssd.jpl.nasa.gov/tools/sbdb_lookup.html#/?sstr=2427643,17.32,0.9131770255,2.0419259045,False,False,1906-03-06,87896.888425066,9055006.526151961,Mars
2427684,427684 (2004 DH2),https://ssd.jpl.nasa.gov/tools/sbdb_lookup.html#/?sstr=2427684,20.23,0.2390864572,0.5346135707,False,False,1915-02-18,49238.7611044928,28458866.603161167,Earth
2428086,428086 (2006 NM),https://ssd.jpl.nasa.gov/tools/sbdb_lookup.html#/?sstr=2428086,16.33,1.4406383667,3.2213653189,False,False,1920-01-14,18272.2571567441,146650830.138376424,Juptr
2429382,429382 (2010 NW117),https://ssd.jpl.nasa.gov/tools/sbdb_lookup.html#/?sstr=2429382,18.34,0.57089334,1.2765563162,False,False,1911-07-22,6906.2785429139,274101709.18749268,Juptr
2429389,429389 (2010 PR10),https://ssd.jpl.nasa.gov/tools/sbdb_lookup.html#/?sstr=2429389,21.66,0.1237527837,0.2767196367,False,False,1901-03-27,26416.189034059,59148498.077431448,Earth
2429733,429733 Gilbertbaker (2011 LX10),https://ssd.jpl.nasa.gov/tools/sbdb_lookup.html#/?sstr=2429733,16.55,1.3018321019,2.9109850751,False,False,1977-03-24,22726.2237403926,277180927.877771539,Juptr
2429736,429736 (2011 MB2),https://ssd.jpl.nasa.gov/tools/sbdb_lookup.html#/?sstr=2429736,20.25,0.2368944994,0.5297122041,False,False,1903-01-25,51267.2712443708,28802946.760569173,Earth
2431107,431107 (2006 GU),https://ssd.jpl.nasa.gov/tools/sbdb_lookup.html#/?sstr=2431107,17.69,0.7701139256,1.7220270881,False,False,1907-07-08,25573.5399123581,244422511.378735452,Juptr
2431775,431775 (2008 JO24),https://ssd.jpl.nasa.gov/tools/sbdb_lookup.html#/?sstr=2431775,18.74,0.4748483974,1.0617932956,False,False,1909-07-12,47439.0139392792,13179825.601234123,Mars
2431776,431776 (2008 JQ24),https://ssd.jpl.nasa.gov/tools/sbdb_lookup.html#/?sstr=2431776,17.84,0.7187121332,1.607089186,False,False,1963-11-21,26499.7252330472,4790724.956440595,Mars
2432655,432655 (2010 XL69),https://ssd.jpl.nasa.gov/tools/sbdb_lookup.html#/?sstr=2432655,19.76,0.2968622513,0.6638041738,False,False,2120-11-04,32205.1664169442,8915545.198386143,Mars
2433939,433939 (1995 DW1),https://ssd.jpl.nasa.gov/tools/sbdb_lookup.html#/?sstr=2433939,21.17,0.1550797087,0.3467687706,False,False,1904-04-18,55940.3476340818,19539809.131023377,Venus
2434007,434007 (2000 VH61),https://ssd.jpl.nasa.gov/tools/sbdb_lookup.html#/?sstr=2434007,18.55,0.5182686946,1.1588840318,False,False,1914-01-09,12901.1261090467,69730898.826363835,Earth
2434051,434051 (2001 UW16),https://ssd.jpl.nasa.gov/tools/sbdb_lookup.html#/?sstr=2434051,19.77,0.2954982931,0.6607542706,False,False,1938-02-04,59637.0305358742,6976401.777521059,Mars
2434196,434196 (2003 HG2),https://ssd.jpl.nasa.gov/tools/sbdb_lookup.html#/?sstr=2434196,21.56,0.1295850727,0.2897610314,True,False,1911-04-12,39673.7808729815,25074692.026576254,Earth
2435548,435548 (2008 QT3),https://ssd.jpl.nasa.gov/tools/sbdb_lookup.html#/?sstr=2435548,18.87,0.4472547654,1.0000920588,True,False,1911-11-10,33378.6399331393,13570646.251783012,Earth
2436030,436030 (2009 JO2),https://ssd.jpl.nasa.gov/tools/sbdb_lookup.html#/?sstr=2436030,19.42,0.3471802221,0.776318577,False,False,1904-08-27,67927.0348163664,20063228.815684592,Venus
2436324,436324 (2010 GZ6),https://ssd.jpl.nasa.gov/tools/sbdb_lookup.html#/?sstr=2436324,19.44,0.3439972547,0.7692012455,False,False,1909-10-23,71479.4152804859,8779951.409393648,Mars
2436568,436568 (2011 HB53),https://ssd.jpl.nasa.gov/tools/sbdb_lookup.html#/?sstr=2436568,17.22,0.9562137328,2.1381589077,False,False,1900-08-15,27159.0166426283,220330062.914727747,Juptr
2436654,436654 (2011 RR12),https://ssd.jpl.nasa.gov/tools/sbdb_lookup.html#/?sstr=2436654,19.28,0.3703010782,0.828018383,False,False,1901-10-06,15273.4244963063,25614639.732708679,Earth
2436774,436774 (2012 KY3),https://ssd.jpl.nasa.gov/tools/sbdb_lookup.html#/?sstr=2436774,18.41,0.5527833794,1.2360612132,True,False,1904-04-04,50456.302289752,28000378.991346019,Earth
2437879,437879 (2001 RX11),https://ssd.jpl.nasa.gov/tools/sbdb_lookup.html#/?sstr=2437879,17.72,0.7595475664,1.6983999907,False,False,1907-03-31,25526.3821150318,274971033.7795008,Juptr
2437965,437965 (2003 AL73),https://ssd.jpl.nasa.gov/tools/sbdb_lookup.html#/?sstr=2437965,19.49,0.3361669212,0.7516920875,False,False,1903-06-18,52787.1620627035,10015702.684716125,Venus
2437994,437994 (2003 UL12),https://ssd.jpl.nasa.gov/tools/sbdb_lookup.html#/?sstr=2437994,17.48,0.8483107619,1.8968805296,False,False,1924-11-26,47370.9876451294,49214798.557220274,Earth
2428681,428681 (2008 JA8),https://ssd.jpl.nasa.gov/tools/sbdb_lookup.html#/?sstr=2428681,17.91,0.6959130436,1.5561088719,False,False,,,,
2428694,428694 Saule (2008 OS9),https://ssd.jpl.nasa.gov/tools/sbdb_lookup.html#/?sstr=2428694,19.3,0.3669061375,0.8204270649,False,False,1921-07-15,84115.3187322587,17046348.171186,Venus
2429584,429584 (2011 EU29),https://ssd.jpl.nasa.gov/tools/sbdb_lookup.html#/?sstr=2429584,19.8,0.2914439045,0.6516883822,True,False,1908-10-28,69264.8290673233,10620835.628170018,Mars
2430439,430439 (2000 LF6),https://ssd.jpl.nasa.gov/tools/sbdb_lookup.html#/?sstr=2430439,19.8,0.2914439045,0.6516883822,False,False,1915-01-23,46424.5919761288,5272692.208268622,Mars
2430544,430544 (2002 GM2),https://ssd.jpl.nasa.gov/tools/sbdb_lookup.html#/?sstr=2430544,18.73,0.477040198,1.0666943108,True,False,1900-07-31,108727.9832430886,20902059.407791486,Earth
2430804,430804 (2005 AD13),https://ssd.jpl.nasa.gov/tools/sbdb_lookup.html#/?sstr=2430804,17.89,0.7023522477,1.57050737,True,False,1901-05-29,93048.8191249853,10617249.198754212,Venus
2431760,431760 (2008 HE),https://ssd.jpl.nasa.gov/tools/sbdb_lookup.html#/?sstr=2431760,18.1,0.6376097899,1.4257388333,False,False,1911-05-21,36364.6827781308,170198339.967233403,Juptr
2432509,432509 (2010 FF7),https://ssd.jpl.nasa.gov/tools/sbdb_lookup.html#/?sstr=2432509,19.48,0.3377185972,0.7551617405,False,False,1915-02-07,90329.5622916108,8590743.613766528,Merc
2433303,433303 (2013 NX),https://ssd.jpl.nasa.gov/tools/sbdb_lookup.html#/?sstr=2433303,22.09,0.1015207872,0.2270073813,False,False,1904-08-06,52394.8492804162,49969395.345942434,Earth
2433960,433960 (1999 JU6),https://ssd.jpl.nasa.gov/tools/sbdb_lookup.html#/?sstr=2433960,19.91,0.2770479727,0.6194981001,False,False,1996-06-02,38912.5056082378,10311796.707358906,Mars
2433992,433992 (2000 HD74),https://ssd.jpl.nasa.gov/tools/sbdb_lookup.html#/?sstr=2433992,17.93,0.6895328745,1.54184238,False,False,1941-10-20,48532.6488217687,250126574.430672394,Juptr
2434053,434053 (2001 UP27),https://ssd.jpl.nasa.gov/tools/sbdb_lookup.html#/?sstr=2434053,20.72,0.1907897226,0.4266187892,False,False,,,,
2434326,434326 (2004 JG6),https://ssd.jpl.nasa.gov/tools/sbdb_lookup.html#/?sstr=2434326,18.48,0.5352479056,1.1968507018,True,False,1902-05-02,88396.6950100944,7498157.649631921,Merc
2434344,434344 (2004 RV10),https://ssd.jpl.nasa.gov/tools/sbdb_lookup.html#/?sstr=2434344,19.87,0.2821986791,0.6310154296,False,False,,,,
2434677,434677 (2006 BZ7),https://ssd.jpl.nasa.gov/tools/sbdb_lookup.html#/?sstr=2434677,17.45,0.8601119401,1.9232687664,True,False,1916-12-19,134605.7027256985,18731615.554381429,Earth
2434740,434740 (2006 GZ),https://ssd.jpl.nasa.gov/tools/sbdb_lookup.html#/?sstr=2434740,19.49,0.3361669212,0.7516920875,False,False,2074-10-10,50897.2691525465,24124864.661900348,Earth
2436037,436037 (2009 NJ),https://ssd.jpl.nasa.gov/tools/sbdb_lookup.html#/?sstr=2436037,18.68,0.4881518917,1.0915408131,False,False,1909-11-25,50817.5408162257,21765208.18085197,Venus
2436325,436325 (2010 GR7),https://ssd.jpl.nasa.gov/tools/sbdb_lookup.html#/?sstr=2436325,18.36,0.5656593584,1.2648527775,False,False,1913-11-16,162849.2699456672,12852843.71741798,Merc
2436771,436771 (2012 JG11),https://ssd.jpl.nasa.gov/tools/sbdb_lookup.html#/?sstr=2436771,19.03,0.4154846434,0.9290519063,False,False,1900-11-02,54681.7849946158,72216272.211193485,Earth
2436775,436775 (2012 LC1),https://ssd.jpl.nasa.gov/tools/sbdb_lookup.html#/?sstr=2436775,16.85,1.133848361,2.5353620113,False,False,1903-11-23,108157.4048396239,62138780.130885318,Earth
2438116,438116 (2005 NX44),https://ssd.jpl.nasa.gov/tools/sbdb_lookup.html#/?sstr=2438116,17.36,0.8965096664,2.0046565566,False,False,1906-06-17,195894.16126771,13438062.237296834,Merc
2438429,438429 (2006 WN1),https://ssd.jpl.nasa.gov/tools/sbdb_lookup.html#/?sstr=2438429,18.87,0.4472547654,1.0000920588,False,False,1945-08-24,14866.9394845563,23447638.993954968,Earth
2438661,438661 (2008 EP6),https://ssd.jpl.nasa.gov/tools/sbdb_lookup.html#/?sstr=2438661,19.22,0.3806755436,0.8512163929,True,False,1903-02-05,49909.6703192515,16115963.996794633,Earth
2438897,438897 (2009 WN),https://ssd.jpl.nasa.gov/tools/sbdb_lookup.html#/?sstr=2438897,18.83,0.4555698523,1.0186851583,False,False,1926-02-26,59757.4123750145,14755592.609434576,Mars
2438990,438990 (2010 SG13),https://ssd.jpl.nasa.gov/tools/sbdb_lookup.html#/?sstr=2438990,18.34,0.57089334,1.2765563162,False,False,1900-05-31,110086.3334849652,16968632.661152693,Earth
2439854,439854 (1998 XA5),https://ssd.jpl.nasa.gov/tools/sbdb_lookup.html#/?sstr=2439854,18.73,0.477040198,1.0666943108,False,False,1925-01-02,63845.9023743558,60630981.703176618,Earth
2439908,439908 (2000 XH47),https://ssd.jpl.nasa.gov/tools/sbdb_lookup.html#/?sstr=2439908,19.41,0.3487827332,0.7799019007,False,False,1900-08-14,30984.8454238457,63400168.247506074,Earth
2440012,440012 (2002 LE27),https://ssd.jpl.nasa.gov/tools/sbdb_lookup.html#/?sstr=2440012,19.61,0.3180936332,0.7112789871,False,False,1928-07-30,13722.3848325289,30859609.346336334,Earth
2441103,441103 (2007 SP6),https://ssd.jpl.nasa.gov/tools/sbdb_lookup.html#/?sstr=2441103,18.19,0.6117232351,1.367854737,False,False,1908-11-17,41498.0673806322,44119777.097005224,Earth
2441825,441825 (2009 SK1),https://ssd.jpl.nasa.gov/tools/sbdb_lookup.html#/?sstr=2441825,18.4,0.5553349116,1.2417666126,False,False,1910-09-29,47989.9539388559,7154715.437380743,Mars
2441952,441952 (2010 LR68),https://ssd.jpl.nasa.gov/tools/sbdb_lookup.html#/?sstr=2441952,18.39,0.5578982211,1.2474983468,False,False,1905-10-23,30989.9373899213,41824065.552297931,Earth
2442177,442177 (2010 XC24),https://ssd.jpl.nasa.gov/tools/sbdb_lookup.html#/?sstr=2442177,19.94,0.273246732,0.6109982675,False,False,1902-06-17,70496.6350355021,41282884.606204587,Earth
2442559,442559 (2012 AU10),https://ssd.jpl.nasa.gov/tools/sbdb_lookup.html#/?sstr=2442559,18.19,0.6117232351,1.367854737,False,False,,,,
2443104,443104 (2013 XK22),https://ssd.jpl.nasa.gov/tools/sbdb_lookup.html#/?sstr=2443104,24.16,0.0391340663,0.0875064325,False,False,1915-12-05,53266.4004872412,41306693.137134661,Earth
2443923,443923 (2002 RU25),https://ssd.jpl.nasa.gov/tools/sbdb_lookup.html#/?sstr=2443923,17.57,0.8138698807,1.819868378,False,False,,,,
2444193,444193 (2005 SE71),https://ssd.jpl.nasa.gov/tools/sbdb_lookup.html#/?sstr=2444193,18.19,0.6117232351,1.367854737,True,False,1902-04-26,44927.8258841597,25963053.097139744,Earth
2444628,444628 (2006 WQ1),https://ssd.jpl.nasa.gov/tools/sbdb_lookup.html#/?sstr=2444628,19.51,0.3330849243,0.744800533,False,False,1911-07-20,31093.960940884,22214388.965099317,Earth
2445025,445025 (2008 NS1),https://ssd.jpl.nasa.gov/tools/sbdb_lookup.html#/?sstr=2445025,17.43,0.8680704579,1.9410645532,False,False,1911-05-31,73786.1656145303,46655582.033141841,Earth
2445775,445775 (2011 YA),https://ssd.jpl.nasa.gov/tools/sbdb_lookup.html#/?sstr=2445775,18.61,0.5041444339,1.1273012246,False,False,1901-04-05,89391.5187097151,71589983.316481636,Earth
2446804,446804 (1999 VN6),https://ssd.jpl.nasa.gov/tools/sbdb_lookup.html#/?sstr=2446804,19.59,0.3210369174,0.7178603705,False,False,1926-11-30,42515.9471238451,25639595.709221227,Earth
2446862,446862 (2001 VB76),https://ssd.jpl.nasa.gov/tools/sbdb_lookup.html#/?sstr=2446862,20.53,0.208235599,0.4656289548,True,False,1928-01-23,20547.2670632639,8364961.981283938,Earth
2446963,446963 (2003 TK),https://ssd.jpl.nasa.gov/tools/sbdb_lookup.html#/?sstr=2446963,19.5,0.3346223745,0.7482383761,False,False,1902-07-10,34322.0647280724,36769715.908270622,Earth
2447655,447655 (2006 WA),https://ssd.jpl.nasa.gov/tools/sbdb_lookup.html#/?sstr=2447655,19.98,0.2682594171,0.5998462923,False,False,1900-05-26,50385.5434888628,65850672.13409359,Earth
2447755,447755 (2007 JX2),https://ssd.jpl.nasa.gov/tools/sbdb_lookup.html#/?sstr=2447755,19.69,0.3065878759,0.6855513317,True,False,1920-04-02,43010.4378961199,7044976.364024395,Earth
2447795,447795 (2007 TH19),https://ssd.jpl.nasa.gov/tools/sbdb_lookup.html#/?sstr=2447795,17.91,0.6959130436,1.5561088719,False,False,2093-06-26,21867.9895136729,27680953.32586315,Earth
2447977,447977 (2008 CC119),https://ssd.jpl.nasa.gov/tools/sbdb_lookup.html#/?sstr=2447977,18.69,0.4859090375,1.0865256386,False,False,1902-10-29,25759.7858656665,231967021.909079889,Juptr
2437841,437841 (1998 HD14),https://ssd.jpl.nasa.gov/tools/sbdb_lookup.html#/?sstr=2437841,21.0,0.1677084622,0.3750075218,True,False,1908-01-31,34809.9751069914,3290103.950298542,Venus
2437846,437846 (1999 RJ27),https://ssd.jpl.nasa.gov/tools/sbdb_lookup.html#/?sstr=2437846,19.45,0.3424167308,0.7656670868,False,False,,,,
2438017,438017 (2003 YO3),https://ssd.jpl.nasa.gov/tools/sbdb_lookup.html#/?sstr=2438017,18.54,0.5206609142,1.1642331974,False,False,1929-01-20,57279.215272559,15393705.151319319,Earth
2438430,438430 (2006 WL3),https://ssd.jpl.nasa.gov/tools/sbdb_lookup.html#/?sstr=2438430,20.11,0.2526707542,0.5649889822,False,False,1911-12-24,41033.3376345289,24002158.983724732,Earth
2438902,438902 (2009 WF104),https://ssd.jpl.nasa.gov/tools/sbdb_lookup.html#/?sstr=2438902,17.5,0.8405334021,1.8794898244,False,False,1903-06-01,35802.4634886906,220662549.10257267,Juptr
2438908,438908 (2009 XO),https://ssd.jpl.nasa.gov/tools/sbdb_lookup.html#/?sstr=2438908,20.63,0.1988634532,0.4446721997,True,False,1904-01-03,18449.3009744127,20733541.670775781,Venus
2439437,439437 (2013 NK4),https://ssd.jpl.nasa.gov/tools/sbdb_lookup.html#/?sstr=2439437,18.94,0.4330668855,0.9683669947,True,False,1900-12-05,55194.4036760911,12861022.487287259,Venus
2439889,439889 (2000 PG5),https://ssd.jpl.nasa.gov/tools/sbdb_lookup.html#/?sstr=2439889,20.38,0.2231284644,0.4989304142,False,False,1985-07-03,49082.815309388,62800246.156899169,Earth
2441058,441058 (2007 PH25),https://ssd.jpl.nasa.gov/tools/sbdb_lookup.html#/?sstr=2441058,16.54,1.3078410858,2.9244215717,False,False,1902-08-15,52510.1180420938,256238536.240957212,Juptr
2442037,442037 (2010 PR66),https://ssd.jpl.nasa.gov/tools/sbdb_lookup.html#/?sstr=2442037,19.26,0.3737274319,0.8356799428,True,False,1917-10-28,28219.9161389594,202520559.565395396,Juptr
2442609,442609 (2012 KU42),https://ssd.jpl.nasa.gov/tools/sbdb_lookup.html#/?sstr=2442609,17.62,0.7953439404,1.7784431163,False,False,1914-08-06,51252.6081243262,23543604.112707232,Earth
2443806,443806 (1998 FL3),https://ssd.jpl.nasa.gov/tools/sbdb_lookup.html#/?sstr=2443806,21.72,0.1203801767,0.2691782583,True,False,1906-03-25,49478.8979792423,60724286.672604542,Earth
2443837,443837 (2000 TJ1),https://ssd.jpl.nasa.gov/tools/sbdb_lookup.html#/?sstr=2443837,19.68,0.3080030213,0.6887156928,False,False,,,,
2444185,444185 (2005 SR1),https://ssd.jpl.nasa.gov/tools/sbdb_lookup.html#/?sstr=2444185,19.21,0.3824326621,0.8551454293,False,False,1930-10-29,5636.1743373636,276836397.550453129,Juptr
2444627,444627 (2006 WU),https://ssd.jpl.nasa.gov/tools/sbdb_lookup.html#/?sstr=2444627,19.08,0.4060270583,0.907904103,False,False,1902-02-09,5779.7288650914,58344942.48355311,Earth
2444935,444935 (2008 CQ1),https://ssd.jpl.nasa.gov/tools/sbdb_lookup.html#/?sstr=2444935,19.33,0.3618719966,0.8091703835,False,False,1964-07-03,3343.2203625291,286319537.62236661,Juptr
2445305,445305 (2010 DM56),https://ssd.jpl.nasa.gov/tools/sbdb_lookup.html#/?sstr=2445305,19.81,0.2901048414,0.648694146,True,False,1936-09-19,51087.3810236708,19069256.450992729,Earth
2445974,445974 (2013 BJ18),https://ssd.jpl.nasa.gov/tools/sbdb_lookup.html#/?sstr=2445974,20.29,0.2325706875,0.5200438667,True,False,1902-03-01,36503.4479035046,11865546.379765943,Mars
2446789,446789 (1998 FN9),https://ssd.jpl.nasa.gov/tools/sbdb_lookup.html#/?sstr=2446789,20.91,0.1748054532,0.3908768761,False,False,1927-03-19,30607.127450393,15232884.718388085,Earth
2446935,446935 (2002 XZ38),https://ssd.jpl.nasa.gov/tools/sbdb_lookup.html#/?sstr=2446935,18.25,0.5950520786,1.330576898,False,False,,,,
2446938,446938 (2002 YQ5),https://ssd.jpl.nasa.gov/tools/sbdb_lookup.html#/?sstr=2446938,20.18,0.2446554962,0.5470663205,False,False,,,,
2427778,427778 (2005 BE),https://ssd.jpl.nasa.gov/tools/sbdb_lookup.html#/?sstr=2427778,20.1,0.2538370294,0.5675968529,False,False,1914-01-22,89606.7751922078,14135095.186822759,Merc
2428223,428223 (2006 WW),https://ssd.jpl.nasa.gov/tools/sbdb_lookup.html#/?sstr=2428223,16.02,1.6617090174,3.7156943217,False,False,1907-01-05,34280.820196403,95266347.625086545,Juptr
2429073,429073 (2009 ND1),https://ssd.jpl.nasa.gov/tools/sbdb_lookup.html#/?sstr=2429073,17.23,0.9518203298,2.1283349598,False,False,1905-11-01,20204.3241744917,40583031.183317043,Earth
2429746,429746 (2011 SA16),https://ssd.jpl.nasa.gov/tools/sbdb_lookup.html#/?sstr=2429746,17.27,0.9344476509,2.0894884689,False,False,1905-11-19,25630.7006019156,213469739.30062599,Juptr
2430440,430440 (2000 OH),https://ssd.jpl.nasa.gov/tools/sbdb_lookup.html#/?sstr=2430440,17.65,0.7844314124,1.7540419619,True,False,1930-11-07,18742.4093116281,203153891.273510466,Juptr
2431698,431698 (2008 ES),https://ssd.jpl.nasa.gov/tools/sbdb_lookup.html#/?sstr=2431698,18.29,0.5841911542,1.3062911326,False,False,1907-04-22,72023.1588561701,26685483.875447049,Earth
2432226,432226 (2009 HU2),https://ssd.jpl.nasa.gov/tools/sbdb_lookup.html#/?sstr=2432226,18.62,0.5018281006,1.1221217459,False,False,1902-09-19,34634.4265865573,23062700.905649154,Earth
2433953,433953 (1997 XR2),https://ssd.jpl.nasa.gov/tools/sbdb_lookup.html#/?sstr=2433953,20.91,0.1748054532,0.3908768761,True,False,1901-06-17,17431.6882357117,16779017.585324498,Earth
2434096,434096 (2002 GO5),https://ssd.jpl.nasa.gov/tools/sbdb_lookup.html#/?sstr=2434096,18.15,0.6230960191,1.3932850552,True,False,1902-09-22,70533.3151136466,40788477.99229032,Earth
2434154,434154 (2002 SL),https://ssd.jpl.nasa.gov/tools/sbdb_lookup.html#/?sstr=2434154,19.77,0.2954982931,0.6607542706,False,False,1918-12-30,5878.0675141244,288097889.856684045,Juptr
2434188,434188 (2003 AD23),https://ssd.jpl.nasa.gov/tools/sbdb_lookup.html#/?sstr=2434188,19.09,0.4041615334,0.9037326626,True,False,1907-10-15,109668.6861946045,10508639.85859253,Merc
2434313,434313 (2004 GP),https://ssd.jpl.nasa.gov/tools/sbdb_lookup.html#/?sstr=2434313,19.4,0.3503926411,0.7835017643,False,False,1905-03-07,49830.3887267956,5661488.75475705,Merc
2434633,434633 (2005 WB1),https://ssd.jpl.nasa.gov/tools/sbdb_lookup.html#/?sstr=2434633,20.7,0.1925550782,0.4305662442,True,False,1907-05-28,52880.0960311848,9787503.505774974,Earth
2434734,434734 (2006 FX),https://ssd.jpl.nasa.gov/tools/sbdb_lookup.html#/?sstr=2434734,20.01,0.2645787599,0.5916160926,True,False,1931-03-25,63956.0892232462,6999269.233130324,Earth
2434786,434786 (2006 PW),https://ssd.jpl.nasa.gov/tools/sbdb_lookup.html#/?sstr=2434786,18.14,0.6259720997,1.3997161669,False,False,,,,
2435058,435058 (2006 XG2),https://ssd.jpl.nasa.gov/tools/sbdb_lookup.html#/?sstr=2435058,20.21,0.2412986969,0.5395602892,False,False,1911-06-15,38855.230488468,28009063.596493129,Earth
2435159,435159 (2007 LQ19),https://ssd.jpl.nasa.gov/tools/sbdb_lookup.html#/?sstr=2435159,17.13,0.99667824,2.2286402963,True,False,1908-05-09,22666.061703354,224061343.968751405,Juptr
2435404,435404 (2008 AT28),https://ssd.jpl.nasa.gov/tools/sbdb_lookup.html#/?sstr=2435404,18.63,0.4995224099,1.1169660648,False,False,1905-11-20,5479.1610465178,64005616.049596956,Earth
2435730,435730 (2008 UK90),https://ssd.jpl.nasa.gov/tools/sbdb_lookup.html#/?sstr=2435730,19.06,0.4097839804,0.9163048363,False,False,,,,
2436094,436094 (2009 SC229),https://ssd.jpl.nasa.gov/tools/sbdb_lookup.html#/?sstr=2436094,19.13,0.3967847541,0.8872376825,False,False,1921-07-09,48475.2711015454,55156213.873935169,Earth
2436116,436116 (2009 TB3),https://ssd.jpl.nasa.gov/tools/sbdb_lookup.html#/?sstr=2436116,21.21,0.152249185,0.3404395273,False,False,1909-10-19,31076.7053977512,69174889.066205676,Earth
2436671,436671 (2011 SV71),https://ssd.jpl.nasa.gov/tools/sbdb_lookup.html#/?sstr=2436671,18.0,0.6676594135,1.4929318344,True,False,1906-05-13,30521.6568526419,280295048.783346701,Juptr
2436724,436724 (2011 UW158),https://ssd.jpl.nasa.gov/tools/sbdb_lookup.html#/?sstr=2436724,19.98,0.2682594171,0.5998462923,True,False,1916-06-05,36027.6778435867,20537470.72878731,Earth
2437844,437844 (1999 MN),https://ssd.jpl.nasa.gov/tools/sbdb_lookup.html#/?sstr=2437844,21.01,0.1669379118,0.3732845187,True,False,1901-09-06,104254.5295864789,8134625.527493671,Merc
2428209,428209 (2006 VC),https://ssd.jpl.nasa.gov/tools/sbdb_lookup.html#/?sstr=2428209,20.11,0.2526707542,0.5649889822,True,False,1922-12-27,34029.6347536935,5658802.321086951,Earth
2429094,429094 (2009 SG2),https://ssd.jpl.nasa.gov/tools/sbdb_lookup.html#/?sstr=2429094,20.06,0.2585562121,0.5781492662,True,False,1901-03-21,70850.7655022999,47229761.65139446,Earth
2430552,430552 (2002 HU11),https://ssd.jpl.nasa.gov/tools/sbdb_lookup.html#/?sstr=2430552,17.95,0.6832111991,1.5277066841,False,False,1919-07-18,44644.5163134767,27200641.763421135,Earth
2430802,430802 (2004 XK4),https://ssd.jpl.nasa.gov/tools/sbdb_lookup.html#/?sstr=2430802,21.15,0.1565146436,0.3499773825,False,False,1915-11-29,17843.9734430189,70606117.918525056,Earth
2431394,431394 (2007 FS35),https://ssd.jpl.nasa.gov/tools/sbdb_lookup.html#/?sstr=2431394,19.54,0.3285148278,0.7345814866,False,False,2113-12-23,27429.649087219,3044610.539515615,Mars
2434500,434500 (2005 SB71),https://ssd.jpl.nasa.gov/tools/sbdb_lookup.html#/?sstr=2434500,21.21,0.152249185,0.3404395273,False,False,1914-10-01,44142.6133083978,22266033.785051558,Earth
2434632,434632 (2005 WE),https://ssd.jpl.nasa.gov/tools/sbdb_lookup.html#/?sstr=2434632,19.88,0.2809020939,0.6281161771,False,False,1905-07-23,33733.4417975633,23686485.591856351,Earth
2434751,434751 (2006 HV57),https://ssd.jpl.nasa.gov/tools/sbdb_lookup.html#/?sstr=2434751,18.58,0.5111577815,1.1429835468,False,False,1918-10-25,15556.2635620753,128893312.722059488,Juptr
2435138,435138 (2007 GD49),https://ssd.jpl.nasa.gov/tools/sbdb_lookup.html#/?sstr=2435138,16.87,1.1234531767,2.5121176727,False,False,,,,
2435302,435302 (2007 US6),https://ssd.jpl.nasa.gov/tools/sbdb_lookup.html#/?sstr=2435302,18.32,0.5761757511,1.2883681464,False,False,2064-02-15,43516.9883972736,9672704.179747367,Mars
2435441,435441 (2008 DJ5),https://ssd.jpl.nasa.gov/tools/sbdb_lookup.html#/?sstr=2435441,19.98,0.2682594171,0.5998462923,False,False,1907-10-11,36771.9724106604,28191758.439412781,Earth
2436035,436035 (2009 KJ22),https://ssd.jpl.nasa.gov/tools/sbdb_lookup.html#/?sstr=2436035,20.09,0.2550086879,0.5702167609,False,False,1948-07-10,24343.444719931,46952224.526455403,Earth
2436329,436329 (2010 GX62),https://ssd.jpl.nasa.gov/tools/sbdb_lookup.html#/?sstr=2436329,20.09,0.2550086879,0.5702167609,True,False,1903-05-13,90542.3417707752,41870947.819340213,Earth
2436761,436761 (2012 DN),https://ssd.jpl.nasa.gov/tools/sbdb_lookup.html#/?sstr=2436761,18.2,0.6089126221,1.3615700154,False,False,1944-08-27,60186.8235696203,15683568.093561286,Earth
2436763,436763 (2012 FN52),https://ssd.jpl.nasa.gov/tools/sbdb_lookup.html#/?sstr=2436763,18.14,0.6259720997,1.3997161669,False,False,1903-04-23,75973.846914679,17248776.753373305,Venus
2436764,436764 (2012 FB57),https://ssd.jpl.nasa.gov/tools/sbdb_lookup.html#/?sstr=2436764,19.5,0.3346223745,0.7482383761,False,False,,,,
2437316,437316 (2013 OS3),https://ssd.jpl.nasa.gov/tools/sbdb_lookup.html#/?sstr=2437316,18.48,0.5352479056,1.1968507018,False,False,1931-01-17,71772.9586589038,19176048.311671994,Earth
2437908,437908 (2001 XW266),https://ssd.jpl.nasa.gov/tools/sbdb_lookup.html#/?sstr=2437908,19.5,0.3346223745,0.7482383761,False,False,1939-03-03,31722.1436796036,9825185.98252544,Mars
2438105,438105 (2005 GO22),https://ssd.jpl.nasa.gov/tools/sbdb_lookup.html#/?sstr=2438105,18.77,0.4683332331,1.0472249454,True,False,1901-08-08,113210.90236552,18272589.165837476,Earth
2438107,438107 (2005 GY110),https://ssd.jpl.nasa.gov/tools/sbdb_lookup.html#/?sstr=2438107,18.36,0.5656593584,1.2648527775,False,False,1927-03-25,68306.0182951295,21759060.740620273,Venus
2438317,438317 (2006 JX),https://ssd.jpl.nasa.gov/tools/sbdb_lookup.html#/?sstr=2438317,19.91,0.2770479727,0.6194981001,False,False,,,,
2438452,438452 (2007 AS12),https://ssd.jpl.nasa.gov/tools/sbdb_lookup.html#/?sstr=2438452,19.25,0.3754524794,0.8395372662,False,False,1943-05-15,37023.2336544595,7363153.410885309,Mars
2438955,438955 (2010 LN14),https://ssd.jpl.nasa.gov/tools/sbdb_lookup.html#/?sstr=2438955,21.01,0.1669379118,0.3732845187,True,False,1900-02-28,51365.7859851061,3259217.121350483,Venus
2439313,439313 (2012 VE82),https://ssd.jpl.nasa.gov/tools/sbdb_lookup.html#/?sstr=2439313,19.66,0.3108529381,0.6950883007,True,False,1929-06-05,48470.5964863883,22085806.349560538,Earth
2439877,439877 (1999 XM141),https://ssd.jpl.nasa.gov/tools/sbdb_lookup.html#/?sstr=2439877,19.69,0.3065878759,0.6855513317,True,False,1904-12-18,45704.0868324466,29835427.068098375,Earth
2437905,437905 (2001 XU30),https://ssd.jpl.nasa.gov/tools/sbdb_lookup.html#/?sstr=2437905,19.98,0.2682594171,0.5998462923,True,False,1901-06-28,114014.3845431791,72308118.900584649,Earth
2441304,441304 (2008 AU26),https://ssd.jpl.nasa.gov/tools/sbdb_lookup.html#/?sstr=2441304,21.03,0.1654074158,0.3698622257,False,False,1967-12-02,12345.7369165501,12841030.527136199,Mars
2442243,442243 (2011 MD11),https://ssd.jpl.nasa.gov/tools/sbdb_lookup.html#/?sstr=2442243,18.09,0.6405528629,1.4323197447,False,False,2111-01-13,33045.4040889894,11638551.284160848,Mars
2442742,442742 (2012 WP3),https://ssd.jpl.nasa.gov/tools/sbdb_lookup.html#/?sstr=2442742,17.81,0.7287104149,1.6294460236,False,False,2034-02-01,44918.3780092242,13044158.569124476,Mars
2443103,443103 (2013 WT67),https://ssd.jpl.nasa.gov/tools/sbdb_lookup.html#/?sstr=2443103,17.97,0.6769474811,1.513700585,True,False,1914-08-18,41037.0574445168,10204097.520638304,Earth
2443880,443880 (2001 UZ16),https://ssd.jpl.nasa.gov/tools/sbdb_lookup.html#/?sstr=2443880,19.38,0.3536347843,0.7907514169,True,False,2001-09-26,35937.3492523923,29289210.298665943,Earth
2443972,443972 (2003 TN1),https://ssd.jpl.nasa.gov/tools/sbdb_lookup.html#/?sstr=2443972,19.66,0.3108529381,0.6950883007,False,False,1924-10-15,33649.6403589625,12884625.605382036,Mars
2444004,444004 (2004 AS1),https://ssd.jpl.nasa.gov/tools/sbdb_lookup.html#/?sstr=2444004,20.58,0.2034955781,0.4550299458,True,False,1901-08-12,31689.2774972861,23456729.443163601,Earth
2445267,445267 (2009 SD229),https://ssd.jpl.nasa.gov/tools/sbdb_lookup.html#/?sstr=2445267,19.57,0.3240074354,0.7245026508,False,False,,,,
2446826,446826 (2001 PE1),https://ssd.jpl.nasa.gov/tools/sbdb_lookup.html#/?sstr=2446826,18.65,0.4949427609,1.1067256584,False,False,1934-04-20,18701.5057957525,231768414.894240456,Juptr
2446833,446833 (2001 RB12),https://ssd.jpl.nasa.gov/tools/sbdb_lookup.html#/?sstr=2446833,20.95,0.1716148941,0.3837425691,False,False,1900-11-20,35682.9314756439,7734414.394248077,Venus
2446924,446924 (2002 VV17),https://ssd.jpl.nasa.gov/tools/sbdb_lookup.html#/?sstr=2446924,20.16,0.2469192656,0.5521282628,False,False,1903-09-15,47586.265804085,20915294.795103783,Earth
2446955,446955 (2003 SC11),https://ssd.jpl.nasa.gov/tools/sbdb_lookup.html#/?sstr=2446955,20.23,0.2390864572,0.5346135707,False,False,1903-09-30,80924.2999309231,60882970.683394519,Earth
2439898,439898 (2000 TG2),https://ssd.jpl.nasa.gov/tools/sbdb_lookup.html#/?sstr=2439898,19.99,0.2670268771,0.5970902489,False,False,1908-09-17,19767.749089136,61650126.332981475,Earth
2440212,440212 (2004 OB),https://ssd.jpl.nasa.gov/tools/sbdb_lookup.html#/?sstr=2440212,18.97,0.4271249851,0.9550805015,True,False,1917-09-05,47190.5966307838,27072423.837569842,Earth
2441641,441641 (2008 WZ13),https://ssd.jpl.nasa.gov/tools/sbdb_lookup.html#/?sstr=2441641,18.67,0.4904050984,1.0965791366,True,False,1905-01-29,49902.4359580068,22719910.266920761,Earth
2441823,441823 (2009 QO5),https://ssd.jpl.nasa.gov/tools/sbdb_lookup.html#/?sstr=2441823,22.11,0.100590039,0.2249261651,False,False,,,,
2441987,441987 (2010 NY65),https://ssd.jpl.nasa.gov/tools/sbdb_lookup.html#/?sstr=2441987,21.35,0.1427430515,0.3191831664,True,False,1900-11-12,53697.170323426,22511458.335934924,Earth
2442523,442523 (2011 WU95),https://ssd.jpl.nasa.gov/tools/sbdb_lookup.html#/?sstr=2442523,19.5,0.3346223745,0.7482383761,True,False,1914-09-16,36609.2181330268,20166092.595332545,Earth
2442605,442605 (2012 HY33),https://ssd.jpl.nasa.gov/tools/sbdb_lookup.html#/?sstr=2442605,19.29,0.3685996993,0.8242139842,False,False,1916-10-21,47613.8187355871,26584899.683101943,Earth
2444584,444584 (2006 UK),https://ssd.jpl.nasa.gov/tools/sbdb_lookup.html#/?sstr=2444584,20.25,0.2368944994,0.5297122041,True,False,1903-05-17,86755.0036161265,45261607.732865792,Earth
2445830,445830 (2012 CL19),https://ssd.jpl.nasa.gov/tools/sbdb_lookup.html#/?sstr=2445830,22.23,0.095182033,0.212833496,False,False,1908-11-14,44946.9798446135,12824948.606513329,Mars
2446791,446791 (1998 SJ70),https://ssd.jpl.nasa.gov/tools/sbdb_lookup.html#/?sstr=2446791,18.46,0.5402004935,1.207925025,True,False,1901-09-11,73981.009199169,14339386.023134972,Earth
2447221,447221 (2005 UO5),https://ssd.jpl.nasa.gov/tools/sbdb_lookup.html#/?sstr=2447221,20.82,0.1822027706,0.4074177807,False,False,,,,
2447903,447903 (2007 XJ20),https://ssd.jpl.nasa.gov/tools/sbdb_lookup.html#/?sstr=2447903,18.58,0.5111577815,1.1429835468,False,False,1900-05-13,58742.1804588008,45983329.417269297,Earth
2448003,448003 (2008 DE),https://ssd.jpl.nasa.gov/tools/sbdb_lookup.html#/?sstr=2448003,19.58,0.3225187565,0.7211738634,True,False,1902-05-26,37397.927494462,8531778.132287115,Earth
2448628,448628 (2010 VF1),https://ssd.jpl.nasa.gov/tools/sbdb_lookup.html#/?sstr=2448628,20.33,0.228325794,0.5105519964,False,False,1906-12-04,67402.3190394866,40403287.981171426,Earth
2448721,448721 (2011 BN24),https://ssd.jpl.nasa.gov/tools/sbdb_lookup.html#/?sstr=2448721,20.97,0.1700415193,0.3802243961,True,False,1900-04-13,38721.8965012009,5956138.110769241,Earth
